# Blender 4.5.3 LTS
# www.blender.org
mtllib Untitled.mtl
o ProtoWheel
v -0.800296 -3.218704 -0.005457
v -0.805405 -3.218521 -0.005457
v -0.810516 -3.218381 -0.005457
v -0.815628 -3.218280 -0.005457
v -0.815628 -3.219507 -0.005457
v -0.810519 -3.219199 -0.005457
v -0.805408 -3.218930 -0.005457
v -0.800296 8.202390 -0.005458
v -0.775293 8.201465 -0.005458
v -0.775293 8.203308 -0.005458
v -2.725293 8.120261 -0.005458
v -1.775406 8.163352 -0.005458
v -0.825299 8.201108 -0.005458
v -0.825299 8.201465 -0.005458
v -1.775372 8.163764 -0.005458
v -2.725293 8.120728 -0.005458
v -2.725293 -5.917740 -0.005457
v -2.577893 -5.882599 -0.005457
v -2.443280 -5.813017 -0.005457
v -2.329373 -5.713085 -0.005457
v -2.242862 -5.588677 -0.005457
v -2.188834 -5.447104 -0.005457
v -2.170462 -5.296691 -0.005457
v -2.188834 -5.146277 -0.005457
v -2.242862 -5.004706 -0.005457
v -2.329373 -4.880296 -0.005457
v -2.443280 -4.780365 -0.005457
v -2.577893 -4.710783 -0.005457
v -2.725293 -4.675644 -0.005457
v -2.725293 -4.676810 -0.005457
v -2.579968 -4.713657 -0.005457
v -2.447601 -4.784050 -0.005457
v -2.335806 -4.883939 -0.005457
v -2.251016 -5.007578 -0.005457
v -2.198108 -5.147853 -0.005457
v -2.180127 -5.296691 -0.005457
v -2.198108 -5.445529 -0.005457
v -2.251016 -5.585804 -0.005457
v -2.335806 -5.709443 -0.005457
v -2.447601 -5.809332 -0.005457
v -2.579968 -5.879726 -0.005457
v -2.725293 -5.916571 -0.005457
v 1.124701 8.120261 -0.005458
v 1.124701 -4.675644 -0.005457
v 1.138123 -4.674273 -0.005457
v 1.151572 -4.673193 -0.005457
v 1.165039 -4.672403 -0.005457
v 1.165039 8.118304 -0.005458
v -0.825299 -6.972130 -0.005457
v -0.825299 -6.971489 -0.005457
v -1.044269 -6.961241 -0.005457
v -1.265680 -6.958152 -0.005457
v -1.044278 -6.961533 -0.005457
v 1.124701 -7.056508 -0.005457
v 0.771796 -7.017997 -0.005457
v 0.395789 -6.986001 -0.005457
v 0.032529 -6.965648 -0.005457
v -0.334909 -6.958152 -0.005457
v 0.033725 -6.966083 -0.005457
v 0.405344 -6.987377 -0.005457
v 0.771704 -7.018933 -0.005457
v 1.124564 -7.057651 -0.005457
v 1.165039 -7.062561 -0.005457
v 1.165039 -5.920978 -0.005457
v 1.151572 -5.920189 -0.005457
v 1.138123 -5.919109 -0.005457
v 1.124701 -5.917740 -0.005457
v -0.775293 -6.972130 -0.005457
v -0.800296 -6.973868 -0.005457
v -0.775293 -6.975725 -0.005457
v -0.815628 -4.468131 -0.005457
v -0.810516 -4.468030 -0.005457
v -0.805405 -4.467890 -0.005457
v -0.800296 -4.467703 -0.005457
v -0.805408 -4.467478 -0.005457
v -0.810519 -4.467212 -0.005457
v -0.815628 -4.466901 -0.005457
v -0.784961 -4.466901 -0.005457
v -0.631296 -4.437332 -0.005457
v -0.489792 -4.370520 -0.005457
v -0.369318 -4.270648 -0.005457
v -0.277429 -4.143982 -0.005457
v -0.219888 -3.998459 -0.005457
v -0.200299 -3.843204 -0.005457
v -0.219888 -3.687952 -0.005457
v -0.277429 -3.542429 -0.005457
v -0.369318 -3.415763 -0.005457
v -0.489792 -3.315891 -0.005457
v -0.631296 -3.249079 -0.005457
v -0.784961 -3.219507 -0.005457
v -0.784961 -3.220209 -0.005457
v -0.633301 -3.251633 -0.005457
v -0.494022 -3.319388 -0.005457
v -0.375684 -3.419309 -0.005457
v -0.285547 -3.545264 -0.005457
v -0.229153 -3.689514 -0.005457
v -0.209961 -3.843204 -0.005457
v -0.229153 -3.996893 -0.005457
v -0.285547 -4.141147 -0.005457
v -0.375684 -4.267099 -0.005457
v -0.494022 -4.367023 -0.005457
v -0.633301 -4.434778 -0.005457
v -0.784961 -4.466202 -0.005457
v 0.074701 1.110446 -0.005458
v 0.065039 1.110446 -0.005458
v 0.065039 -1.589554 -0.005458
v 0.074701 -1.589554 -0.005458
v -1.700296 2.868286 -0.005458
v -1.651581 2.873102 -0.005458
v -1.605493 2.889606 -0.005458
v -1.564798 2.916812 -0.005458
v -1.531928 2.953089 -0.005458
v -1.508859 2.996265 -0.005458
v -1.496967 3.043750 -0.005458
v -1.496967 3.092703 -0.005458
v -1.508859 3.140189 -0.005458
v -1.531928 3.183365 -0.005458
v -1.564798 3.219641 -0.005458
v -1.605493 3.246848 -0.005458
v -1.651581 3.263355 -0.005458
v -1.700296 3.268167 -0.005458
v -1.649484 3.260330 -0.005458
v -1.602350 3.239798 -0.005458
v -1.562009 3.207929 -0.005458
v -1.531122 3.166828 -0.005458
v -1.511734 3.119214 -0.005458
v -1.505127 3.068228 -0.005458
v -1.511734 3.017243 -0.005458
v -1.531122 2.969626 -0.005458
v -1.562009 2.928525 -0.005458
v -1.602350 2.896655 -0.005458
v -1.649484 2.876123 -0.005458
v -1.670459 -2.891882 -0.005457
v -1.621744 -2.887070 -0.005457
v -1.575659 -2.870563 -0.005457
v -1.534961 -2.843357 -0.005457
v -1.502094 -2.807080 -0.005457
v -1.479022 -2.763904 -0.005457
v -1.467133 -2.716419 -0.005457
v -1.467133 -2.667465 -0.005457
v -1.479022 -2.619980 -0.005457
v -1.502094 -2.576804 -0.005457
v -1.534961 -2.540528 -0.005457
v -1.575659 -2.513321 -0.005457
v -1.621744 -2.496817 -0.005457
v -1.670459 -2.492002 -0.005457
v -1.619650 -2.499838 -0.005457
v -1.572516 -2.520371 -0.005457
v -1.532172 -2.552240 -0.005457
v -1.501288 -2.593341 -0.005457
v -1.481900 -2.640958 -0.005457
v -1.475293 -2.691944 -0.005457
v -1.481900 -2.742926 -0.005457
v -1.501288 -2.790543 -0.005457
v -1.532172 -2.831644 -0.005457
v -1.572516 -2.863513 -0.005457
v -1.619650 -2.884046 -0.005457
v -1.700296 5.027493 -0.005458
v -1.651581 5.032309 -0.005458
v -1.605493 5.048813 -0.005458
v -1.564798 5.076019 -0.005458
v -1.531928 5.112296 -0.005458
v -1.508859 5.155472 -0.005458
v -1.496967 5.202957 -0.005458
v -1.496967 5.251911 -0.005458
v -1.508859 5.299396 -0.005458
v -1.531928 5.342572 -0.005458
v -1.564798 5.378849 -0.005458
v -1.605493 5.406055 -0.005458
v -1.651581 5.422562 -0.005458
v -1.700296 5.427378 -0.005458
v -1.649484 5.419538 -0.005458
v -1.602350 5.399005 -0.005458
v -1.562009 5.367136 -0.005458
v -1.531122 5.326038 -0.005458
v -1.511734 5.278421 -0.005458
v -1.505127 5.227436 -0.005458
v -1.511734 5.176450 -0.005458
v -1.531122 5.128833 -0.005458
v -1.562009 5.087732 -0.005458
v -1.602350 5.055862 -0.005458
v -1.649484 5.035330 -0.005458
v -1.670459 -6.336044 -0.005457
v -1.621744 -6.331229 -0.005457
v -1.575659 -6.314723 -0.005457
v -1.534961 -6.287518 -0.005457
v -1.502094 -6.251239 -0.005457
v -1.479022 -6.208065 -0.005457
v -1.467133 -6.160579 -0.005457
v -1.467133 -6.111626 -0.005457
v -1.479022 -6.064139 -0.005457
v -1.502094 -6.020964 -0.005457
v -1.534961 -5.984688 -0.005457
v -1.575659 -5.957482 -0.005457
v -1.621744 -5.940976 -0.005457
v -1.670459 -5.936161 -0.005457
v -1.619650 -5.943999 -0.005457
v -1.572516 -5.964531 -0.005457
v -1.532172 -5.996399 -0.005457
v -1.501288 -6.037500 -0.005457
v -1.481900 -6.085117 -0.005457
v -1.475293 -6.136103 -0.005457
v -1.481900 -6.187088 -0.005457
v -1.501288 -6.234703 -0.005457
v -1.532172 -6.275805 -0.005457
v -1.572516 -6.307674 -0.005457
v -1.619650 -6.328207 -0.005457
v -1.700296 7.003366 -0.005458
v -1.651581 7.008182 -0.005458
v -1.605493 7.024689 -0.005458
v -1.564798 7.051896 -0.005458
v -1.531928 7.088171 -0.005458
v -1.508859 7.131348 -0.005458
v -1.496967 7.178833 -0.005458
v -1.496967 7.227787 -0.005458
v -1.508859 7.275272 -0.005458
v -1.531928 7.318448 -0.005458
v -1.564798 7.354724 -0.005458
v -1.605493 7.381931 -0.005458
v -1.651581 7.398435 -0.005458
v -1.700296 7.403251 -0.005458
v -1.649484 7.395413 -0.005458
v -1.602350 7.374881 -0.005458
v -1.562009 7.343012 -0.005458
v -1.531122 7.301911 -0.005458
v -1.511734 7.254294 -0.005458
v -1.505127 7.203309 -0.005458
v -1.511734 7.152323 -0.005458
v -1.531122 7.104709 -0.005458
v -1.562009 7.063608 -0.005458
v -1.602350 7.031739 -0.005458
v -1.649484 7.011207 -0.005458
v 0.099704 2.868286 -0.005458
v 0.148419 2.873102 -0.005458
v 0.194507 2.889606 -0.005458
v 0.235202 2.916812 -0.005458
v 0.268069 2.953089 -0.005458
v 0.291141 2.996265 -0.005458
v 0.303033 3.043750 -0.005458
v 0.303033 3.092703 -0.005458
v 0.291141 3.140189 -0.005458
v 0.268069 3.183365 -0.005458
v 0.235202 3.219641 -0.005458
v 0.194507 3.246848 -0.005458
v 0.148419 3.263355 -0.005458
v 0.099704 3.268167 -0.005458
v 0.150516 3.260330 -0.005458
v 0.197650 3.239798 -0.005458
v 0.237991 3.207929 -0.005458
v 0.268878 3.166828 -0.005458
v 0.288266 3.119214 -0.005458
v 0.294873 3.068228 -0.005458
v 0.288266 3.017243 -0.005458
v 0.268878 2.969626 -0.005458
v 0.237991 2.928525 -0.005458
v 0.197650 2.896655 -0.005458
v 0.150516 2.876123 -0.005458
v 0.069870 -2.891882 -0.005457
v 0.118585 -2.887070 -0.005457
v 0.164673 -2.870563 -0.005457
v 0.205368 -2.843357 -0.005457
v 0.238235 -2.807080 -0.005457
v 0.261307 -2.763904 -0.005457
v 0.273199 -2.716419 -0.005457
v 0.273199 -2.667465 -0.005457
v 0.261307 -2.619980 -0.005457
v 0.238235 -2.576804 -0.005457
v 0.205368 -2.540528 -0.005457
v 0.164673 -2.513321 -0.005457
v 0.118585 -2.496817 -0.005457
v 0.069870 -2.492002 -0.005457
v 0.120682 -2.499838 -0.005457
v 0.167816 -2.520371 -0.005457
v 0.208157 -2.552240 -0.005457
v 0.239044 -2.593341 -0.005457
v 0.258429 -2.640958 -0.005457
v 0.265039 -2.691944 -0.005457
v 0.258429 -2.742926 -0.005457
v 0.239044 -2.790543 -0.005457
v 0.208157 -2.831644 -0.005457
v 0.167816 -2.863513 -0.005457
v 0.120682 -2.884046 -0.005457
v 0.099704 5.027493 -0.005458
v 0.148419 5.032309 -0.005458
v 0.194507 5.048813 -0.005458
v 0.235202 5.076019 -0.005458
v 0.268069 5.112296 -0.005458
v 0.291141 5.155472 -0.005458
v 0.303033 5.202957 -0.005458
v 0.303033 5.251911 -0.005458
v 0.291141 5.299396 -0.005458
v 0.268069 5.342572 -0.005458
v 0.235202 5.378849 -0.005458
v 0.194507 5.406055 -0.005458
v 0.148419 5.422562 -0.005458
v 0.099704 5.427378 -0.005458
v 0.150516 5.419538 -0.005458
v 0.197650 5.399005 -0.005458
v 0.237991 5.367136 -0.005458
v 0.268878 5.326038 -0.005458
v 0.288266 5.278421 -0.005458
v 0.294873 5.227436 -0.005458
v 0.288266 5.176450 -0.005458
v 0.268878 5.128833 -0.005458
v 0.237991 5.087732 -0.005458
v 0.197650 5.055862 -0.005458
v 0.150516 5.035330 -0.005458
v 0.069870 -6.336044 -0.005457
v 0.118585 -6.331229 -0.005457
v 0.164673 -6.314723 -0.005457
v 0.205368 -6.287518 -0.005457
v 0.238235 -6.251239 -0.005457
v 0.261307 -6.208065 -0.005457
v 0.273199 -6.160579 -0.005457
v 0.273199 -6.111626 -0.005457
v 0.261307 -6.064139 -0.005457
v 0.238235 -6.020964 -0.005457
v 0.205368 -5.984688 -0.005457
v 0.164673 -5.957482 -0.005457
v 0.118585 -5.940976 -0.005457
v 0.069870 -5.936161 -0.005457
v 0.120682 -5.943999 -0.005457
v 0.167816 -5.964531 -0.005457
v 0.208157 -5.996399 -0.005457
v 0.239044 -6.037500 -0.005457
v 0.258429 -6.085117 -0.005457
v 0.265039 -6.136103 -0.005457
v 0.258429 -6.187088 -0.005457
v 0.239044 -6.234703 -0.005457
v 0.208157 -6.275805 -0.005457
v 0.167816 -6.307674 -0.005457
v 0.120682 -6.328207 -0.005457
v 0.099704 7.003366 -0.005458
v 0.148419 7.008182 -0.005458
v 0.194507 7.024689 -0.005458
v 0.235202 7.051896 -0.005458
v 0.268069 7.088171 -0.005458
v 0.291141 7.131348 -0.005458
v 0.303033 7.178833 -0.005458
v 0.303033 7.227787 -0.005458
v 0.291141 7.275272 -0.005458
v 0.268069 7.318448 -0.005458
v 0.235202 7.354724 -0.005458
v 0.194507 7.381931 -0.005458
v 0.148419 7.398435 -0.005458
v 0.099704 7.403251 -0.005458
v 0.150516 7.395413 -0.005458
v 0.197650 7.374881 -0.005458
v 0.237991 7.343012 -0.005458
v 0.268878 7.301911 -0.005458
v 0.288266 7.254294 -0.005458
v 0.294873 7.203309 -0.005458
v 0.288266 7.152323 -0.005458
v 0.268878 7.104709 -0.005458
v 0.237991 7.063608 -0.005458
v 0.197650 7.031739 -0.005458
v 0.150516 7.011207 -0.005458
v 7.874873 -0.296692 0.044542
v 7.852765 -0.079288 0.044542
v 7.787348 0.129214 0.044542
v 7.681299 0.320279 0.044542
v 7.538960 0.486084 0.044542
v 7.366154 0.619846 0.044542
v 7.169962 0.716083 0.044542
v 6.958414 0.770856 0.044542
v 6.740174 0.781924 0.044542
v 6.524170 0.748831 0.044542
v 6.319248 0.672937 0.044542
v 6.133799 0.557346 0.044542
v 5.975415 0.406790 0.044542
v 5.850580 0.227435 0.044542
v 5.764402 0.026620 0.044542
v 5.720414 -0.187430 0.044542
v 5.720414 -0.405954 0.044542
v 5.764402 -0.620004 0.044542
v 5.850580 -0.820816 0.044542
v 5.975415 -1.000174 0.044542
v 6.133799 -1.150729 0.044542
v 6.319248 -1.266321 0.044542
v 6.524170 -1.342215 0.044542
v 6.740174 -1.375305 0.044542
v 6.958414 -1.364236 0.044542
v 7.169962 -1.309464 0.044542
v 7.366154 -1.213226 0.044542
v 7.538960 -1.079468 0.044542
v 7.681299 -0.913660 0.044542
v 7.787348 -0.722595 0.044542
v 7.852765 -0.514093 0.044542
v 7.874873 -0.296692 0.244542
v 7.852765 -0.514093 0.244542
v 7.787348 -0.722595 0.244542
v 7.681299 -0.913660 0.244542
v 7.538960 -1.079468 0.244542
v 7.366154 -1.213226 0.244542
v 7.169962 -1.309464 0.244542
v 6.958414 -1.364236 0.244542
v 6.740174 -1.375305 0.244542
v 6.524170 -1.342215 0.244542
v 6.319248 -1.266321 0.244542
v 6.133799 -1.150729 0.244542
v 5.975415 -1.000174 0.244542
v 5.850580 -0.820816 0.244542
v 5.764402 -0.620004 0.244542
v 5.720414 -0.405954 0.244542
v 5.720414 -0.187430 0.244542
v 5.764402 0.026621 0.244542
v 5.850580 0.227435 0.244542
v 5.975415 0.406790 0.244542
v 6.133799 0.557346 0.244542
v 6.319248 0.672937 0.244542
v 6.524170 0.748831 0.244542
v 6.740174 0.781924 0.244542
v 6.958414 0.770856 0.244542
v 7.169962 0.716083 0.244542
v 7.366154 0.619846 0.244542
v 7.538960 0.486084 0.244542
v 7.681299 0.320279 0.244542
v 7.787348 0.129215 0.244542
v 7.852765 -0.079288 0.244542
v 8.014874 -0.296692 0.044542
v 7.992826 -0.527579 0.044542
v 7.927481 -0.750119 0.044542
v 7.821204 -0.956271 0.044542
v 7.677829 -1.138586 0.044542
v 7.502542 -1.290473 0.044542
v 7.301679 -1.406442 0.044542
v 7.082499 -1.482300 0.044542
v 6.852924 -1.515308 0.044542
v 6.621250 -1.504272 0.044542
v 6.395850 -1.449591 0.044542
v 6.184873 -1.353241 0.044542
v 5.995944 -1.218704 0.044542
v 5.835889 -1.050845 0.044542
v 5.710495 -0.855728 0.044542
v 5.624292 -0.640405 0.044542
v 5.580399 -0.412659 0.044542
v 5.580399 -0.180722 0.044542
v 5.624292 0.047021 0.044542
v 5.710495 0.262344 0.044542
v 5.835889 0.457465 0.044542
v 5.995944 0.625324 0.044542
v 6.184873 0.759860 0.044542
v 6.395850 0.856210 0.044542
v 6.621250 0.910892 0.044542
v 6.852924 0.921927 0.044542
v 7.082499 0.888919 0.044542
v 7.301679 0.813062 0.044542
v 7.502542 0.697092 0.044542
v 7.677829 0.545206 0.044542
v 7.821204 0.362891 0.044542
v 7.927481 0.156738 0.044542
v 7.992826 -0.065805 0.044542
v 8.014874 -0.296692 0.244542
v 7.992826 -0.065805 0.244542
v 7.927481 0.156738 0.244542
v 7.821204 0.362891 0.244542
v 7.677829 0.545206 0.244542
v 7.502542 0.697092 0.244542
v 7.301679 0.813062 0.244542
v 7.082499 0.888919 0.244542
v 6.852924 0.921927 0.244542
v 6.621250 0.910892 0.244542
v 6.395850 0.856210 0.244542
v 6.184873 0.759860 0.244542
v 5.995944 0.625324 0.244542
v 5.835889 0.457465 0.244542
v 5.710495 0.262344 0.244542
v 5.624292 0.047022 0.244542
v 5.580399 -0.180722 0.244542
v 5.580399 -0.412659 0.244542
v 5.624292 -0.640405 0.244542
v 5.710495 -0.855728 0.244542
v 5.835889 -1.050845 0.244542
v 5.995944 -1.218704 0.244542
v 6.184873 -1.353241 0.244542
v 6.395850 -1.449591 0.244542
v 6.621250 -1.504272 0.244542
v 6.852924 -1.515308 0.244542
v 7.082499 -1.482300 0.244542
v 7.301679 -1.406442 0.244542
v 7.502542 -1.290473 0.244542
v 7.677829 -1.138586 0.244542
v 7.821204 -0.956271 0.244542
v 7.927481 -0.750119 0.244542
v 7.992826 -0.527579 0.244542
v 7.594874 -0.296692 0.244542
v 7.573309 -0.481183 0.244542
v 7.509778 -0.655731 0.244542
v 7.407709 -0.810922 0.244542
v 7.272602 -0.938388 0.244542
v 7.111737 -1.031265 0.244542
v 6.933793 -1.084537 0.244542
v 6.748358 -1.095337 0.244542
v 6.565430 -1.063083 0.244542
v 6.394874 -0.989511 0.244542
v 6.245881 -0.878589 0.244542
v 6.126483 -0.736298 0.244542
v 6.043118 -0.570306 0.244542
v 6.000284 -0.389566 0.244542
v 6.000284 -0.203818 0.244542
v 6.043118 -0.023074 0.244542
v 6.126483 0.142917 0.244542
v 6.245881 0.285208 0.244542
v 6.394874 0.396130 0.244542
v 6.565430 0.469702 0.244542
v 6.748358 0.501956 0.244542
v 6.933793 0.491156 0.244542
v 7.111737 0.437881 0.244542
v 7.272602 0.345007 0.244542
v 7.407709 0.217538 0.244542
v 7.509778 0.062347 0.244542
v 7.573309 -0.112198 0.244542
v 5.560608 7.058798 0.244542
v 5.552942 7.117032 0.244542
v 5.530463 7.171299 0.244542
v 5.494706 7.217896 0.244542
v 5.448108 7.253654 0.244542
v 5.393842 7.276133 0.244542
v 5.335608 7.283799 0.244542
v 5.277374 7.276133 0.244542
v 5.223108 7.253654 0.244542
v 5.176507 7.217896 0.244542
v 5.140750 7.171299 0.244542
v 5.118274 7.117032 0.244542
v 5.110608 7.058798 0.244542
v 5.118274 7.000565 0.244542
v 5.140750 6.946299 0.244542
v 5.176507 6.899698 0.244542
v 5.223108 6.863944 0.244542
v 5.277374 6.841465 0.244542
v 5.335608 6.833798 0.244542
v 5.393842 6.841465 0.244542
v 5.448108 6.863944 0.244542
v 5.494706 6.899698 0.244542
v 5.530463 6.946299 0.244542
v 5.552942 7.000565 0.244542
v 5.560608 7.058798 -0.255458
v 5.552942 7.000565 -0.255458
v 5.530463 6.946299 -0.255458
v 5.494706 6.899698 -0.255458
v 5.448108 6.863944 -0.255458
v 5.393842 6.841465 -0.255458
v 5.335608 6.833798 -0.255458
v 5.277374 6.841465 -0.255458
v 5.223108 6.863944 -0.255458
v 5.176507 6.899698 -0.255458
v 5.140750 6.946299 -0.255458
v 5.118274 7.000565 -0.255458
v 5.110608 7.058798 -0.255458
v 5.118274 7.117032 -0.255458
v 5.140750 7.171299 -0.255458
v 5.176507 7.217896 -0.255458
v 5.223108 7.253654 -0.255458
v 5.277374 7.276133 -0.255458
v 5.335608 7.283799 -0.255458
v 5.393842 7.276133 -0.255458
v 5.448108 7.253654 -0.255458
v 5.494706 7.217896 -0.255458
v 5.530463 7.171299 -0.255458
v 5.552942 7.117032 -0.255458
v 4.222885 4.213031 0.244542
v 4.215219 4.271265 0.244542
v 4.192740 4.325531 0.244542
v 4.156985 4.372131 0.244542
v 4.110385 4.407886 0.244542
v 4.056119 4.430365 0.244542
v 3.997885 4.438031 0.244542
v 3.939652 4.430365 0.244542
v 3.885386 4.407886 0.244542
v 3.838785 4.372131 0.244542
v 3.803030 4.325531 0.244542
v 3.780551 4.271265 0.244542
v 3.772885 4.213031 0.244542
v 3.780551 4.154798 0.244542
v 3.803030 4.100532 0.244542
v 3.838785 4.053931 0.244542
v 3.885386 4.018177 0.244542
v 3.939652 3.995697 0.244542
v 3.997885 3.988031 0.244542
v 4.056119 3.995697 0.244542
v 4.110385 4.018177 0.244542
v 4.156985 4.053931 0.244542
v 4.192740 4.100532 0.244542
v 4.215219 4.154798 0.244542
v 4.222885 4.213031 -0.255458
v 4.215219 4.154798 -0.255458
v 4.192740 4.100532 -0.255458
v 4.156985 4.053931 -0.255458
v 4.110385 4.018177 -0.255458
v 4.056119 3.995697 -0.255458
v 3.997885 3.988031 -0.255458
v 3.939652 3.995697 -0.255458
v 3.885386 4.018177 -0.255458
v 3.838785 4.053931 -0.255458
v 3.803030 4.100532 -0.255458
v 3.780551 4.154798 -0.255458
v 3.772885 4.213031 -0.255458
v 3.780551 4.271265 -0.255458
v 3.803030 4.325531 -0.255458
v 3.838785 4.372131 -0.255458
v 3.885386 4.407886 -0.255458
v 3.939652 4.430365 -0.255458
v 3.997885 4.438031 -0.255458
v 4.056119 4.430365 -0.255458
v 4.110385 4.407886 -0.255458
v 4.156985 4.372131 -0.255458
v 4.192740 4.325531 -0.255458
v 4.215219 4.271265 -0.255458
v 2.635382 1.503308 0.244542
v 2.627716 1.561545 0.244542
v 2.605237 1.615808 0.244542
v 2.569483 1.662409 0.244542
v 2.522882 1.698166 0.244542
v 2.468616 1.720642 0.244542
v 2.410382 1.728308 0.244542
v 2.352149 1.720642 0.244542
v 2.297882 1.698166 0.244542
v 2.251285 1.662409 0.244542
v 2.215527 1.615808 0.244542
v 2.193048 1.561545 0.244542
v 2.185382 1.503308 0.244542
v 2.193048 1.445075 0.244542
v 2.215527 1.390808 0.244542
v 2.251285 1.344211 0.244542
v 2.297882 1.308453 0.244542
v 2.352149 1.285977 0.244542
v 2.410382 1.278308 0.244542
v 2.468616 1.285977 0.244542
v 2.522882 1.308453 0.244542
v 2.569483 1.344211 0.244542
v 2.605237 1.390808 0.244542
v 2.627716 1.445075 0.244542
v 2.635382 1.503308 -0.255458
v 2.627716 1.445075 -0.255458
v 2.605237 1.390808 -0.255458
v 2.569483 1.344211 -0.255458
v 2.522882 1.308453 -0.255458
v 2.468616 1.285977 -0.255458
v 2.410382 1.278308 -0.255458
v 2.352149 1.285977 -0.255458
v 2.297882 1.308453 -0.255458
v 2.251285 1.344211 -0.255458
v 2.215527 1.390808 -0.255458
v 2.193048 1.445075 -0.255458
v 2.185382 1.503308 -0.255458
v 2.193048 1.561545 -0.255458
v 2.215527 1.615808 -0.255458
v 2.251285 1.662409 -0.255458
v 2.297882 1.698166 -0.255458
v 2.352149 1.720642 -0.255458
v 2.410382 1.728308 -0.255458
v 2.468616 1.720642 -0.255458
v 2.522882 1.698166 -0.255458
v 2.569483 1.662409 -0.255458
v 2.605237 1.615808 -0.255458
v 2.627716 1.561545 -0.255458
v 12.297886 -5.286969 0.244543
v 12.287663 -5.209323 0.244543
v 12.257693 -5.136969 0.244543
v 12.210016 -5.074837 0.244543
v 12.147885 -5.027161 0.244543
v 12.075531 -4.997191 0.244543
v 11.997886 -4.986969 0.244543
v 11.920239 -4.997191 0.244543
v 11.847886 -5.027161 0.244543
v 11.785755 -5.074837 0.244543
v 11.738077 -5.136969 0.244543
v 11.708109 -5.209323 0.244543
v 11.697886 -5.286969 0.244543
v 11.708109 -5.364615 0.244543
v 11.738077 -5.436969 0.244543
v 11.785755 -5.499102 0.244543
v 11.847886 -5.546778 0.244543
v 11.920239 -5.576747 0.244543
v 11.997886 -5.586969 0.244543
v 12.075531 -5.576747 0.244543
v 12.147885 -5.546778 0.244543
v 12.210016 -5.499102 0.244543
v 12.257693 -5.436969 0.244543
v 12.287663 -5.364615 0.244543
v 12.297886 -5.286969 -0.255457
v 12.287663 -5.364615 -0.255457
v 12.257693 -5.436969 -0.255457
v 12.210016 -5.499102 -0.255457
v 12.147885 -5.546778 -0.255457
v 12.075531 -5.576747 -0.255457
v 11.997886 -5.586969 -0.255457
v 11.920239 -5.576747 -0.255457
v 11.847886 -5.546778 -0.255457
v 11.785755 -5.499102 -0.255457
v 11.738077 -5.436969 -0.255457
v 11.708109 -5.364615 -0.255457
v 11.697886 -5.286969 -0.255457
v 11.708109 -5.209323 -0.255457
v 11.738077 -5.136969 -0.255457
v 11.785755 -5.074837 -0.255457
v 11.847886 -5.027161 -0.255457
v 11.920239 -4.997191 -0.255457
v 11.997886 -4.986969 -0.255457
v 12.075531 -4.997191 -0.255457
v 12.147885 -5.027161 -0.255457
v 12.210016 -5.074837 -0.255457
v 12.257693 -5.136969 -0.255457
v 12.287663 -5.209323 -0.255457
v 10.997886 -7.786969 0.244543
v 10.987662 -7.709323 0.244543
v 10.957694 -7.636970 0.244543
v 10.910016 -7.574837 0.244543
v 10.847886 -7.527163 0.244543
v 10.775532 -7.497191 0.244543
v 10.697886 -7.486969 0.244543
v 10.620240 -7.497191 0.244543
v 10.547885 -7.527163 0.244543
v 10.485755 -7.574837 0.244543
v 10.438077 -7.636970 0.244543
v 10.408109 -7.709323 0.244543
v 10.397885 -7.786969 0.244543
v 10.408109 -7.864615 0.244543
v 10.438077 -7.936969 0.244543
v 10.485755 -7.999101 0.244543
v 10.547885 -8.046778 0.244543
v 10.620240 -8.076748 0.244543
v 10.697886 -8.086969 0.244543
v 10.775532 -8.076748 0.244543
v 10.847886 -8.046778 0.244543
v 10.910016 -7.999101 0.244543
v 10.957694 -7.936969 0.244543
v 10.987662 -7.864615 0.244543
v 10.997886 -7.786969 -0.255457
v 10.987662 -7.864615 -0.255457
v 10.957694 -7.936969 -0.255457
v 10.910016 -7.999101 -0.255457
v 10.847886 -8.046778 -0.255457
v 10.775532 -8.076748 -0.255457
v 10.697886 -8.086969 -0.255457
v 10.620240 -8.076748 -0.255457
v 10.547885 -8.046778 -0.255457
v 10.485755 -7.999101 -0.255457
v 10.438077 -7.936969 -0.255457
v 10.408109 -7.864615 -0.255457
v 10.397885 -7.786969 -0.255457
v 10.408109 -7.709323 -0.255457
v 10.438077 -7.636970 -0.255457
v 10.485755 -7.574837 -0.255457
v 10.547885 -7.527163 -0.255457
v 10.620240 -7.497191 -0.255457
v 10.697886 -7.486969 -0.255457
v 10.775532 -7.497191 -0.255457
v 10.847886 -7.527163 -0.255457
v 10.910016 -7.574837 -0.255457
v 10.957694 -7.636970 -0.255457
v 10.987662 -7.709323 -0.255457
v 11.897886 2.513031 0.244542
v 11.908109 2.435385 0.244542
v 11.938077 2.363031 0.244542
v 11.985755 2.300900 0.244542
v 12.047885 2.253223 0.244542
v 12.120240 2.223254 0.244542
v 12.197886 2.213031 0.244542
v 12.275532 2.223254 0.244542
v 12.347886 2.253223 0.244542
v 12.410016 2.300900 0.244542
v 12.457694 2.363031 0.244542
v 12.487662 2.435385 0.244542
v 12.497886 2.513031 0.244542
v 12.487662 2.590677 0.244542
v 12.457694 2.663031 0.244542
v 12.410016 2.725162 0.244542
v 12.347886 2.772840 0.244542
v 12.275532 2.802808 0.244542
v 12.197886 2.813031 0.244542
v 12.120240 2.802808 0.244542
v 12.047885 2.772840 0.244542
v 11.985755 2.725162 0.244542
v 11.938077 2.663031 0.244542
v 11.908109 2.590677 0.244542
v 11.897886 2.513031 -0.255458
v 11.908109 2.590677 -0.255458
v 11.938077 2.663031 -0.255458
v 11.985755 2.725162 -0.255458
v 12.047885 2.772840 -0.255458
v 12.120240 2.802808 -0.255458
v 12.197886 2.813031 -0.255458
v 12.275532 2.802808 -0.255458
v 12.347886 2.772840 -0.255458
v 12.410016 2.725162 -0.255458
v 12.457694 2.663031 -0.255458
v 12.487662 2.590677 -0.255458
v 12.497886 2.513031 -0.255458
v 12.487662 2.435385 -0.255458
v 12.457694 2.363031 -0.255458
v 12.410016 2.300900 -0.255458
v 12.347886 2.253223 -0.255458
v 12.275532 2.223254 -0.255458
v 12.197886 2.213031 -0.255458
v 12.120240 2.223254 -0.255458
v 12.047885 2.253223 -0.255458
v 11.985755 2.300900 -0.255458
v 11.938077 2.363031 -0.255458
v 11.908109 2.435385 -0.255458
v 12.297886 -0.786969 0.244542
v 12.308109 -0.864615 0.244542
v 12.338078 -0.936969 0.244542
v 12.385755 -0.999100 0.244542
v 12.447886 -1.046777 0.244542
v 12.520240 -1.076746 0.244542
v 12.597886 -1.086969 0.244542
v 12.675531 -1.076746 0.244542
v 12.747886 -1.046777 0.244542
v 12.810018 -0.999100 0.244542
v 12.857694 -0.936969 0.244542
v 12.887663 -0.864615 0.244542
v 12.897886 -0.786969 0.244542
v 12.887663 -0.709323 0.244542
v 12.857694 -0.636969 0.244542
v 12.810018 -0.574838 0.244542
v 12.747886 -0.527161 0.244542
v 12.675531 -0.497192 0.244542
v 12.597886 -0.486969 0.244542
v 12.520240 -0.497192 0.244542
v 12.447886 -0.527161 0.244542
v 12.385755 -0.574838 0.244542
v 12.338078 -0.636969 0.244542
v 12.308109 -0.709323 0.244542
v 12.297886 -0.786969 -0.255458
v 12.308109 -0.709323 -0.255458
v 12.338078 -0.636969 -0.255458
v 12.385755 -0.574838 -0.255458
v 12.447886 -0.527161 -0.255458
v 12.520240 -0.497192 -0.255458
v 12.597886 -0.486969 -0.255458
v 12.675531 -0.497192 -0.255458
v 12.747886 -0.527161 -0.255458
v 12.810018 -0.574838 -0.255458
v 12.857694 -0.636969 -0.255458
v 12.887663 -0.709323 -0.255458
v 12.897886 -0.786969 -0.255458
v 12.887663 -0.864615 -0.255458
v 12.857694 -0.936969 -0.255458
v 12.810018 -0.999100 -0.255458
v 12.747886 -1.046777 -0.255458
v 12.675531 -1.076746 -0.255458
v 12.597886 -1.086969 -0.255458
v 12.520240 -1.076746 -0.255458
v 12.447886 -1.046777 -0.255458
v 12.385755 -0.999100 -0.255458
v 12.338078 -0.936969 -0.255458
v 12.308109 -0.864615 -0.255458
v -0.775293 -6.971489 -0.005457
v -0.775293 -6.971489 -0.255457
v -0.576450 -6.961863 -0.255457
v -0.365067 -6.958189 -0.255457
v -0.141135 -6.960486 -0.255457
v 0.095343 -6.968776 -0.255457
v 0.344324 -6.983090 -0.255457
v 0.605719 -7.003465 -0.255457
v 0.879370 -7.029943 -0.255457
v 1.165039 -7.062561 -0.255457
v 1.584021 -7.118563 -0.255457
v 2.024441 -7.186771 -0.255457
v 2.484369 -7.267285 -0.255457
v 2.961209 -7.360177 -0.255457
v 3.451578 -7.465480 -0.255457
v 3.951306 -7.583171 -0.255457
v 4.455606 -7.713115 -0.255457
v 4.959271 -7.855016 -0.255457
v 5.456894 -8.008353 -0.255457
v 5.943076 -8.172329 -0.255457
v 6.412653 -8.345806 -0.255457
v 6.860892 -8.527250 -0.255457
v 7.283729 -8.714655 -0.255457
v 7.677970 -8.905487 -0.255457
v 8.041511 -9.096628 -0.255457
v 8.373599 -9.284272 -0.255457
v 8.675074 -9.463871 -0.255457
v 8.948382 -9.630160 -0.255457
v 9.197440 -9.777306 -0.255457
v 9.427171 -9.899187 -0.255457
v 9.643073 -9.989696 -0.255457
v 9.850812 -10.043003 -0.255457
v 9.953342 -10.054028 -0.255457
v 10.055830 -10.053837 -0.255457
v 10.158841 -10.041910 -0.255457
v 10.262885 -10.017797 -0.255457
v 10.368415 -9.981103 -0.255457
v 10.475824 -9.931496 -0.255457
v 10.585453 -9.868700 -0.255457
v 10.697596 -9.792489 -0.255457
v 10.812491 -9.702684 -0.255457
v 10.930345 -9.599145 -0.255457
v 11.051325 -9.481765 -0.255457
v 11.175566 -9.350468 -0.255457
v 11.303168 -9.205207 -0.255457
v 11.434216 -9.045953 -0.255457
v 11.568766 -8.872695 -0.255457
v 11.706851 -8.685437 -0.255457
v 11.848495 -8.484194 -0.255457
v 11.993713 -8.268978 -0.255457
v 12.142506 -8.039806 -0.255457
v 12.294873 -7.796690 -0.255457
v 12.294873 -7.796690 0.244543
v 12.142506 -8.039806 0.244543
v 11.993713 -8.268978 0.244543
v 11.848495 -8.484194 0.244543
v 11.706851 -8.685437 0.244543
v 11.568766 -8.872695 0.244543
v 11.434216 -9.045953 0.244543
v 11.303168 -9.205207 0.244543
v 11.175566 -9.350468 0.244543
v 11.051325 -9.481765 0.244543
v 10.930345 -9.599145 0.244543
v 10.812491 -9.702684 0.244543
v 10.697596 -9.792489 0.244543
v 10.585453 -9.868700 0.244543
v 10.475824 -9.931496 0.244543
v 10.368415 -9.981103 0.244543
v 10.262885 -10.017797 0.244543
v 10.158841 -10.041910 0.244543
v 10.055830 -10.053837 0.244543
v 9.953342 -10.054028 0.244543
v 9.850812 -10.043003 0.244543
v 9.643073 -9.989696 0.244543
v 9.427171 -9.899187 0.244543
v 9.197440 -9.777306 0.244543
v 8.948382 -9.630160 0.244543
v 8.675074 -9.463871 0.244543
v 8.373599 -9.284272 0.244543
v 8.041511 -9.096628 0.244543
v 7.677970 -8.905487 0.244543
v 7.283729 -8.714655 0.244543
v 6.860892 -8.527250 0.244543
v 6.412653 -8.345806 0.244543
v 5.943076 -8.172329 0.244543
v 5.456894 -8.008353 0.244543
v 4.959271 -7.855016 0.244543
v 4.455606 -7.713115 0.244543
v 3.951306 -7.583171 0.244543
v 3.451578 -7.465480 0.244543
v 2.961209 -7.360177 0.244543
v 2.484369 -7.267285 0.244543
v 2.024441 -7.186771 0.244543
v 1.584021 -7.118563 0.244543
v 1.165039 -7.062561 0.244543
v -0.556320 -6.961241 -0.005457
v 10.781096 1.597141 0.244542
v 10.790753 1.730176 0.244542
v 10.782230 1.886643 0.244542
v 10.760764 2.068967 0.244542
v 10.728821 2.276791 0.244542
v 10.686393 2.507337 0.244542
v 10.632151 2.756274 0.244542
v 10.563953 3.018225 0.244542
v 10.478937 3.286975 0.244542
v 10.373862 3.555853 0.244542
v 10.245646 3.818222 0.244542
v 10.091840 4.067960 0.244542
v 9.910980 4.299808 0.244542
v 9.702763 4.509601 0.244542
v 9.468002 4.694226 0.244542
v 9.208514 4.851526 0.244542
v 8.926996 4.980204 0.244542
v 8.626862 5.079694 0.244542
v 8.312135 5.150067 0.244542
v 7.987320 5.191935 0.244542
v 7.657282 5.206345 0.244542
v 7.327103 5.194669 0.244542
v 7.001971 5.158524 0.244542
v 6.687061 5.099652 0.244542
v 6.387384 5.019840 0.244542
v 6.107682 4.920789 0.244542
v 5.852310 4.804065 0.244542
v 5.625171 4.671103 0.244542
v 5.429664 4.523227 0.244542
v 5.268641 4.361695 0.244542
v 5.144373 4.187757 0.244542
v 5.058502 4.002698 0.244542
v 5.011988 3.807868 0.244542
v 5.005063 3.604743 0.244542
v 5.037189 3.394965 0.244542
v 5.107013 3.180374 0.244542
v 5.212357 2.963053 0.244542
v 5.350327 2.745255 0.244542
v 5.517459 2.529379 0.244542
v 5.709864 2.317883 0.244542
v 5.923380 2.113233 0.244542
v 6.153705 1.917844 0.244542
v 6.396555 1.734012 0.244542
v 6.647800 1.563861 0.244542
v 6.903605 1.409281 0.244542
v 7.160578 1.271860 0.244542
v 7.415927 1.152829 0.244542
v 7.667612 1.052988 0.244542
v 7.914404 0.972672 0.244542
v 8.155903 0.911737 0.244542
v 8.392295 0.869629 0.244542
v 8.624130 0.845468 0.244542
v 8.852039 0.838095 0.244542
v 9.076499 0.846146 0.244542
v 9.297638 0.868131 0.244542
v 9.515024 0.902518 0.244542
v 9.727360 0.947775 0.244542
v 9.932123 1.002402 0.244542
v 10.125504 1.065036 0.244542
v 10.302607 1.134671 0.244542
v 10.457911 1.210776 0.244542
v 10.586001 1.293372 0.244542
v 10.682724 1.383353 0.244542
v 10.718794 1.431808 0.244542
v 10.746881 1.483191 0.244542
v 10.781096 1.597141 -0.255458
v 10.746881 1.483191 -0.255458
v 10.718794 1.431808 -0.255458
v 10.682724 1.383353 -0.255458
v 10.586001 1.293372 -0.255458
v 10.457911 1.210776 -0.255458
v 10.302607 1.134671 -0.255458
v 10.125504 1.065036 -0.255458
v 9.932123 1.002402 -0.255458
v 9.727360 0.947775 -0.255458
v 9.515024 0.902518 -0.255458
v 9.297638 0.868131 -0.255458
v 9.076499 0.846146 -0.255458
v 8.852039 0.838095 -0.255458
v 8.624130 0.845468 -0.255458
v 8.392295 0.869629 -0.255458
v 8.155903 0.911737 -0.255458
v 7.914404 0.972672 -0.255458
v 7.667612 1.052988 -0.255458
v 7.415927 1.152829 -0.255458
v 7.160578 1.271860 -0.255458
v 6.903605 1.409281 -0.255458
v 6.647800 1.563861 -0.255458
v 6.396555 1.734012 -0.255458
v 6.153705 1.917844 -0.255458
v 5.923380 2.113233 -0.255458
v 5.709864 2.317883 -0.255458
v 5.517459 2.529379 -0.255458
v 5.350327 2.745255 -0.255458
v 5.212357 2.963053 -0.255458
v 5.107013 3.180374 -0.255458
v 5.037189 3.394965 -0.255458
v 5.005063 3.604743 -0.255458
v 5.011988 3.807868 -0.255458
v 5.058502 4.002698 -0.255458
v 5.144373 4.187757 -0.255458
v 5.268641 4.361695 -0.255458
v 5.429664 4.523227 -0.255458
v 5.625171 4.671103 -0.255458
v 5.852310 4.804065 -0.255458
v 6.107682 4.920789 -0.255458
v 6.387384 5.019840 -0.255458
v 6.687061 5.099652 -0.255458
v 7.001971 5.158524 -0.255458
v 7.327103 5.194669 -0.255458
v 7.657282 5.206345 -0.255458
v 7.987320 5.191935 -0.255458
v 8.312135 5.150067 -0.255458
v 8.626862 5.079694 -0.255458
v 8.926996 4.980204 -0.255458
v 9.208514 4.851526 -0.255458
v 9.468002 4.694226 -0.255458
v 9.702763 4.509601 -0.255458
v 9.910980 4.299808 -0.255458
v 10.091840 4.067960 -0.255458
v 10.245646 3.818222 -0.255458
v 10.373862 3.555853 -0.255458
v 10.478937 3.286975 -0.255458
v 10.563953 3.018225 -0.255458
v 10.632151 2.756274 -0.255458
v 10.686393 2.507337 -0.255458
v 10.728821 2.276791 -0.255458
v 10.760764 2.068967 -0.255458
v 10.782230 1.886643 -0.255458
v 10.790753 1.730176 -0.255458
v 9.619874 6.003308 -0.255458
v 9.598578 5.841547 -0.255458
v 9.536139 5.690808 -0.255458
v 9.436817 5.561368 -0.255458
v 9.307373 5.462043 -0.255458
v 9.156634 5.399607 -0.255458
v 8.994874 5.378308 -0.255458
v 8.833112 5.399607 -0.255458
v 8.682373 5.462043 -0.255458
v 8.552934 5.561368 -0.255458
v 8.453608 5.690808 -0.255458
v 8.391169 5.841547 -0.255458
v 8.369873 6.003308 -0.255458
v 8.391169 6.165070 -0.255458
v 8.453608 6.315809 -0.255458
v 8.552934 6.445251 -0.255458
v 8.682373 6.544574 -0.255458
v 8.833112 6.607013 -0.255458
v 8.994874 6.628308 -0.255458
v 9.156634 6.607013 -0.255458
v 9.307373 6.544574 -0.255458
v 9.436817 6.445251 -0.255458
v 9.536139 6.315809 -0.255458
v 9.598578 6.165070 -0.255458
v 9.619874 6.003308 0.244542
v 9.598578 6.165070 0.244542
v 9.536139 6.315809 0.244542
v 9.436817 6.445251 0.244542
v 9.307373 6.544574 0.244542
v 9.156634 6.607013 0.244542
v 8.994874 6.628308 0.244542
v 8.833112 6.607013 0.244542
v 8.682373 6.544574 0.244542
v 8.552934 6.445251 0.244542
v 8.453608 6.315809 0.244542
v 8.391169 6.165070 0.244542
v 8.369873 6.003308 0.244542
v 8.391169 5.841547 0.244542
v 8.453608 5.690808 0.244542
v 8.552934 5.561368 0.244542
v 8.682373 5.462043 0.244542
v 8.833112 5.399607 0.244542
v 8.994874 5.378308 0.244542
v 9.156634 5.399607 0.244542
v 9.307373 5.462043 0.244542
v 9.436817 5.561368 0.244542
v 9.536139 5.690808 0.244542
v 9.598578 5.841547 0.244542
v 3.994873 -1.296692 -0.255458
v 3.973605 -1.539798 -0.255458
v 3.910443 -1.775519 -0.255458
v 3.807309 -1.996692 -0.255458
v 3.667334 -2.196594 -0.255458
v 3.494776 -2.369153 -0.255457
v 3.294873 -2.509128 -0.255457
v 3.073700 -2.612262 -0.255457
v 2.837979 -2.675421 -0.255457
v 2.594873 -2.696692 -0.255457
v 2.351767 -2.675421 -0.255457
v 2.116046 -2.612262 -0.255457
v 1.894873 -2.509128 -0.255457
v 1.694971 -2.369153 -0.255457
v 1.522412 -2.196594 -0.255458
v 1.382437 -1.996692 -0.255458
v 1.279303 -1.775519 -0.255458
v 1.216141 -1.539798 -0.255458
v 1.194873 -1.296692 -0.255458
v 1.216141 -1.053583 -0.255458
v 1.279303 -0.817862 -0.255458
v 1.382437 -0.596692 -0.255458
v 1.522412 -0.396790 -0.255458
v 1.694971 -0.224228 -0.255458
v 1.894873 -0.084256 -0.255458
v 2.116046 0.018878 -0.255458
v 2.351767 0.082040 -0.255458
v 2.594873 0.103308 -0.255458
v 2.837979 0.082040 -0.255458
v 3.073700 0.018878 -0.255458
v 3.294873 -0.084256 -0.255458
v 3.494776 -0.224228 -0.255458
v 3.667334 -0.396790 -0.255458
v 3.807309 -0.596692 -0.255458
v 3.910443 -0.817862 -0.255458
v 3.973605 -1.053583 -0.255458
v 3.994873 -1.296692 0.244542
v 3.973605 -1.053583 0.244542
v 3.910443 -0.817862 0.244542
v 3.807309 -0.596692 0.244542
v 3.667334 -0.396790 0.244542
v 3.494776 -0.224228 0.244542
v 3.294873 -0.084256 0.244542
v 3.073700 0.018878 0.244542
v 2.837979 0.082040 0.244542
v 2.594873 0.103308 0.244542
v 2.351767 0.082040 0.244542
v 2.116046 0.018878 0.244542
v 1.894873 -0.084256 0.244542
v 1.694971 -0.224228 0.244542
v 1.522412 -0.396790 0.244542
v 1.382437 -0.596692 0.244542
v 1.279303 -0.817862 0.244542
v 1.216141 -1.053583 0.244542
v 1.194873 -1.296692 0.244542
v 1.216141 -1.539798 0.244542
v 1.279303 -1.775519 0.244542
v 1.382437 -1.996692 0.244542
v 1.522412 -2.196594 0.244543
v 1.694971 -2.369153 0.244543
v 1.894873 -2.509128 0.244543
v 2.116046 -2.612262 0.244543
v 2.351767 -2.675421 0.244543
v 2.594873 -2.696692 0.244543
v 2.837979 -2.675421 0.244543
v 3.073700 -2.612262 0.244543
v 3.294873 -2.509128 0.244543
v 3.494776 -2.369153 0.244543
v 3.667334 -2.196594 0.244543
v 3.807309 -1.996692 0.244542
v 3.910443 -1.775519 0.244542
v 3.973605 -1.539798 0.244542
v 11.819874 5.603308 -0.255458
v 11.798578 5.441547 -0.255458
v 11.736139 5.290809 -0.255458
v 11.636817 5.161368 -0.255458
v 11.507373 5.062043 -0.255458
v 11.356635 4.999607 -0.255458
v 11.194874 4.978309 -0.255458
v 11.033112 4.999607 -0.255458
v 10.882374 5.062043 -0.255458
v 10.752934 5.161368 -0.255458
v 10.653607 5.290809 -0.255458
v 10.591168 5.441547 -0.255458
v 10.569874 5.603308 -0.255458
v 10.591168 5.765070 -0.255458
v 10.653607 5.915808 -0.255458
v 10.752934 6.045252 -0.255458
v 10.882374 6.144574 -0.255458
v 11.033112 6.207013 -0.255458
v 11.194874 6.228308 -0.255458
v 11.356635 6.207013 -0.255458
v 11.507373 6.144574 -0.255458
v 11.636817 6.045252 -0.255458
v 11.736139 5.915808 -0.255458
v 11.798578 5.765070 -0.255458
v 11.819874 5.603308 0.244542
v 11.798578 5.765070 0.244542
v 11.736139 5.915808 0.244542
v 11.636817 6.045252 0.244542
v 11.507373 6.144574 0.244542
v 11.356635 6.207013 0.244542
v 11.194874 6.228308 0.244542
v 11.033112 6.207013 0.244542
v 10.882374 6.144574 0.244542
v 10.752934 6.045252 0.244542
v 10.653607 5.915808 0.244542
v 10.591168 5.765070 0.244542
v 10.569874 5.603308 0.244542
v 10.591168 5.441547 0.244542
v 10.653607 5.290809 0.244542
v 10.752934 5.161368 0.244542
v 10.882374 5.062043 0.244542
v 11.033112 4.999607 0.244542
v 11.194874 4.978309 0.244542
v 11.356635 4.999607 0.244542
v 11.507373 5.062043 0.244542
v 11.636817 5.161368 0.244542
v 11.736139 5.290809 0.244542
v 11.798578 5.441547 0.244542
v 10.857825 -2.283273 0.244543
v 10.828467 -2.195758 0.244543
v 10.792887 -2.119434 0.244543
v 10.750956 -2.053803 0.244543
v 10.702555 -1.998199 0.244542
v 10.647577 -1.951843 0.244542
v 10.585917 -1.913843 0.244542
v 10.442231 -1.859021 0.244542
v 10.271088 -1.825616 0.244542
v 10.072571 -1.805594 0.244542
v 9.847412 -1.791898 0.244542
v 9.597150 -1.779285 0.244542
v 9.324146 -1.764612 0.244542
v 9.031488 -1.746665 0.244542
v 8.722879 -1.725873 0.244542
v 8.402488 -1.703989 0.244542
v 7.744638 -1.668637 0.244542
v 7.416745 -1.662454 0.244542
v 7.095945 -1.669156 0.244542
v 6.786875 -1.692462 0.244542
v 6.493891 -1.735571 0.244542
v 6.220923 -1.800839 0.244542
v 5.971375 -1.889517 0.244542
v 5.748032 -2.001563 0.244542
v 5.553064 -2.135779 0.244543
v 5.388080 -2.290100 0.244543
v 5.254184 -2.461859 0.244543
v 5.152018 -2.648050 0.244543
v 5.081802 -2.845584 0.244543
v 5.043393 -3.051569 0.244543
v 5.036316 -3.263574 0.244543
v 5.059824 -3.479868 0.244543
v 5.112912 -3.699515 0.244543
v 5.194370 -3.922214 0.244543
v 5.302765 -4.148087 0.244543
v 5.436496 -4.377479 0.244543
v 5.593787 -4.610754 0.244543
v 5.772721 -4.848088 0.244543
v 5.971241 -5.089240 0.244543
v 6.187192 -5.333377 0.244543
v 6.418314 -5.578873 0.244543
v 6.662278 -5.823069 0.244543
v 6.916685 -6.062046 0.244543
v 7.179099 -6.290653 0.244543
v 7.447068 -6.502741 0.244543
v 7.718140 -6.691491 0.244543
v 7.989890 -6.849784 0.244543
v 8.259940 -6.970595 0.244543
v 8.393607 -7.014863 0.244543
v 8.525992 -7.047351 0.244543
v 8.656824 -7.067371 0.244543
v 8.785843 -7.074299 0.244543
v 8.912785 -7.067597 0.244543
v 9.037406 -7.046824 0.244543
v 9.159471 -7.011644 0.244543
v 9.278746 -6.961844 0.244543
v 9.395017 -6.897348 0.244543
v 9.508081 -6.818227 0.244543
v 9.617753 -6.724709 0.244543
v 9.723849 -6.617168 0.244543
v 9.826205 -6.496134 0.244543
v 9.924668 -6.362279 0.244543
v 10.019098 -6.216419 0.244543
v 10.109366 -6.059487 0.244543
v 10.276933 -5.716659 0.244543
v 10.426511 -5.343090 0.244543
v 10.557349 -4.949057 0.244543
v 10.668794 -4.545410 0.244543
v 10.760251 -4.143152 0.244543
v 10.831168 -3.752997 0.244543
v 10.881003 -3.384924 0.244543
v 10.909208 -3.047748 0.244543
v 10.915018 -2.893079 0.244543
v 10.915195 -2.748697 0.244543
v 10.909657 -2.615183 0.244543
v 10.898313 -2.492966 0.244543
v 10.881067 -2.382303 0.244543
v 10.857825 -2.283273 -0.255458
v 10.881067 -2.382303 -0.255457
v 10.898313 -2.492966 -0.255457
v 10.909657 -2.615183 -0.255457
v 10.915195 -2.748697 -0.255457
v 10.915018 -2.893079 -0.255457
v 10.909208 -3.047748 -0.255457
v 10.881003 -3.384924 -0.255457
v 10.831168 -3.752997 -0.255457
v 10.760251 -4.143152 -0.255457
v 10.668794 -4.545410 -0.255457
v 10.557349 -4.949057 -0.255457
v 10.426511 -5.343090 -0.255457
v 10.276933 -5.716659 -0.255457
v 10.109366 -6.059487 -0.255457
v 10.019098 -6.216419 -0.255457
v 9.924668 -6.362279 -0.255457
v 9.826205 -6.496134 -0.255457
v 9.723849 -6.617168 -0.255457
v 9.617753 -6.724709 -0.255457
v 9.508081 -6.818227 -0.255457
v 9.395017 -6.897348 -0.255457
v 9.278746 -6.961844 -0.255457
v 9.159471 -7.011644 -0.255457
v 9.037406 -7.046824 -0.255457
v 8.912785 -7.067597 -0.255457
v 8.785843 -7.074299 -0.255457
v 8.656824 -7.067371 -0.255457
v 8.525992 -7.047351 -0.255457
v 8.393607 -7.014863 -0.255457
v 8.259940 -6.970595 -0.255457
v 7.989890 -6.849784 -0.255457
v 7.718140 -6.691491 -0.255457
v 7.447068 -6.502741 -0.255457
v 7.179099 -6.290653 -0.255457
v 6.916685 -6.062046 -0.255457
v 6.662278 -5.823069 -0.255457
v 6.418314 -5.578873 -0.255457
v 6.187192 -5.333377 -0.255457
v 5.971241 -5.089240 -0.255457
v 5.772721 -4.848088 -0.255457
v 5.593787 -4.610754 -0.255457
v 5.436496 -4.377479 -0.255457
v 5.302765 -4.148087 -0.255457
v 5.194370 -3.922214 -0.255457
v 5.112912 -3.699515 -0.255457
v 5.059824 -3.479868 -0.255457
v 5.036316 -3.263574 -0.255457
v 5.043393 -3.051569 -0.255457
v 5.081802 -2.845584 -0.255457
v 5.152018 -2.648050 -0.255457
v 5.254184 -2.461859 -0.255457
v 5.388080 -2.290100 -0.255458
v 5.553064 -2.135779 -0.255458
v 5.748032 -2.001563 -0.255458
v 5.971375 -1.889517 -0.255458
v 6.220923 -1.800839 -0.255458
v 6.493891 -1.735571 -0.255458
v 6.786875 -1.692462 -0.255458
v 7.095945 -1.669156 -0.255458
v 7.416745 -1.662454 -0.255458
v 7.744638 -1.668637 -0.255458
v 8.402488 -1.703989 -0.255458
v 8.722879 -1.725873 -0.255458
v 9.031488 -1.746665 -0.255458
v 9.324146 -1.764612 -0.255458
v 9.597150 -1.779285 -0.255458
v 9.847412 -1.791898 -0.255458
v 10.072571 -1.805594 -0.255458
v 10.271088 -1.825616 -0.255458
v 10.442231 -1.859021 -0.255458
v 10.585917 -1.913843 -0.255458
v 10.647577 -1.951843 -0.255458
v 10.702555 -1.998199 -0.255458
v 10.750956 -2.053803 -0.255458
v 10.792887 -2.119434 -0.255458
v 10.828467 -2.195758 -0.255458
v 7.419873 6.303308 -0.255458
v 7.398579 6.141547 -0.255458
v 7.336139 5.990808 -0.255458
v 7.236817 5.861368 -0.255458
v 7.107373 5.762043 -0.255458
v 6.956635 5.699606 -0.255458
v 6.794874 5.678308 -0.255458
v 6.633112 5.699606 -0.255458
v 6.482373 5.762043 -0.255458
v 6.352933 5.861368 -0.255458
v 6.253608 5.990808 -0.255458
v 6.191168 6.141547 -0.255458
v 6.169873 6.303308 -0.255458
v 6.191168 6.465070 -0.255458
v 6.253608 6.615808 -0.255458
v 6.352933 6.745252 -0.255458
v 6.482373 6.844574 -0.255458
v 6.633112 6.907013 -0.255458
v 6.794874 6.928308 -0.255458
v 6.956635 6.907013 -0.255458
v 7.107373 6.844574 -0.255458
v 7.236817 6.745252 -0.255458
v 7.336139 6.615808 -0.255458
v 7.398579 6.465070 -0.255458
v 7.419873 6.303308 0.244542
v 7.398579 6.465070 0.244542
v 7.336139 6.615808 0.244542
v 7.236817 6.745252 0.244542
v 7.107373 6.844574 0.244542
v 6.956635 6.907013 0.244542
v 6.794874 6.928308 0.244542
v 6.633112 6.907013 0.244542
v 6.482373 6.844574 0.244542
v 6.352933 6.745252 0.244542
v 6.253608 6.615808 0.244542
v 6.191168 6.465070 0.244542
v 6.169873 6.303308 0.244542
v 6.191168 6.141547 0.244542
v 6.253608 5.990808 0.244542
v 6.352933 5.861368 0.244542
v 6.482373 5.762043 0.244542
v 6.633112 5.699606 0.244542
v 6.794874 5.678308 0.244542
v 6.956635 5.699606 0.244542
v 7.107373 5.762043 0.244542
v 7.236817 5.861368 0.244542
v 7.336139 5.990808 0.244542
v 7.398579 6.141547 0.244542
v 5.694873 1.503308 -0.255458
v 5.673188 1.276209 -0.255458
v 5.608914 1.057315 -0.255458
v 5.504376 0.854541 -0.255458
v 5.363355 0.675214 -0.255458
v 5.190943 0.525818 -0.255458
v 4.993371 0.411749 -0.255458
v 4.777783 0.337134 -0.255458
v 4.551972 0.304669 -0.255458
v 4.324097 0.315524 -0.255458
v 4.102393 0.369308 -0.255458
v 3.894873 0.464078 -0.255458
v 3.709039 0.596408 -0.255458
v 3.551608 0.761517 -0.255458
v 3.428272 0.953436 -0.255458
v 3.343482 1.165231 -0.255458
v 3.300308 1.389243 -0.255458
v 3.300308 1.617377 -0.255458
v 3.343482 1.841388 -0.255458
v 3.428272 2.053180 -0.255458
v 3.551608 2.245099 -0.255458
v 3.709039 2.410208 -0.255458
v 3.894873 2.542539 -0.255458
v 4.102393 2.637311 -0.255458
v 4.324097 2.691095 -0.255458
v 4.551972 2.701950 -0.255458
v 4.777783 2.669482 -0.255458
v 4.993371 2.594867 -0.255458
v 5.190943 2.480802 -0.255458
v 5.363355 2.331403 -0.255458
v 5.504376 2.152078 -0.255458
v 5.608914 1.949304 -0.255458
v 5.673188 1.730411 -0.255458
v 5.694873 1.503308 0.244542
v 5.673188 1.730411 0.244542
v 5.608914 1.949304 0.244542
v 5.504376 2.152078 0.244542
v 5.363355 2.331403 0.244542
v 5.190943 2.480802 0.244542
v 4.993371 2.594867 0.244542
v 4.777783 2.669482 0.244542
v 4.551972 2.701950 0.244542
v 4.324097 2.691095 0.244542
v 4.102393 2.637311 0.244542
v 3.894873 2.542539 0.244542
v 3.709039 2.410208 0.244542
v 3.551608 2.245099 0.244542
v 3.428272 2.053180 0.244542
v 3.343482 1.841388 0.244542
v 3.300308 1.617377 0.244542
v 3.300308 1.389243 0.244542
v 3.343482 1.165231 0.244542
v 3.428272 0.953436 0.244542
v 3.551608 0.761517 0.244542
v 3.709039 0.596408 0.244542
v 3.894873 0.464078 0.244542
v 4.102393 0.369309 0.244542
v 4.324097 0.315524 0.244542
v 4.551972 0.304669 0.244542
v 4.777783 0.337134 0.244542
v 4.993371 0.411749 0.244542
v 5.190943 0.525818 0.244542
v 5.363355 0.675214 0.244542
v 5.504376 0.854541 0.244542
v 5.608914 1.057315 0.244542
v 5.673188 1.276209 0.244542
v 7.594874 -0.296692 -0.255458
v 7.573309 -0.481183 -0.255458
v 7.509778 -0.655731 -0.255458
v 7.407709 -0.810922 -0.255458
v 7.272602 -0.938388 -0.255458
v 7.111737 -1.031265 -0.255458
v 6.933793 -1.084537 -0.255458
v 6.748358 -1.095337 -0.255458
v 6.565430 -1.063083 -0.255458
v 6.394874 -0.989511 -0.255458
v 6.245881 -0.878589 -0.255458
v 6.126483 -0.736298 -0.255458
v 6.043118 -0.570306 -0.255458
v 6.000284 -0.389566 -0.255458
v 6.000284 -0.203818 -0.255458
v 6.043118 -0.023074 -0.255458
v 6.126483 0.142917 -0.255458
v 6.245881 0.285208 -0.255458
v 6.394874 0.396130 -0.255458
v 6.565430 0.469702 -0.255458
v 6.748358 0.501956 -0.255458
v 6.933793 0.491156 -0.255458
v 7.111737 0.437881 -0.255458
v 7.272602 0.345007 -0.255458
v 7.407709 0.217538 -0.255458
v 7.509778 0.062347 -0.255458
v 7.573309 -0.112198 -0.255458
v 11.894874 6.803308 0.244542
v 12.050483 6.631617 0.244542
v 12.207923 6.431946 0.244542
v 12.367094 6.204169 0.244542
v 12.527713 5.948130 0.244542
v 12.689240 5.663727 0.244542
v 12.850760 5.350958 0.244542
v 13.010939 5.009989 0.244542
v 13.168081 4.641178 0.244542
v 13.320237 4.245105 0.244542
v 13.465278 3.822599 0.244542
v 13.601023 3.374759 0.244542
v 13.725324 2.903009 0.244542
v 13.836188 2.409119 0.244542
v 13.931849 1.895255 0.244542
v 14.010835 1.363962 0.244542
v 14.071934 0.818069 0.244542
v 14.114176 0.260608 0.244542
v 14.136796 -0.305295 0.244542
v 14.139210 -0.876505 0.244542
v 14.121000 -1.449960 0.244542
v 14.081894 -2.022781 0.244543
v 14.021757 -2.592337 0.244543
v 13.940568 -3.156366 0.244543
v 13.838419 -3.713028 0.244543
v 13.715490 -4.260919 0.244543
v 13.572031 -4.799013 0.244543
v 13.408308 -5.326596 0.244543
v 13.224607 -5.843213 0.244543
v 13.021204 -6.348602 0.244543
v 12.798331 -6.842652 0.244543
v 12.556180 -7.325342 0.244543
v 12.584418 -7.271535 -0.255457
v 12.850232 -6.732338 -0.255457
v 13.092131 -6.179076 -0.255457
v 13.309836 -5.611811 -0.255457
v 13.502997 -5.030769 -0.255457
v 13.671228 -4.436438 -0.255457
v 13.814148 -3.829663 -0.255457
v 13.931402 -3.211734 -0.255457
v 14.022730 -2.584500 -0.255457
v 14.088002 -1.950467 -0.255458
v 14.127247 -1.312793 -0.255458
v 14.140693 -0.675165 -0.255458
v 14.128773 -0.041638 -0.255458
v 14.092152 0.583524 -0.255458
v 14.031757 1.195993 -0.255458
v 13.948825 1.791538 -0.255458
v 13.844822 2.366730 -0.255458
v 13.721803 2.917404 -0.255458
v 13.582191 3.440558 -0.255458
v 13.428761 3.933777 -0.255458
v 13.248700 4.436646 -0.255458
v 13.059595 4.899692 -0.255458
v 12.865122 5.321689 -0.255458
v 12.668440 5.701908 -0.255458
v 12.471925 6.040051 -0.255458
v 12.277067 6.336173 -0.255458
v 12.084622 6.590509 -0.255458
v 11.894874 6.803308 -0.255458
v 0.065039 1.110446 -0.255458
v 0.065039 -1.589554 -0.255458
v -0.784961 -3.220209 -0.255457
v -0.633301 -3.251633 -0.255457
v -0.494022 -3.319388 -0.255457
v -0.375684 -3.419309 -0.255457
v -0.285547 -3.545264 -0.255457
v -0.229153 -3.689514 -0.255457
v -0.209961 -3.843204 -0.255457
v -0.229153 -3.996893 -0.255457
v -0.285547 -4.141147 -0.255457
v -0.375684 -4.267099 -0.255457
v -0.494022 -4.367023 -0.255457
v -0.633301 -4.434778 -0.255457
v -0.784961 -4.466202 -0.255457
v 1.165039 8.118304 0.244542
v 1.165039 -4.672403 0.244543
v 1.319809 -4.684305 0.244543
v 1.466873 -4.733983 0.244543
v 1.597159 -4.818370 0.244543
v 1.702631 -4.932263 0.244543
v 1.776779 -5.068637 0.244543
v 1.815036 -5.219077 0.244543
v 1.815036 -5.374306 0.244543
v 1.776779 -5.524745 0.244543
v 1.702631 -5.661118 0.244543
v 1.597159 -5.775011 0.244543
v 1.466873 -5.859400 0.244543
v 1.319809 -5.909076 0.244543
v 1.165039 -5.920978 0.244543
v 11.424149 6.925730 0.244542
v 10.928452 7.043125 0.244542
v 10.407303 7.155396 0.244542
v 9.859977 7.262397 0.244542
v 9.285621 7.363959 0.244542
v 8.683372 7.459907 0.244542
v 8.052487 7.550092 0.244542
v 7.392572 7.634433 0.244542
v 6.703787 7.712961 0.244542
v 5.986841 7.785825 0.244542
v 5.242859 7.853244 0.244542
v 4.473194 7.915494 0.244542
v 3.679276 7.972864 0.244542
v 2.862485 8.025629 0.244542
v 2.024057 8.074039 0.244542
v 0.977301 -4.710783 -0.005457
v 0.842691 -4.780365 -0.005457
v 0.728781 -4.880296 -0.005457
v 0.642270 -5.004706 -0.005457
v 0.588242 -5.146277 -0.005457
v 0.569873 -5.296691 -0.005457
v 0.588242 -5.447104 -0.005457
v 0.642270 -5.588677 -0.005457
v 0.728781 -5.713085 -0.005457
v 0.842691 -5.813017 -0.005457
v 0.977301 -5.882599 -0.005457
v 1.165039 -4.672403 -0.255457
v 1.327634 -4.685953 -0.255457
v 1.481180 -4.741124 -0.255457
v 1.615213 -4.834157 -0.255457
v 1.720606 -4.958710 -0.255457
v 1.790167 -5.106296 -0.255457
v 1.819162 -5.266857 -0.255457
v 1.805609 -5.429450 -0.255457
v 1.750440 -5.582998 -0.255457
v 1.657407 -5.717032 -0.255457
v 1.532855 -5.822423 -0.255457
v 1.385269 -5.891985 -0.255457
v 1.224707 -5.920978 -0.255457
v 1.062112 -5.907428 -0.255457
v 0.908566 -5.852257 -0.255457
v 0.774533 -5.759226 -0.255457
v 0.669141 -5.634673 -0.255457
v 0.599579 -5.487087 -0.255457
v 0.570584 -5.326526 -0.255457
v 0.584137 -5.163931 -0.255457
v 0.639307 -5.010386 -0.255457
v 0.732340 -4.876349 -0.255457
v 0.856891 -4.770959 -0.255457
v 1.004477 -4.701398 -0.255457
v 0.050989 7.398435 -0.005458
v 0.004904 7.381931 -0.005458
v -0.035794 7.354724 -0.005458
v -0.068662 7.318448 -0.005458
v -0.091733 7.275272 -0.005458
v -0.103622 7.227787 -0.005458
v -0.103622 7.178833 -0.005458
v -0.091733 7.131348 -0.005458
v -0.068662 7.088171 -0.005458
v -0.035794 7.051896 -0.005458
v 0.004904 7.024689 -0.005458
v 0.050989 7.008182 -0.005458
v 0.294873 7.203309 -0.255458
v 0.288058 7.151545 -0.255458
v 0.268079 7.103308 -0.255458
v 0.236295 7.061887 -0.255458
v 0.194873 7.030106 -0.255458
v 0.146637 7.010123 -0.255458
v 0.094873 7.003308 -0.255458
v 0.043109 7.010123 -0.255458
v -0.005127 7.030106 -0.255458
v -0.046548 7.061887 -0.255458
v -0.078333 7.103308 -0.255458
v -0.098312 7.151545 -0.255458
v -0.105127 7.203309 -0.255458
v -0.098312 7.255072 -0.255458
v -0.078333 7.303308 -0.255458
v -0.046548 7.344730 -0.255458
v -0.005127 7.376514 -0.255458
v 0.043109 7.396494 -0.255458
v 0.094873 7.403308 -0.255458
v 0.146637 7.396494 -0.255458
v 0.194873 7.376514 -0.255458
v 0.236295 7.344730 -0.255458
v 0.268079 7.303308 -0.255458
v 0.288058 7.255072 -0.255458
v 0.021155 -5.940976 -0.005457
v -0.024930 -5.957482 -0.005457
v -0.065628 -5.984688 -0.005457
v -0.098495 -6.020964 -0.005457
v -0.121567 -6.064139 -0.005457
v -0.133459 -6.111626 -0.005457
v -0.133459 -6.160579 -0.005457
v -0.121567 -6.208065 -0.005457
v -0.098495 -6.251239 -0.005457
v -0.065628 -6.287518 -0.005457
v -0.024930 -6.314723 -0.005457
v 0.021155 -6.331229 -0.005457
v 0.265039 -6.136103 -0.255457
v 0.258225 -6.187867 -0.255457
v 0.238245 -6.236103 -0.255457
v 0.206461 -6.277524 -0.255457
v 0.165039 -6.309307 -0.255457
v 0.116803 -6.329288 -0.255457
v 0.065039 -6.336102 -0.255457
v 0.013275 -6.329288 -0.255457
v -0.034961 -6.309307 -0.255457
v -0.076382 -6.277524 -0.255457
v -0.108167 -6.236103 -0.255457
v -0.128146 -6.187867 -0.255457
v -0.134961 -6.136103 -0.255457
v -0.128146 -6.084339 -0.255457
v -0.108167 -6.036102 -0.255457
v -0.076382 -5.994681 -0.255457
v -0.034961 -5.962897 -0.255457
v 0.013275 -5.942917 -0.255457
v 0.065039 -5.936102 -0.255457
v 0.116803 -5.942917 -0.255457
v 0.165039 -5.962897 -0.255457
v 0.206461 -5.994681 -0.255457
v 0.238245 -6.036102 -0.255457
v 0.258225 -6.084339 -0.255457
v 0.050989 5.422562 -0.005458
v 0.004904 5.406055 -0.005458
v -0.035794 5.378849 -0.005458
v -0.068662 5.342572 -0.005458
v -0.091733 5.299396 -0.005458
v -0.103622 5.251911 -0.005458
v -0.103622 5.202957 -0.005458
v -0.091733 5.155472 -0.005458
v -0.068662 5.112296 -0.005458
v -0.035794 5.076019 -0.005458
v 0.004904 5.048813 -0.005458
v 0.050989 5.032309 -0.005458
v 0.294873 5.227436 -0.255458
v 0.288058 5.175672 -0.255458
v 0.268079 5.127436 -0.255458
v 0.236295 5.086014 -0.255458
v 0.194873 5.054230 -0.255458
v 0.146637 5.034250 -0.255458
v 0.094873 5.027436 -0.255458
v 0.043109 5.034250 -0.255458
v -0.005127 5.054230 -0.255458
v -0.046548 5.086014 -0.255458
v -0.078333 5.127436 -0.255458
v -0.098312 5.175672 -0.255458
v -0.105127 5.227436 -0.255458
v -0.098312 5.279200 -0.255458
v -0.078333 5.327435 -0.255458
v -0.046548 5.368857 -0.255458
v -0.005127 5.400641 -0.255458
v 0.043109 5.420621 -0.255458
v 0.094873 5.427435 -0.255458
v 0.146637 5.420621 -0.255458
v 0.194873 5.400641 -0.255458
v 0.236295 5.368857 -0.255458
v 0.268079 5.327435 -0.255458
v 0.288058 5.279200 -0.255458
v 0.021155 -2.496817 -0.005457
v -0.024930 -2.513321 -0.005457
v -0.065628 -2.540528 -0.005457
v -0.098495 -2.576804 -0.005457
v -0.121567 -2.619980 -0.005457
v -0.133459 -2.667465 -0.005457
v -0.133459 -2.716419 -0.005457
v -0.121567 -2.763904 -0.005457
v -0.098495 -2.807080 -0.005457
v -0.065628 -2.843357 -0.005457
v -0.024930 -2.870563 -0.005457
v 0.021155 -2.887070 -0.005457
v 0.265039 -2.691944 -0.255457
v 0.258225 -2.743704 -0.255457
v 0.238245 -2.791943 -0.255457
v 0.206461 -2.833362 -0.255457
v 0.165039 -2.865146 -0.255457
v 0.116803 -2.885126 -0.255457
v 0.065039 -2.891943 -0.255457
v 0.013275 -2.885126 -0.255457
v -0.034961 -2.865146 -0.255457
v -0.076382 -2.833362 -0.255457
v -0.108167 -2.791943 -0.255457
v -0.128146 -2.743704 -0.255457
v -0.134961 -2.691944 -0.255457
v -0.128146 -2.640180 -0.255457
v -0.108167 -2.591944 -0.255457
v -0.076382 -2.550522 -0.255457
v -0.034961 -2.518738 -0.255457
v 0.013275 -2.498758 -0.255457
v 0.065039 -2.491944 -0.255457
v 0.116803 -2.498758 -0.255457
v 0.165039 -2.518738 -0.255457
v 0.206461 -2.550522 -0.255457
v 0.238245 -2.591944 -0.255457
v 0.258225 -2.640180 -0.255457
v 0.050989 3.263355 -0.005458
v 0.004904 3.246848 -0.005458
v -0.035794 3.219641 -0.005458
v -0.068662 3.183365 -0.005458
v -0.091733 3.140189 -0.005458
v -0.103622 3.092703 -0.005458
v -0.103622 3.043750 -0.005458
v -0.091733 2.996265 -0.005458
v -0.068662 2.953089 -0.005458
v -0.035794 2.916812 -0.005458
v 0.004904 2.889606 -0.005458
v 0.050989 2.873102 -0.005458
v 0.294873 3.068228 -0.255458
v 0.288058 3.016464 -0.255458
v 0.268079 2.968228 -0.255458
v 0.236295 2.926807 -0.255458
v 0.194873 2.895023 -0.255458
v 0.146637 2.875043 -0.255458
v 0.094873 2.868228 -0.255458
v 0.043109 2.875043 -0.255458
v -0.005127 2.895023 -0.255458
v -0.046548 2.926807 -0.255458
v -0.078333 2.968228 -0.255458
v -0.098312 3.016464 -0.255458
v -0.105127 3.068228 -0.255458
v -0.098312 3.119992 -0.255458
v -0.078333 3.168228 -0.255458
v -0.046548 3.209650 -0.255458
v -0.005127 3.241431 -0.255458
v 0.043109 3.261414 -0.255458
v 0.094873 3.268229 -0.255458
v 0.146637 3.261414 -0.255458
v 0.194873 3.241431 -0.255458
v 0.236295 3.209650 -0.255458
v 0.268079 3.168228 -0.255458
v 0.288058 3.119992 -0.255458
v -0.784961 -3.218280 -0.005457
v -0.784961 -3.218280 -0.255457
v -0.775293 8.201108 -0.255458
v -0.775293 8.201108 -0.005458
v 0.174777 8.163355 -0.005458
v 11.424149 6.925730 -0.255458
v 10.928452 7.043125 -0.255458
v 10.407303 7.155396 -0.255458
v 9.859977 7.262397 -0.255458
v 9.285621 7.363959 -0.255458
v 8.683372 7.459907 -0.255458
v 8.052487 7.550092 -0.255458
v 7.392572 7.634433 -0.255458
v 6.703787 7.712961 -0.255458
v 5.986841 7.785825 -0.255458
v 5.242859 7.853244 -0.255458
v 4.473194 7.915494 -0.255458
v 3.679276 7.972864 -0.255458
v 2.862485 8.025629 -0.255458
v 2.024057 8.074039 -0.255458
v 1.165039 8.118304 -0.255458
v 0.206323 8.162012 -0.255458
v -0.784961 -4.468131 -0.255457
v -0.784961 -4.468131 -0.005457
v -2.725293 -7.056508 -0.005457
v -2.725293 -7.056508 -0.255457
v -2.436780 -7.024450 -0.255457
v -2.160767 -6.998742 -0.255457
v -1.897485 -6.979343 -0.255457
v -1.647086 -6.966213 -0.255457
v -1.409650 -6.959312 -0.255457
v -1.185205 -6.958612 -0.255457
v -0.973758 -6.964089 -0.255457
v -0.775293 -6.975725 -0.255457
v -1.592276 -6.964108 -0.005457
v -1.634329 -6.965697 -0.005457
v -1.944611 -6.982418 -0.005457
v -2.005981 -6.986689 -0.005457
v -2.322452 -7.013178 -0.005457
v -2.725293 -4.676810 -0.255457
v -2.579968 -4.713657 -0.255457
v -2.447601 -4.784050 -0.255457
v -2.335806 -4.883939 -0.255457
v -2.251016 -5.007578 -0.255457
v -2.198108 -5.147853 -0.255457
v -2.180127 -5.296691 -0.255457
v -2.198108 -5.445529 -0.255457
v -2.251016 -5.585804 -0.255457
v -2.335806 -5.709443 -0.255457
v -2.447601 -5.809332 -0.255457
v -2.579968 -5.879726 -0.255457
v -2.725293 -5.916571 -0.255457
v -1.675293 1.110446 -0.005458
v -1.675293 -1.589554 -0.005458
v -1.675293 -1.589554 -0.255458
v -1.675293 1.110446 -0.255458
v -1.749011 7.398435 -0.005458
v -1.795096 7.381931 -0.005458
v -1.835794 7.354724 -0.005458
v -1.868662 7.318448 -0.005458
v -1.891733 7.275272 -0.005458
v -1.903623 7.227787 -0.005458
v -1.903623 7.178833 -0.005458
v -1.891733 7.131348 -0.005458
v -1.868662 7.088171 -0.005458
v -1.835794 7.051896 -0.005458
v -1.795096 7.024689 -0.005458
v -1.749011 7.008182 -0.005458
v -1.905127 7.203309 -0.255458
v -1.898312 7.255072 -0.255458
v -1.878332 7.303308 -0.255458
v -1.846549 7.344730 -0.255458
v -1.805127 7.376514 -0.255458
v -1.756891 7.396494 -0.255458
v -1.705127 7.403308 -0.255458
v -1.653363 7.396494 -0.255458
v -1.605127 7.376514 -0.255458
v -1.563705 7.344730 -0.255458
v -1.531921 7.303308 -0.255458
v -1.511942 7.255072 -0.255458
v -1.505127 7.203309 -0.255458
v -1.511942 7.151545 -0.255458
v -1.531921 7.103308 -0.255458
v -1.563705 7.061887 -0.255458
v -1.605127 7.030106 -0.255458
v -1.653363 7.010123 -0.255458
v -1.705127 7.003308 -0.255458
v -1.756891 7.010123 -0.255458
v -1.805127 7.030106 -0.255458
v -1.846549 7.061887 -0.255458
v -1.878332 7.103308 -0.255458
v -1.898312 7.151545 -0.255458
v -1.719174 -5.940976 -0.005457
v -1.765262 -5.957482 -0.005457
v -1.805957 -5.984688 -0.005457
v -1.838825 -6.020964 -0.005457
v -1.861896 -6.064139 -0.005457
v -1.873789 -6.111626 -0.005457
v -1.873789 -6.160579 -0.005457
v -1.861896 -6.208065 -0.005457
v -1.838825 -6.251239 -0.005457
v -1.805957 -6.287518 -0.005457
v -1.765262 -6.314723 -0.005457
v -1.719174 -6.331229 -0.005457
v -1.875293 -6.136103 -0.255457
v -1.868478 -6.084339 -0.255457
v -1.848499 -6.036102 -0.255457
v -1.816715 -5.994681 -0.255457
v -1.775293 -5.962897 -0.255457
v -1.727057 -5.942917 -0.255457
v -1.675293 -5.936102 -0.255457
v -1.623529 -5.942917 -0.255457
v -1.575293 -5.962897 -0.255457
v -1.533872 -5.994681 -0.255457
v -1.502087 -6.036102 -0.255457
v -1.482108 -6.084339 -0.255457
v -1.475293 -6.136103 -0.255457
v -1.482108 -6.187867 -0.255457
v -1.502087 -6.236103 -0.255457
v -1.533872 -6.277524 -0.255457
v -1.575293 -6.309307 -0.255457
v -1.623529 -6.329288 -0.255457
v -1.675293 -6.336102 -0.255457
v -1.727057 -6.329288 -0.255457
v -1.775293 -6.309307 -0.255457
v -1.816715 -6.277524 -0.255457
v -1.848499 -6.236103 -0.255457
v -1.868478 -6.187867 -0.255457
v -1.749011 5.422562 -0.005458
v -1.795096 5.406055 -0.005458
v -1.835794 5.378849 -0.005458
v -1.868662 5.342572 -0.005458
v -1.891733 5.299396 -0.005458
v -1.903623 5.251911 -0.005458
v -1.903623 5.202957 -0.005458
v -1.891733 5.155472 -0.005458
v -1.868662 5.112296 -0.005458
v -1.835794 5.076019 -0.005458
v -1.795096 5.048813 -0.005458
v -1.749011 5.032309 -0.005458
v -1.905127 5.227436 -0.255458
v -1.898312 5.279200 -0.255458
v -1.878332 5.327435 -0.255458
v -1.846549 5.368857 -0.255458
v -1.805127 5.400641 -0.255458
v -1.756891 5.420621 -0.255458
v -1.705127 5.427435 -0.255458
v -1.653363 5.420621 -0.255458
v -1.605127 5.400641 -0.255458
v -1.563705 5.368857 -0.255458
v -1.531921 5.327435 -0.255458
v -1.511942 5.279200 -0.255458
v -1.505127 5.227436 -0.255458
v -1.511942 5.175672 -0.255458
v -1.531921 5.127436 -0.255458
v -1.563705 5.086014 -0.255458
v -1.605127 5.054230 -0.255458
v -1.653363 5.034250 -0.255458
v -1.705127 5.027436 -0.255458
v -1.756891 5.034250 -0.255458
v -1.805127 5.054230 -0.255458
v -1.846549 5.086014 -0.255458
v -1.878332 5.127436 -0.255458
v -1.898312 5.175672 -0.255458
v -1.719174 -2.496817 -0.005457
v -1.765262 -2.513321 -0.005457
v -1.805957 -2.540528 -0.005457
v -1.838825 -2.576804 -0.005457
v -1.861896 -2.619980 -0.005457
v -1.873789 -2.667465 -0.005457
v -1.873789 -2.716419 -0.005457
v -1.861896 -2.763904 -0.005457
v -1.838825 -2.807080 -0.005457
v -1.805957 -2.843357 -0.005457
v -1.765262 -2.870563 -0.005457
v -1.719174 -2.887070 -0.005457
v -1.875293 -2.691944 -0.255457
v -1.868478 -2.640180 -0.255457
v -1.848499 -2.591944 -0.255457
v -1.816715 -2.550522 -0.255457
v -1.775293 -2.518738 -0.255457
v -1.727057 -2.498758 -0.255457
v -1.675293 -2.491944 -0.255457
v -1.623529 -2.498758 -0.255457
v -1.575293 -2.518738 -0.255457
v -1.533872 -2.550522 -0.255457
v -1.502087 -2.591944 -0.255457
v -1.482108 -2.640180 -0.255457
v -1.475293 -2.691944 -0.255457
v -1.482108 -2.743704 -0.255457
v -1.502087 -2.791943 -0.255457
v -1.533872 -2.833362 -0.255457
v -1.575293 -2.865146 -0.255457
v -1.623529 -2.885126 -0.255457
v -1.675293 -2.891943 -0.255457
v -1.727057 -2.885126 -0.255457
v -1.775293 -2.865146 -0.255457
v -1.816715 -2.833362 -0.255457
v -1.848499 -2.791943 -0.255457
v -1.868478 -2.743704 -0.255457
v -1.749011 3.263355 -0.005458
v -1.795096 3.246848 -0.005458
v -1.835794 3.219641 -0.005458
v -1.868662 3.183365 -0.005458
v -1.891733 3.140189 -0.005458
v -1.903623 3.092703 -0.005458
v -1.903623 3.043750 -0.005458
v -1.891733 2.996265 -0.005458
v -1.868662 2.953089 -0.005458
v -1.835794 2.916812 -0.005458
v -1.795096 2.889606 -0.005458
v -1.749011 2.873102 -0.005458
v -1.905127 3.068228 -0.255458
v -1.898312 3.119992 -0.255458
v -1.878332 3.168228 -0.255458
v -1.846549 3.209650 -0.255458
v -1.805127 3.241431 -0.255458
v -1.756891 3.261414 -0.255458
v -1.705127 3.268229 -0.255458
v -1.653363 3.261414 -0.255458
v -1.605127 3.241431 -0.255458
v -1.563705 3.209650 -0.255458
v -1.531921 3.168228 -0.255458
v -1.511942 3.119992 -0.255458
v -1.505127 3.068228 -0.255458
v -1.511942 3.016464 -0.255458
v -1.531921 2.968228 -0.255458
v -1.563705 2.926807 -0.255458
v -1.605127 2.895023 -0.255458
v -1.653363 2.875043 -0.255458
v -1.705127 2.868228 -0.255458
v -1.756891 2.875043 -0.255458
v -1.805127 2.895023 -0.255458
v -1.846549 2.926807 -0.255458
v -1.878332 2.968228 -0.255458
v -1.898312 3.016464 -0.255458
v -0.944824 -4.444772 -0.255457
v -1.093359 -4.381220 -0.255457
v -1.220639 -4.281714 -0.255457
v -1.318161 -4.152908 -0.255457
v -1.379410 -4.003409 -0.255457
v -1.400293 -3.843204 -0.255457
v -1.379410 -3.683002 -0.255457
v -1.318161 -3.533499 -0.255457
v -1.220639 -3.404697 -0.255457
v -1.093359 -3.305191 -0.255457
v -0.944824 -3.241638 -0.255457
v -0.790073 -3.218381 -0.005457
v -0.795184 -3.218521 -0.005457
v -0.969293 -3.249079 -0.005457
v -1.110800 -3.315891 -0.005457
v -1.231271 -3.415763 -0.005457
v -1.323160 -3.542429 -0.005457
v -1.380701 -3.687952 -0.005457
v -1.400293 -3.843204 -0.005457
v -1.380701 -3.998459 -0.005457
v -1.323160 -4.143982 -0.005457
v -1.231271 -4.270648 -0.005457
v -1.110800 -4.370520 -0.005457
v -0.969293 -4.437332 -0.005457
v -0.795184 -4.467890 -0.005457
v -0.790073 -4.468030 -0.005457
v -0.775293 8.203308 -0.255458
v -2.725293 8.120728 -0.255458
v -1.761813 8.164337 -0.255458
v -0.795181 -4.467478 -0.005457
v -0.790070 -4.467212 -0.005457
v -0.825299 8.203308 -0.005458
v 0.174783 8.163764 -0.005458
v 1.124701 8.120728 -0.005458
v 1.124701 -4.676810 -0.005457
v 0.979379 -4.713657 -0.005457
v 0.847012 -4.784050 -0.005457
v 0.735217 -4.883939 -0.005457
v 0.650427 -5.007578 -0.005457
v 0.597519 -5.147853 -0.005457
v 0.579538 -5.296691 -0.005457
v 0.597519 -5.445529 -0.005457
v 0.650427 -5.585804 -0.005457
v 0.735217 -5.709443 -0.005457
v 0.847012 -5.809332 -0.005457
v 0.979379 -5.879726 -0.005457
v 1.124701 -5.916571 -0.005457
v -2.738712 -4.674273 -0.005457
v -2.752161 -4.673193 -0.005457
v -2.765628 -4.672403 -0.005457
v -2.765628 8.118304 -0.005458
v -0.556311 -6.961533 -0.005457
v -1.634314 -6.966083 -0.005457
v -2.005933 -6.987377 -0.005457
v -2.372293 -7.018933 -0.005457
v -2.725156 -7.057651 -0.005457
v -2.765628 -7.062561 -0.005457
v -2.765628 -5.920978 -0.005457
v -2.752161 -5.920189 -0.005457
v -2.738712 -5.919109 -0.005457
v -0.825299 -6.975725 -0.005457
v -0.815628 -3.220209 -0.005457
v -0.967291 -3.251633 -0.005457
v -1.106567 -3.319388 -0.005457
v -1.224908 -3.419309 -0.005457
v -1.315042 -3.545264 -0.005457
v -1.371436 -3.689514 -0.005457
v -1.390628 -3.843204 -0.005457
v -1.371436 -3.996893 -0.005457
v -1.315042 -4.141147 -0.005457
v -1.224908 -4.267099 -0.005457
v -1.106567 -4.367023 -0.005457
v -0.967291 -4.434778 -0.005457
v -0.815628 -4.466202 -0.005457
v -0.790070 -3.219199 -0.005457
v -0.795181 -3.218930 -0.005457
v -1.665628 1.110446 -0.005458
v -1.665628 -1.589554 -0.005458
v -1.751105 3.260330 -0.005458
v -1.798239 3.239798 -0.005458
v -1.838583 3.207929 -0.005458
v -1.869467 3.166828 -0.005458
v -1.888855 3.119214 -0.005458
v -1.895462 3.068228 -0.005458
v -1.888855 3.017243 -0.005458
v -1.869467 2.969626 -0.005458
v -1.838583 2.928525 -0.005458
v -1.798239 2.896655 -0.005458
v -1.751105 2.876123 -0.005458
v -1.721271 -2.499838 -0.005457
v -1.768405 -2.520371 -0.005457
v -1.808746 -2.552240 -0.005457
v -1.839633 -2.593341 -0.005457
v -1.859021 -2.640958 -0.005457
v -1.865628 -2.691944 -0.005457
v -1.859021 -2.742926 -0.005457
v -1.839633 -2.790543 -0.005457
v -1.808746 -2.831644 -0.005457
v -1.768405 -2.863513 -0.005457
v -1.721271 -2.884046 -0.005457
v -1.751105 5.419538 -0.005458
v -1.798239 5.399005 -0.005458
v -1.838583 5.367136 -0.005458
v -1.869467 5.326038 -0.005458
v -1.888855 5.278421 -0.005458
v -1.895462 5.227436 -0.005458
v -1.888855 5.176450 -0.005458
v -1.869467 5.128833 -0.005458
v -1.838583 5.087732 -0.005458
v -1.798239 5.055862 -0.005458
v -1.751105 5.035330 -0.005458
v -1.721271 -5.943999 -0.005457
v -1.768405 -5.964531 -0.005457
v -1.808746 -5.996399 -0.005457
v -1.839633 -6.037500 -0.005457
v -1.859021 -6.085117 -0.005457
v -1.865628 -6.136103 -0.005457
v -1.859021 -6.187088 -0.005457
v -1.839633 -6.234703 -0.005457
v -1.808746 -6.275805 -0.005457
v -1.768405 -6.307674 -0.005457
v -1.721271 -6.328207 -0.005457
v -1.751105 7.395413 -0.005458
v -1.798239 7.374881 -0.005458
v -1.838583 7.343012 -0.005458
v -1.869467 7.301911 -0.005458
v -1.888855 7.254294 -0.005458
v -1.895462 7.203309 -0.005458
v -1.888855 7.152323 -0.005458
v -1.869467 7.104709 -0.005458
v -1.838583 7.063608 -0.005458
v -1.798239 7.031739 -0.005458
v -1.751105 7.011207 -0.005458
v 0.048895 3.260330 -0.005458
v 0.001761 3.239798 -0.005458
v -0.038583 3.207929 -0.005458
v -0.069467 3.166828 -0.005458
v -0.088855 3.119214 -0.005458
v -0.095462 3.068228 -0.005458
v -0.088855 3.017243 -0.005458
v -0.069467 2.969626 -0.005458
v -0.038583 2.928525 -0.005458
v 0.001761 2.896655 -0.005458
v 0.048895 2.876123 -0.005458
v 0.019058 -2.499838 -0.005457
v -0.028076 -2.520371 -0.005457
v -0.068417 -2.552240 -0.005457
v -0.099301 -2.593341 -0.005457
v -0.118689 -2.640958 -0.005457
v -0.125299 -2.691944 -0.005457
v -0.118689 -2.742926 -0.005457
v -0.099301 -2.790543 -0.005457
v -0.068417 -2.831644 -0.005457
v -0.028076 -2.863513 -0.005457
v 0.019058 -2.884046 -0.005457
v 0.048895 5.419538 -0.005458
v 0.001761 5.399005 -0.005458
v -0.038583 5.367136 -0.005458
v -0.069467 5.326038 -0.005458
v -0.088855 5.278421 -0.005458
v -0.095462 5.227436 -0.005458
v -0.088855 5.176450 -0.005458
v -0.069467 5.128833 -0.005458
v -0.038583 5.087732 -0.005458
v 0.001761 5.055862 -0.005458
v 0.048895 5.035330 -0.005458
v 0.019058 -5.943999 -0.005457
v -0.028076 -5.964531 -0.005457
v -0.068417 -5.996399 -0.005457
v -0.099301 -6.037500 -0.005457
v -0.118689 -6.085117 -0.005457
v -0.125299 -6.136103 -0.005457
v -0.118689 -6.187088 -0.005457
v -0.099301 -6.234703 -0.005457
v -0.068417 -6.275805 -0.005457
v -0.028076 -6.307674 -0.005457
v 0.019058 -6.328207 -0.005457
v 0.048895 7.395413 -0.005458
v 0.001761 7.374881 -0.005458
v -0.038583 7.343012 -0.005458
v -0.069467 7.301911 -0.005458
v -0.088855 7.254294 -0.005458
v -0.095462 7.203309 -0.005458
v -0.088855 7.152323 -0.005458
v -0.069467 7.104709 -0.005458
v -0.038583 7.063608 -0.005458
v 0.001761 7.031739 -0.005458
v 0.048895 7.011207 -0.005458
v -13.498476 2.513031 -0.255458
v -13.508698 2.435385 -0.255458
v -13.538668 2.363031 -0.255458
v -13.586344 2.300900 -0.255458
v -13.648476 2.253223 -0.255458
v -13.720830 2.223254 -0.255458
v -13.798477 2.213031 -0.255458
v -13.876122 2.223254 -0.255458
v -13.948477 2.253223 -0.255458
v -14.010609 2.300900 -0.255458
v -14.058283 2.363031 -0.255458
v -14.088252 2.435385 -0.255458
v -14.098475 2.513031 -0.255458
v -14.088252 2.590677 -0.255458
v -14.058283 2.663031 -0.255458
v -14.010609 2.725162 -0.255458
v -13.948477 2.772840 -0.255458
v -13.876122 2.802808 -0.255458
v -13.798477 2.813031 -0.255458
v -13.720830 2.802808 -0.255458
v -13.648476 2.772840 -0.255458
v -13.586344 2.725162 -0.255458
v -13.538668 2.663031 -0.255458
v -13.508698 2.590677 -0.255458
v -13.498476 2.513031 0.244542
v -13.508698 2.590677 0.244542
v -13.538668 2.663031 0.244542
v -13.586344 2.725162 0.244542
v -13.648476 2.772840 0.244542
v -13.720830 2.802808 0.244542
v -13.798477 2.813031 0.244542
v -13.876122 2.802808 0.244542
v -13.948477 2.772840 0.244542
v -14.010609 2.725162 0.244542
v -14.058283 2.663031 0.244542
v -14.088252 2.590677 0.244542
v -14.098475 2.513031 0.244542
v -14.088252 2.435385 0.244542
v -14.058283 2.363031 0.244542
v -14.010609 2.300900 0.244542
v -13.948477 2.253223 0.244542
v -13.876122 2.223254 0.244542
v -13.798477 2.213031 0.244542
v -13.720830 2.223254 0.244542
v -13.648476 2.253223 0.244542
v -13.586344 2.300900 0.244542
v -13.538668 2.363031 0.244542
v -13.508698 2.435385 0.244542
v -13.898477 -0.786969 -0.255458
v -13.908698 -0.864615 -0.255458
v -13.938668 -0.936969 -0.255458
v -13.986344 -0.999100 -0.255458
v -14.048476 -1.046777 -0.255458
v -14.120831 -1.076746 -0.255458
v -14.198476 -1.086969 -0.255458
v -14.276121 -1.076746 -0.255458
v -14.348475 -1.046777 -0.255458
v -14.410609 -0.999100 -0.255458
v -14.458283 -0.936969 -0.255458
v -14.488253 -0.864615 -0.255458
v -14.498477 -0.786969 -0.255458
v -14.488253 -0.709323 -0.255458
v -14.458283 -0.636969 -0.255458
v -14.410609 -0.574838 -0.255458
v -14.348475 -0.527161 -0.255458
v -14.276121 -0.497192 -0.255458
v -14.198476 -0.486969 -0.255458
v -14.120831 -0.497192 -0.255458
v -14.048476 -0.527161 -0.255458
v -13.986344 -0.574838 -0.255458
v -13.938668 -0.636969 -0.255458
v -13.908698 -0.709323 -0.255458
v -13.898477 -0.786969 0.244542
v -13.908698 -0.709323 0.244542
v -13.938668 -0.636969 0.244542
v -13.986344 -0.574838 0.244542
v -14.048476 -0.527161 0.244542
v -14.120831 -0.497192 0.244542
v -14.198476 -0.486969 0.244542
v -14.276121 -0.497192 0.244542
v -14.348475 -0.527161 0.244542
v -14.410609 -0.574838 0.244542
v -14.458283 -0.636969 0.244542
v -14.488253 -0.709323 0.244542
v -14.498477 -0.786969 0.244542
v -14.488253 -0.864615 0.244542
v -14.458283 -0.936969 0.244542
v -14.410609 -0.999100 0.244542
v -14.348475 -1.046777 0.244542
v -14.276121 -1.076746 0.244542
v -14.198476 -1.086969 0.244542
v -14.120831 -1.076746 0.244542
v -14.048476 -1.046777 0.244542
v -13.986344 -0.999100 0.244542
v -13.938668 -0.936969 0.244542
v -13.908698 -0.864615 0.244542
v -0.825299 -6.971489 0.244543
v -1.024140 -6.961863 0.244543
v -1.235523 -6.958189 0.244543
v -1.459454 -6.960486 0.244543
v -1.695932 -6.968776 0.244543
v -1.944913 -6.983090 0.244543
v -2.206308 -7.003465 0.244543
v -2.479962 -7.029943 0.244543
v -2.765628 -7.062561 0.244543
v -3.184612 -7.118563 0.244543
v -3.625031 -7.186771 0.244543
v -4.084960 -7.267285 0.244543
v -4.561800 -7.360177 0.244543
v -5.052167 -7.465480 0.244543
v -5.551896 -7.583171 0.244543
v -6.056197 -7.713115 0.244543
v -6.559862 -7.855016 0.244543
v -7.057484 -8.008353 0.244543
v -7.543667 -8.172329 0.244543
v -8.013242 -8.345806 0.244543
v -8.461481 -8.527250 0.244543
v -8.884319 -8.714655 0.244543
v -9.278561 -8.905487 0.244543
v -9.642099 -9.096628 0.244543
v -9.974191 -9.284272 0.244543
v -10.275662 -9.463871 0.244543
v -10.548972 -9.630160 0.244543
v -10.798029 -9.777306 0.244543
v -11.027761 -9.899187 0.244543
v -11.243662 -9.989696 0.244543
v -11.451402 -10.043003 0.244543
v -11.553933 -10.054028 0.244543
v -11.656420 -10.053837 0.244543
v -11.759430 -10.041910 0.244543
v -11.863474 -10.017797 0.244543
v -11.969004 -9.981103 0.244543
v -12.076414 -9.931496 0.244543
v -12.186044 -9.868700 0.244543
v -12.298184 -9.792489 0.244543
v -12.413081 -9.702684 0.244543
v -12.530935 -9.599145 0.244543
v -12.651915 -9.481765 0.244543
v -12.776155 -9.350468 0.244543
v -12.903759 -9.205207 0.244543
v -13.034807 -9.045953 0.244543
v -13.169354 -8.872695 0.244543
v -13.307440 -8.685437 0.244543
v -13.449086 -8.484194 0.244543
v -13.594302 -8.268978 0.244543
v -13.743096 -8.039806 0.244543
v -13.895464 -7.796690 0.244543
v -13.895464 -7.796690 -0.255457
v -13.743096 -8.039806 -0.255457
v -13.594302 -8.268978 -0.255457
v -13.449086 -8.484194 -0.255457
v -13.307440 -8.685437 -0.255457
v -13.169354 -8.872695 -0.255457
v -13.034807 -9.045953 -0.255457
v -12.903759 -9.205207 -0.255457
v -12.776155 -9.350468 -0.255457
v -12.651915 -9.481765 -0.255457
v -12.530935 -9.599145 -0.255457
v -12.413081 -9.702684 -0.255457
v -12.298184 -9.792489 -0.255457
v -12.186044 -9.868700 -0.255457
v -12.076414 -9.931496 -0.255457
v -11.969004 -9.981103 -0.255457
v -11.863474 -10.017797 -0.255457
v -11.759430 -10.041910 -0.255457
v -11.656420 -10.053837 -0.255457
v -11.553933 -10.054028 -0.255457
v -11.451402 -10.043003 -0.255457
v -11.243662 -9.989696 -0.255457
v -11.027761 -9.899187 -0.255457
v -10.798029 -9.777306 -0.255457
v -10.548972 -9.630160 -0.255457
v -10.275662 -9.463871 -0.255457
v -9.974191 -9.284272 -0.255457
v -9.642099 -9.096628 -0.255457
v -9.278561 -8.905487 -0.255457
v -8.884319 -8.714655 -0.255457
v -8.461481 -8.527250 -0.255457
v -8.013242 -8.345806 -0.255457
v -7.543667 -8.172329 -0.255457
v -7.057484 -8.008353 -0.255457
v -6.559862 -7.855016 -0.255457
v -6.056197 -7.713115 -0.255457
v -5.551896 -7.583171 -0.255457
v -5.052167 -7.465480 -0.255457
v -4.561800 -7.360177 -0.255457
v -4.084960 -7.267285 -0.255457
v -3.625031 -7.186771 -0.255457
v -3.184612 -7.118563 -0.255457
v -2.765628 -7.062561 -0.255457
v -12.381685 1.597141 -0.255458
v -12.391344 1.730176 -0.255458
v -12.382819 1.886643 -0.255458
v -12.361353 2.068967 -0.255458
v -12.329410 2.276791 -0.255458
v -12.286983 2.507337 -0.255458
v -12.232741 2.756274 -0.255458
v -12.164543 3.018225 -0.255458
v -12.079528 3.286975 -0.255458
v -11.974452 3.555853 -0.255458
v -11.846236 3.818222 -0.255458
v -11.692430 4.067960 -0.255458
v -11.511571 4.299808 -0.255458
v -11.303352 4.509601 -0.255458
v -11.068591 4.694226 -0.255458
v -10.809106 4.851526 -0.255458
v -10.527585 4.980204 -0.255458
v -10.227450 5.079694 -0.255458
v -9.912724 5.150067 -0.255458
v -9.587910 5.191935 -0.255458
v -9.257871 5.206345 -0.255458
v -8.927691 5.194669 -0.255458
v -8.602563 5.158524 -0.255458
v -8.287649 5.099652 -0.255458
v -7.987973 5.019840 -0.255458
v -7.708272 4.920789 -0.255458
v -7.452899 4.804065 -0.255458
v -7.225760 4.671103 -0.255458
v -7.030252 4.523227 -0.255458
v -6.869231 4.361695 -0.255458
v -6.744964 4.187757 -0.255458
v -6.659091 4.002698 -0.255458
v -6.612576 3.807868 -0.255458
v -6.605652 3.604743 -0.255458
v -6.637778 3.394965 -0.255458
v -6.707602 3.180374 -0.255458
v -6.812947 2.963053 -0.255458
v -6.950917 2.745255 -0.255458
v -7.118049 2.529379 -0.255458
v -7.310454 2.317883 -0.255458
v -7.523969 2.113233 -0.255458
v -7.754294 1.917844 -0.255458
v -7.997144 1.734012 -0.255458
v -8.248388 1.563861 -0.255458
v -8.504195 1.409281 -0.255458
v -8.761167 1.271860 -0.255458
v -9.016519 1.152829 -0.255458
v -9.268201 1.052988 -0.255458
v -9.514995 0.972672 -0.255458
v -9.756492 0.911737 -0.255458
v -9.992886 0.869629 -0.255458
v -10.224720 0.845468 -0.255458
v -10.452628 0.838095 -0.255458
v -10.677090 0.846146 -0.255458
v -10.898229 0.868131 -0.255458
v -11.115615 0.902518 -0.255458
v -11.327949 0.947775 -0.255458
v -11.532712 1.002402 -0.255458
v -11.726093 1.065036 -0.255458
v -11.903195 1.134671 -0.255458
v -12.058501 1.210776 -0.255458
v -12.186591 1.293372 -0.255458
v -12.283314 1.383353 -0.255458
v -12.319383 1.431808 -0.255458
v -12.347471 1.483191 -0.255458
v -12.381685 1.597141 0.244542
v -12.347471 1.483191 0.244542
v -12.319383 1.431808 0.244542
v -12.283314 1.383353 0.244542
v -12.186591 1.293372 0.244542
v -12.058501 1.210776 0.244542
v -11.903195 1.134671 0.244542
v -11.726093 1.065036 0.244542
v -11.532712 1.002402 0.244542
v -11.327949 0.947775 0.244542
v -11.115615 0.902518 0.244542
v -10.898229 0.868131 0.244542
v -10.677090 0.846146 0.244542
v -10.452628 0.838095 0.244542
v -10.224720 0.845468 0.244542
v -9.992886 0.869629 0.244542
v -9.756492 0.911737 0.244542
v -9.514995 0.972672 0.244542
v -9.268201 1.052988 0.244542
v -9.016519 1.152829 0.244542
v -8.761167 1.271860 0.244542
v -8.504195 1.409281 0.244542
v -8.248388 1.563861 0.244542
v -7.997144 1.734012 0.244542
v -7.754294 1.917844 0.244542
v -7.523969 2.113233 0.244542
v -7.310454 2.317883 0.244542
v -7.118049 2.529379 0.244542
v -6.950917 2.745255 0.244542
v -6.812947 2.963053 0.244542
v -6.707602 3.180374 0.244542
v -6.637778 3.394965 0.244542
v -6.605652 3.604743 0.244542
v -6.612576 3.807868 0.244542
v -6.659091 4.002698 0.244542
v -6.744964 4.187757 0.244542
v -6.869231 4.361695 0.244542
v -7.030252 4.523227 0.244542
v -7.225760 4.671103 0.244542
v -7.452899 4.804065 0.244542
v -7.708272 4.920789 0.244542
v -7.987973 5.019840 0.244542
v -8.287649 5.099652 0.244542
v -8.602563 5.158524 0.244542
v -8.927691 5.194669 0.244542
v -9.257871 5.206345 0.244542
v -9.587910 5.191935 0.244542
v -9.912724 5.150067 0.244542
v -10.227450 5.079694 0.244542
v -10.527585 4.980204 0.244542
v -10.809106 4.851526 0.244542
v -11.068591 4.694226 0.244542
v -11.303352 4.509601 0.244542
v -11.511571 4.299808 0.244542
v -11.692430 4.067960 0.244542
v -11.846236 3.818222 0.244542
v -11.974452 3.555853 0.244542
v -12.079528 3.286975 0.244542
v -12.164543 3.018225 0.244542
v -12.232741 2.756274 0.244542
v -12.286983 2.507337 0.244542
v -12.329410 2.276791 0.244542
v -12.361353 2.068967 0.244542
v -12.382819 1.886643 0.244542
v -12.391344 1.730176 0.244542
v -11.220464 6.003308 0.244542
v -11.199167 5.841547 0.244542
v -11.136730 5.690808 0.244542
v -11.037406 5.561368 0.244542
v -10.907965 5.462043 0.244542
v -10.757226 5.399607 0.244542
v -10.595464 5.378308 0.244542
v -10.433702 5.399607 0.244542
v -10.282965 5.462043 0.244542
v -10.153522 5.561368 0.244542
v -10.054198 5.690808 0.244542
v -9.991759 5.841547 0.244542
v -9.970464 6.003308 0.244542
v -9.991759 6.165070 0.244542
v -10.054198 6.315809 0.244542
v -10.153522 6.445251 0.244542
v -10.282965 6.544574 0.244542
v -10.433702 6.607013 0.244542
v -10.595464 6.628308 0.244542
v -10.757226 6.607013 0.244542
v -10.907965 6.544574 0.244542
v -11.037406 6.445251 0.244542
v -11.136730 6.315809 0.244542
v -11.199167 6.165070 0.244542
v -11.220464 6.003308 -0.255458
v -11.199167 6.165070 -0.255458
v -11.136730 6.315809 -0.255458
v -11.037406 6.445251 -0.255458
v -10.907965 6.544574 -0.255458
v -10.757226 6.607013 -0.255458
v -10.595464 6.628308 -0.255458
v -10.433702 6.607013 -0.255458
v -10.282965 6.544574 -0.255458
v -10.153522 6.445251 -0.255458
v -10.054198 6.315809 -0.255458
v -9.991759 6.165070 -0.255458
v -9.970464 6.003308 -0.255458
v -9.991759 5.841547 -0.255458
v -10.054198 5.690808 -0.255458
v -10.153522 5.561368 -0.255458
v -10.282965 5.462043 -0.255458
v -10.433702 5.399607 -0.255458
v -10.595464 5.378308 -0.255458
v -10.757226 5.399607 -0.255458
v -10.907965 5.462043 -0.255458
v -11.037406 5.561368 -0.255458
v -11.136730 5.690808 -0.255458
v -11.199167 5.841547 -0.255458
v -5.595464 -1.296692 0.244542
v -5.574195 -1.539798 0.244542
v -5.511033 -1.775519 0.244542
v -5.407898 -1.996692 0.244542
v -5.267925 -2.196594 0.244543
v -5.095366 -2.369153 0.244543
v -4.895464 -2.509128 0.244543
v -4.674291 -2.612262 0.244543
v -4.438570 -2.675421 0.244543
v -4.195464 -2.696692 0.244543
v -3.952356 -2.675421 0.244543
v -3.716635 -2.612262 0.244543
v -3.495464 -2.509128 0.244543
v -3.295560 -2.369153 0.244543
v -3.123001 -2.196594 0.244543
v -2.983028 -1.996692 0.244542
v -2.879892 -1.775519 0.244542
v -2.816733 -1.539798 0.244542
v -2.795462 -1.296692 0.244542
v -2.816733 -1.053583 0.244542
v -2.879892 -0.817862 0.244542
v -2.983028 -0.596692 0.244542
v -3.123001 -0.396790 0.244542
v -3.295560 -0.224228 0.244542
v -3.495464 -0.084256 0.244542
v -3.716635 0.018878 0.244542
v -3.952356 0.082040 0.244542
v -4.195464 0.103308 0.244542
v -4.438570 0.082040 0.244542
v -4.674291 0.018878 0.244542
v -4.895464 -0.084256 0.244542
v -5.095366 -0.224228 0.244542
v -5.267925 -0.396790 0.244542
v -5.407898 -0.596692 0.244542
v -5.511033 -0.817862 0.244542
v -5.574195 -1.053583 0.244542
v -5.595464 -1.296692 -0.255458
v -5.574195 -1.053583 -0.255458
v -5.511033 -0.817862 -0.255458
v -5.407898 -0.596692 -0.255458
v -5.267925 -0.396790 -0.255458
v -5.095366 -0.224228 -0.255458
v -4.895464 -0.084256 -0.255458
v -4.674291 0.018878 -0.255458
v -4.438570 0.082040 -0.255458
v -4.195464 0.103308 -0.255458
v -3.952356 0.082040 -0.255458
v -3.716635 0.018878 -0.255458
v -3.495464 -0.084256 -0.255458
v -3.295560 -0.224228 -0.255458
v -3.123001 -0.396790 -0.255458
v -2.983028 -0.596692 -0.255458
v -2.879892 -0.817862 -0.255458
v -2.816733 -1.053583 -0.255458
v -2.795462 -1.296692 -0.255458
v -2.816733 -1.539798 -0.255458
v -2.879892 -1.775519 -0.255458
v -2.983028 -1.996692 -0.255458
v -3.123001 -2.196594 -0.255458
v -3.295560 -2.369153 -0.255457
v -3.495464 -2.509128 -0.255457
v -3.716635 -2.612262 -0.255457
v -3.952356 -2.675421 -0.255457
v -4.195464 -2.696692 -0.255457
v -4.438570 -2.675421 -0.255457
v -4.674291 -2.612262 -0.255457
v -4.895464 -2.509128 -0.255457
v -5.095366 -2.369153 -0.255457
v -5.267925 -2.196594 -0.255458
v -5.407898 -1.996692 -0.255458
v -5.511033 -1.775519 -0.255458
v -5.574195 -1.539798 -0.255458
v -13.420465 5.603308 0.244542
v -13.399167 5.441547 0.244542
v -13.336730 5.290809 0.244542
v -13.237407 5.161368 0.244542
v -13.107965 5.062043 0.244542
v -12.957226 4.999607 0.244542
v -12.795465 4.978309 0.244542
v -12.633700 4.999607 0.244542
v -12.482965 5.062043 0.244542
v -12.353522 5.161368 0.244542
v -12.254199 5.290809 0.244542
v -12.191759 5.441547 0.244542
v -12.170464 5.603308 0.244542
v -12.191759 5.765070 0.244542
v -12.254199 5.915808 0.244542
v -12.353522 6.045252 0.244542
v -12.482965 6.144574 0.244542
v -12.633700 6.207013 0.244542
v -12.795465 6.228308 0.244542
v -12.957226 6.207013 0.244542
v -13.107965 6.144574 0.244542
v -13.237407 6.045252 0.244542
v -13.336730 5.915808 0.244542
v -13.399167 5.765070 0.244542
v -13.420465 5.603308 -0.255458
v -13.399167 5.765070 -0.255458
v -13.336730 5.915808 -0.255458
v -13.237407 6.045252 -0.255458
v -13.107965 6.144574 -0.255458
v -12.957226 6.207013 -0.255458
v -12.795465 6.228308 -0.255458
v -12.633700 6.207013 -0.255458
v -12.482965 6.144574 -0.255458
v -12.353522 6.045252 -0.255458
v -12.254199 5.915808 -0.255458
v -12.191759 5.765070 -0.255458
v -12.170464 5.603308 -0.255458
v -12.191759 5.441547 -0.255458
v -12.254199 5.290809 -0.255458
v -12.353522 5.161368 -0.255458
v -12.482965 5.062043 -0.255458
v -12.633700 4.999607 -0.255458
v -12.795465 4.978309 -0.255458
v -12.957226 4.999607 -0.255458
v -13.107965 5.062043 -0.255458
v -13.237407 5.161368 -0.255458
v -13.336730 5.290809 -0.255458
v -13.399167 5.441547 -0.255458
v -12.458415 -2.283273 -0.255458
v -12.429058 -2.195758 -0.255458
v -12.393476 -2.119434 -0.255458
v -12.351545 -2.053803 -0.255458
v -12.303145 -1.998199 -0.255458
v -12.248168 -1.951843 -0.255458
v -12.186507 -1.913843 -0.255458
v -12.042820 -1.859021 -0.255458
v -11.871678 -1.825616 -0.255458
v -11.673161 -1.805594 -0.255458
v -11.448002 -1.791898 -0.255458
v -11.197739 -1.779285 -0.255458
v -10.924735 -1.764612 -0.255458
v -10.632081 -1.746665 -0.255458
v -10.323470 -1.725873 -0.255458
v -10.003078 -1.703989 -0.255458
v -9.345230 -1.668637 -0.255458
v -9.017336 -1.662454 -0.255458
v -8.696534 -1.669156 -0.255458
v -8.387465 -1.692462 -0.255458
v -8.094480 -1.735571 -0.255458
v -7.821511 -1.800839 -0.255458
v -7.571965 -1.889517 -0.255458
v -7.348622 -2.001563 -0.255458
v -7.153653 -2.135779 -0.255458
v -6.988671 -2.290100 -0.255458
v -6.854775 -2.461859 -0.255457
v -6.752608 -2.648050 -0.255457
v -6.682393 -2.845584 -0.255457
v -6.643984 -3.051569 -0.255457
v -6.636907 -3.263574 -0.255457
v -6.660413 -3.479868 -0.255457
v -6.713503 -3.699515 -0.255457
v -6.794959 -3.922214 -0.255457
v -6.903356 -4.148087 -0.255457
v -7.037087 -4.377479 -0.255457
v -7.194377 -4.610754 -0.255457
v -7.373310 -4.848088 -0.255457
v -7.571831 -5.089240 -0.255457
v -7.787781 -5.333377 -0.255457
v -8.018904 -5.578873 -0.255457
v -8.262867 -5.823069 -0.255457
v -8.517274 -6.062046 -0.255457
v -8.779688 -6.290653 -0.255457
v -9.047658 -6.502741 -0.255457
v -9.318728 -6.691491 -0.255457
v -9.590479 -6.849784 -0.255457
v -9.860529 -6.970595 -0.255457
v -9.994196 -7.014863 -0.255457
v -10.126581 -7.047351 -0.255457
v -10.257415 -7.067371 -0.255457
v -10.386433 -7.074299 -0.255457
v -10.513375 -7.067597 -0.255457
v -10.637997 -7.046824 -0.255457
v -10.760059 -7.011644 -0.255457
v -10.879334 -6.961844 -0.255457
v -10.995606 -6.897348 -0.255457
v -11.108672 -6.818227 -0.255457
v -11.218343 -6.724709 -0.255457
v -11.324439 -6.617168 -0.255457
v -11.426795 -6.496134 -0.255457
v -11.525260 -6.362279 -0.255457
v -11.619689 -6.216419 -0.255457
v -11.709955 -6.059487 -0.255457
v -11.877522 -5.716659 -0.255457
v -12.027102 -5.343090 -0.255457
v -12.157939 -4.949057 -0.255457
v -12.269383 -4.545410 -0.255457
v -12.360840 -4.143152 -0.255457
v -12.431757 -3.752997 -0.255457
v -12.481594 -3.384924 -0.255457
v -12.509799 -3.047748 -0.255457
v -12.515608 -2.893079 -0.255457
v -12.515785 -2.748697 -0.255457
v -12.510246 -2.615183 -0.255457
v -12.498901 -2.492966 -0.255457
v -12.481658 -2.382303 -0.255457
v -12.458415 -2.283273 0.244543
v -12.481658 -2.382303 0.244543
v -12.498901 -2.492966 0.244543
v -12.510246 -2.615183 0.244543
v -12.515785 -2.748697 0.244543
v -12.515608 -2.893079 0.244543
v -12.509799 -3.047748 0.244543
v -12.481594 -3.384924 0.244543
v -12.431757 -3.752997 0.244543
v -12.360840 -4.143152 0.244543
v -12.269383 -4.545410 0.244543
v -12.157939 -4.949057 0.244543
v -12.027102 -5.343090 0.244543
v -11.877522 -5.716659 0.244543
v -11.709955 -6.059487 0.244543
v -11.619689 -6.216419 0.244543
v -11.525260 -6.362279 0.244543
v -11.426795 -6.496134 0.244543
v -11.324439 -6.617168 0.244543
v -11.218343 -6.724709 0.244543
v -11.108672 -6.818227 0.244543
v -10.995606 -6.897348 0.244543
v -10.879334 -6.961844 0.244543
v -10.760059 -7.011644 0.244543
v -10.637997 -7.046824 0.244543
v -10.513375 -7.067597 0.244543
v -10.386433 -7.074299 0.244543
v -10.257415 -7.067371 0.244543
v -10.126581 -7.047351 0.244543
v -9.994196 -7.014863 0.244543
v -9.860529 -6.970595 0.244543
v -9.590479 -6.849784 0.244543
v -9.318728 -6.691491 0.244543
v -9.047658 -6.502741 0.244543
v -8.779688 -6.290653 0.244543
v -8.517274 -6.062046 0.244543
v -8.262867 -5.823069 0.244543
v -8.018904 -5.578873 0.244543
v -7.787781 -5.333377 0.244543
v -7.571831 -5.089240 0.244543
v -7.373310 -4.848088 0.244543
v -7.194377 -4.610754 0.244543
v -7.037087 -4.377479 0.244543
v -6.903356 -4.148087 0.244543
v -6.794959 -3.922214 0.244543
v -6.713503 -3.699515 0.244543
v -6.660413 -3.479868 0.244543
v -6.636907 -3.263574 0.244543
v -6.643984 -3.051569 0.244543
v -6.682393 -2.845584 0.244543
v -6.752608 -2.648050 0.244543
v -6.854775 -2.461859 0.244543
v -6.988671 -2.290100 0.244543
v -7.153653 -2.135779 0.244543
v -7.348622 -2.001563 0.244542
v -7.571965 -1.889517 0.244542
v -7.821511 -1.800839 0.244542
v -8.094480 -1.735571 0.244542
v -8.387465 -1.692462 0.244542
v -8.696534 -1.669156 0.244542
v -9.017336 -1.662454 0.244542
v -9.345230 -1.668637 0.244542
v -10.003078 -1.703989 0.244542
v -10.323470 -1.725873 0.244542
v -10.632081 -1.746665 0.244542
v -10.924735 -1.764612 0.244542
v -11.197739 -1.779285 0.244542
v -11.448002 -1.791898 0.244542
v -11.673161 -1.805594 0.244542
v -11.871678 -1.825616 0.244542
v -12.042820 -1.859021 0.244542
v -12.186507 -1.913843 0.244542
v -12.248168 -1.951843 0.244542
v -12.303145 -1.998199 0.244542
v -12.351545 -2.053803 0.244543
v -12.393476 -2.119434 0.244543
v -12.429058 -2.195758 0.244543
v -9.020464 6.303308 0.244542
v -8.999167 6.141547 0.244542
v -8.936730 5.990808 0.244542
v -8.837405 5.861368 0.244542
v -8.707964 5.762043 0.244542
v -8.557226 5.699606 0.244542
v -8.395464 5.678308 0.244542
v -8.233701 5.699606 0.244542
v -8.082964 5.762043 0.244542
v -7.953522 5.861368 0.244542
v -7.854198 5.990808 0.244542
v -7.791759 6.141547 0.244542
v -7.770464 6.303308 0.244542
v -7.791759 6.465070 0.244542
v -7.854198 6.615808 0.244542
v -7.953522 6.745252 0.244542
v -8.082964 6.844574 0.244542
v -8.233701 6.907013 0.244542
v -8.395464 6.928308 0.244542
v -8.557226 6.907013 0.244542
v -8.707964 6.844574 0.244542
v -8.837405 6.745252 0.244542
v -8.936730 6.615808 0.244542
v -8.999167 6.465070 0.244542
v -9.020464 6.303308 -0.255458
v -8.999167 6.465070 -0.255458
v -8.936730 6.615808 -0.255458
v -8.837405 6.745252 -0.255458
v -8.707964 6.844574 -0.255458
v -8.557226 6.907013 -0.255458
v -8.395464 6.928308 -0.255458
v -8.233701 6.907013 -0.255458
v -8.082964 6.844574 -0.255458
v -7.953522 6.745252 -0.255458
v -7.854198 6.615808 -0.255458
v -7.791759 6.465070 -0.255458
v -7.770464 6.303308 -0.255458
v -7.791759 6.141547 -0.255458
v -7.854198 5.990808 -0.255458
v -7.953522 5.861368 -0.255458
v -8.082964 5.762043 -0.255458
v -8.233701 5.699606 -0.255458
v -8.395464 5.678308 -0.255458
v -8.557226 5.699606 -0.255458
v -8.707964 5.762043 -0.255458
v -8.837405 5.861368 -0.255458
v -8.936730 5.990808 -0.255458
v -8.999167 6.141547 -0.255458
v -7.295464 1.503308 0.244542
v -7.273778 1.276209 0.244542
v -7.209505 1.057315 0.244542
v -7.104967 0.854541 0.244542
v -6.963943 0.675214 0.244542
v -6.791532 0.525818 0.244542
v -6.593961 0.411749 0.244542
v -6.378374 0.337134 0.244542
v -6.152563 0.304669 0.244542
v -5.924686 0.315524 0.244542
v -5.702982 0.369309 0.244542
v -5.495464 0.464078 0.244542
v -5.309630 0.596408 0.244542
v -5.152199 0.761517 0.244542
v -5.028861 0.953436 0.244542
v -4.944072 1.165231 0.244542
v -4.900898 1.389243 0.244542
v -4.900898 1.617377 0.244542
v -4.944072 1.841388 0.244542
v -5.028861 2.053180 0.244542
v -5.152199 2.245099 0.244542
v -5.309630 2.410208 0.244542
v -5.495464 2.542539 0.244542
v -5.702982 2.637311 0.244542
v -5.924686 2.691095 0.244542
v -6.152563 2.701950 0.244542
v -6.378374 2.669482 0.244542
v -6.593961 2.594867 0.244542
v -6.791532 2.480802 0.244542
v -6.963943 2.331403 0.244542
v -7.104967 2.152078 0.244542
v -7.209505 1.949304 0.244542
v -7.273778 1.730411 0.244542
v -7.295464 1.503308 -0.255458
v -7.273778 1.730411 -0.255458
v -7.209505 1.949304 -0.255458
v -7.104967 2.152078 -0.255458
v -6.963943 2.331403 -0.255458
v -6.791532 2.480802 -0.255458
v -6.593961 2.594867 -0.255458
v -6.378374 2.669482 -0.255458
v -6.152563 2.701950 -0.255458
v -5.924686 2.691095 -0.255458
v -5.702982 2.637311 -0.255458
v -5.495464 2.542539 -0.255458
v -5.309630 2.410208 -0.255458
v -5.152199 2.245099 -0.255458
v -5.028861 2.053180 -0.255458
v -4.944072 1.841388 -0.255458
v -4.900898 1.617377 -0.255458
v -4.900898 1.389243 -0.255458
v -4.944072 1.165231 -0.255458
v -5.028861 0.953436 -0.255458
v -5.152199 0.761517 -0.255458
v -5.309630 0.596408 -0.255458
v -5.495464 0.464078 -0.255458
v -5.702982 0.369308 -0.255458
v -5.924686 0.315524 -0.255458
v -6.152563 0.304669 -0.255458
v -6.378374 0.337134 -0.255458
v -6.593961 0.411749 -0.255458
v -6.791532 0.525818 -0.255458
v -6.963943 0.675214 -0.255458
v -7.104967 0.854541 -0.255458
v -7.209505 1.057315 -0.255458
v -7.273778 1.276209 -0.255458
v -9.195464 -0.296692 0.244542
v -9.173899 -0.481183 0.244542
v -9.110369 -0.655731 0.244542
v -9.008300 -0.810922 0.244542
v -8.873191 -0.938388 0.244542
v -8.712327 -1.031265 0.244542
v -8.534382 -1.084537 0.244542
v -8.348948 -1.095337 0.244542
v -8.166020 -1.063083 0.244542
v -7.995464 -0.989511 0.244542
v -7.846469 -0.878589 0.244542
v -7.727072 -0.736298 0.244542
v -7.643709 -0.570306 0.244542
v -7.600873 -0.389566 0.244542
v -7.600873 -0.203818 0.244542
v -7.643709 -0.023074 0.244542
v -7.727072 0.142917 0.244542
v -7.846469 0.285208 0.244542
v -7.995464 0.396130 0.244542
v -8.166020 0.469702 0.244542
v -8.348948 0.501956 0.244542
v -8.534382 0.491156 0.244542
v -8.712327 0.437881 0.244542
v -8.873191 0.345007 0.244542
v -9.008300 0.217538 0.244542
v -9.110369 0.062347 0.244542
v -9.173899 -0.112198 0.244542
v -9.195464 -0.296692 -0.255458
v -9.173899 -0.112198 -0.255458
v -9.110369 0.062347 -0.255458
v -9.008300 0.217538 -0.255458
v -8.873191 0.345007 -0.255458
v -8.712327 0.437881 -0.255458
v -8.534382 0.491156 -0.255458
v -8.348948 0.501956 -0.255458
v -8.166020 0.469702 -0.255458
v -7.995464 0.396130 -0.255458
v -7.846469 0.285208 -0.255458
v -7.727072 0.142917 -0.255458
v -7.643709 -0.023074 -0.255458
v -7.600873 -0.203818 -0.255458
v -7.600873 -0.389566 -0.255458
v -7.643709 -0.570306 -0.255458
v -7.727072 -0.736298 -0.255458
v -7.846469 -0.878589 -0.255458
v -7.995464 -0.989511 -0.255458
v -8.166020 -1.063083 -0.255458
v -8.348948 -1.095337 -0.255458
v -8.534382 -1.084537 -0.255458
v -8.712327 -1.031265 -0.255458
v -8.873191 -0.938388 -0.255458
v -9.008300 -0.810922 -0.255458
v -9.110369 -0.655731 -0.255458
v -9.173899 -0.481183 -0.255458
v -13.495464 6.803308 -0.255458
v -13.651072 6.631617 -0.255458
v -13.808513 6.431946 -0.255458
v -13.967683 6.204169 -0.255458
v -14.128304 5.948130 -0.255458
v -14.289830 5.663727 -0.255458
v -14.451350 5.350958 -0.255458
v -14.611527 5.009989 -0.255458
v -14.768674 4.641178 -0.255458
v -14.920828 4.245105 -0.255458
v -15.065868 3.822599 -0.255458
v -15.201612 3.374759 -0.255458
v -15.325914 2.903009 -0.255458
v -15.436777 2.409119 -0.255458
v -15.532438 1.895255 -0.255458
v -15.611423 1.363962 -0.255458
v -15.672524 0.818069 -0.255458
v -15.714767 0.260608 -0.255458
v -15.737385 -0.305295 -0.255458
v -15.739799 -0.876505 -0.255458
v -15.721589 -1.449960 -0.255458
v -15.682486 -2.022781 -0.255458
v -15.622348 -2.592337 -0.255457
v -15.541159 -3.156366 -0.255457
v -15.439008 -3.713028 -0.255457
v -15.316083 -4.260919 -0.255457
v -15.172620 -4.799013 -0.255457
v -15.008897 -5.326596 -0.255457
v -14.825198 -5.843213 -0.255457
v -14.621793 -6.348602 -0.255457
v -14.398922 -6.842652 -0.255457
v -14.156771 -7.325342 -0.255457
v -14.185007 -7.271535 0.244543
v -14.450821 -6.732338 0.244543
v -14.692720 -6.179076 0.244543
v -14.910425 -5.611811 0.244543
v -15.103586 -5.030769 0.244543
v -15.271818 -4.436438 0.244543
v -15.414737 -3.829663 0.244543
v -15.531995 -3.211734 0.244543
v -15.623321 -2.584500 0.244543
v -15.688591 -1.950467 0.244542
v -15.727836 -1.312793 0.244542
v -15.741282 -0.675165 0.244542
v -15.729362 -0.041638 0.244542
v -15.692740 0.583524 0.244542
v -15.632346 1.195993 0.244542
v -15.549416 1.791538 0.244542
v -15.445413 2.366730 0.244542
v -15.322393 2.917404 0.244542
v -15.182779 3.440558 0.244542
v -15.029351 3.933777 0.244542
v -14.849289 4.436646 0.244542
v -14.660186 4.899692 0.244542
v -14.465712 5.321689 0.244542
v -14.269029 5.701908 0.244542
v -14.072514 6.040051 0.244542
v -13.877657 6.336173 0.244542
v -13.685213 6.590509 0.244542
v -13.495464 6.803308 0.244542
v -1.665628 1.110446 0.244542
v -1.665628 -1.589554 0.244542
v -0.815628 -3.220209 0.244543
v -0.967291 -3.251633 0.244543
v -1.106567 -3.319388 0.244543
v -1.224908 -3.419309 0.244543
v -1.315042 -3.545264 0.244543
v -1.371436 -3.689514 0.244543
v -1.390628 -3.843204 0.244543
v -1.371436 -3.996893 0.244543
v -1.315042 -4.141147 0.244543
v -1.224908 -4.267099 0.244543
v -1.106567 -4.367023 0.244543
v -0.967291 -4.434778 0.244543
v -0.815628 -4.466202 0.244543
v -2.765628 8.118304 -0.255458
v -2.765628 -4.672403 -0.255457
v -2.920400 -4.684305 -0.255457
v -3.067464 -4.733983 -0.255457
v -3.197749 -4.818370 -0.255457
v -3.303221 -4.932263 -0.255457
v -3.377370 -5.068637 -0.255457
v -3.415625 -5.219077 -0.255457
v -3.415625 -5.374306 -0.255457
v -3.377370 -5.524745 -0.255457
v -3.303221 -5.661118 -0.255457
v -3.197749 -5.775011 -0.255457
v -3.067464 -5.859400 -0.255457
v -2.920400 -5.909076 -0.255457
v -2.765628 -5.920978 -0.255457
v -13.024740 6.925730 -0.255458
v -12.529042 7.043125 -0.255458
v -12.007893 7.155396 -0.255458
v -11.460567 7.262397 -0.255458
v -10.886211 7.363959 -0.255458
v -10.283960 7.459907 -0.255458
v -9.653076 7.550092 -0.255458
v -8.993164 7.634433 -0.255458
v -8.304379 7.712961 -0.255458
v -7.587431 7.785825 -0.255458
v -6.843449 7.853244 -0.255458
v -6.073784 7.915494 -0.255458
v -5.279868 7.972864 -0.255458
v -4.463074 8.025629 -0.255458
v -3.624648 8.074039 -0.255458
v -2.765628 -4.672403 0.244543
v -2.928223 -4.685953 0.244543
v -3.081769 -4.741124 0.244543
v -3.215804 -4.834157 0.244543
v -3.321195 -4.958710 0.244543
v -3.390756 -5.106296 0.244543
v -3.419751 -5.266857 0.244543
v -3.406200 -5.429450 0.244543
v -3.351029 -5.582998 0.244543
v -3.257997 -5.717032 0.244543
v -3.133445 -5.822423 0.244543
v -2.985858 -5.891985 0.244543
v -2.825299 -5.920978 0.244543
v -2.662704 -5.907428 0.244543
v -2.509158 -5.852257 0.244543
v -2.375122 -5.759226 0.244543
v -2.269733 -5.634673 0.244543
v -2.200168 -5.487087 0.244543
v -2.171176 -5.326526 0.244543
v -2.184726 -5.163931 0.244543
v -2.239896 -5.010386 0.244543
v -2.332929 -4.876349 0.244543
v -2.457480 -4.770959 0.244543
v -2.605066 -4.701398 0.244543
v 0.074701 1.110446 0.244542
v -1.895462 7.203309 0.244542
v -1.888647 7.151545 0.244542
v -1.868668 7.103308 0.244542
v -1.836884 7.061887 0.244542
v -1.795462 7.030106 0.244542
v -1.747226 7.010123 0.244542
v -1.695462 7.003308 0.244542
v -1.643698 7.010123 0.244542
v -1.595462 7.030106 0.244542
v -1.554041 7.061887 0.244542
v -1.522256 7.103308 0.244542
v -1.502277 7.151545 0.244542
v -1.495462 7.203309 0.244542
v -1.502277 7.255072 0.244542
v -1.522256 7.303308 0.244542
v -1.554041 7.344730 0.244542
v -1.595462 7.376514 0.244542
v -1.643698 7.396494 0.244542
v -1.695462 7.403308 0.244542
v -1.747226 7.396494 0.244542
v -1.795462 7.376514 0.244542
v -1.836884 7.344730 0.244542
v -1.868668 7.303308 0.244542
v -1.888647 7.255072 0.244542
v -1.865628 -6.136103 0.244543
v -1.858814 -6.187867 0.244543
v -1.838834 -6.236103 0.244543
v -1.807050 -6.277524 0.244543
v -1.765628 -6.309307 0.244543
v -1.717392 -6.329288 0.244543
v -1.665628 -6.336102 0.244543
v -1.613864 -6.329288 0.244543
v -1.565628 -6.309307 0.244543
v -1.524207 -6.277524 0.244543
v -1.492423 -6.236103 0.244543
v -1.472443 -6.187867 0.244543
v -1.465628 -6.136103 0.244543
v -1.472443 -6.084339 0.244543
v -1.492423 -6.036102 0.244543
v -1.524207 -5.994681 0.244543
v -1.565628 -5.962897 0.244543
v -1.613864 -5.942917 0.244543
v -1.665628 -5.936102 0.244543
v -1.717392 -5.942917 0.244543
v -1.765628 -5.962897 0.244543
v -1.807050 -5.994681 0.244543
v -1.838834 -6.036102 0.244543
v -1.858814 -6.084339 0.244543
v -1.895462 5.227436 0.244542
v -1.888647 5.175672 0.244542
v -1.868668 5.127436 0.244542
v -1.836884 5.086014 0.244542
v -1.795462 5.054230 0.244542
v -1.747226 5.034250 0.244542
v -1.695462 5.027436 0.244542
v -1.643698 5.034250 0.244542
v -1.595462 5.054230 0.244542
v -1.554041 5.086014 0.244542
v -1.522256 5.127436 0.244542
v -1.502277 5.175672 0.244542
v -1.495462 5.227436 0.244542
v -1.502277 5.279200 0.244542
v -1.522256 5.327435 0.244542
v -1.554041 5.368857 0.244542
v -1.595462 5.400641 0.244542
v -1.643698 5.420621 0.244542
v -1.695462 5.427435 0.244542
v -1.747226 5.420621 0.244542
v -1.795462 5.400641 0.244542
v -1.836884 5.368857 0.244542
v -1.868668 5.327435 0.244542
v -1.888647 5.279200 0.244542
v -1.865628 -2.691944 0.244543
v -1.858814 -2.743704 0.244543
v -1.838834 -2.791943 0.244543
v -1.807050 -2.833362 0.244543
v -1.765628 -2.865146 0.244543
v -1.717392 -2.885126 0.244543
v -1.665628 -2.891943 0.244543
v -1.613864 -2.885126 0.244543
v -1.565628 -2.865146 0.244543
v -1.524207 -2.833362 0.244543
v -1.492423 -2.791943 0.244543
v -1.472443 -2.743704 0.244543
v -1.465628 -2.691944 0.244543
v -1.472443 -2.640180 0.244543
v -1.492423 -2.591944 0.244543
v -1.524207 -2.550522 0.244543
v -1.565628 -2.518738 0.244543
v -1.613864 -2.498758 0.244543
v -1.665628 -2.491944 0.244543
v -1.717392 -2.498758 0.244543
v -1.765628 -2.518738 0.244543
v -1.807050 -2.550522 0.244543
v -1.838834 -2.591944 0.244543
v -1.858814 -2.640180 0.244543
v -1.895462 3.068228 0.244542
v -1.888647 3.016464 0.244542
v -1.868668 2.968228 0.244542
v -1.836884 2.926807 0.244542
v -1.795462 2.895023 0.244542
v -1.747226 2.875043 0.244542
v -1.695462 2.868228 0.244542
v -1.643698 2.875043 0.244542
v -1.595462 2.895023 0.244542
v -1.554041 2.926807 0.244542
v -1.522256 2.968228 0.244542
v -1.502277 3.016464 0.244542
v -1.495462 3.068228 0.244542
v -1.502277 3.119992 0.244542
v -1.522256 3.168228 0.244542
v -1.554041 3.209650 0.244542
v -1.595462 3.241431 0.244542
v -1.643698 3.261414 0.244542
v -1.695462 3.268229 0.244542
v -1.747226 3.261414 0.244542
v -1.795462 3.241431 0.244542
v -1.836884 3.209650 0.244542
v -1.868668 3.168228 0.244542
v -1.888647 3.119992 0.244542
v -0.815628 -3.218280 0.244543
v -0.825299 8.201108 0.244542
v -13.024740 6.925730 0.244542
v -12.529042 7.043125 0.244542
v -12.007893 7.155396 0.244542
v -11.460567 7.262397 0.244542
v -10.886211 7.363959 0.244542
v -10.283960 7.459907 0.244542
v -9.653076 7.550092 0.244542
v -8.993164 7.634433 0.244542
v -8.304379 7.712961 0.244542
v -7.587431 7.785825 0.244542
v -6.843449 7.853244 0.244542
v -6.073784 7.915494 0.244542
v -5.279868 7.972864 0.244542
v -4.463074 8.025629 0.244542
v -3.624648 8.074039 0.244542
v -2.765628 8.118304 0.244542
v -1.806912 8.162012 0.244542
v 0.074701 -1.589554 0.244542
v -0.815628 -4.468131 0.244543
v 1.124701 -7.056508 0.244543
v 0.836191 -7.024450 0.244543
v 0.560178 -6.998742 0.244543
v 0.296893 -6.979343 0.244543
v 0.046497 -6.966213 0.244543
v -0.190942 -6.959312 0.244543
v -0.415384 -6.958612 0.244543
v -0.626831 -6.964089 0.244543
v -0.825299 -6.975725 0.244543
v 1.124701 -4.676810 0.244543
v 0.979379 -4.713657 0.244543
v 0.847012 -4.784050 0.244543
v 0.735217 -4.883939 0.244543
v 0.650427 -5.007578 0.244543
v 0.597519 -5.147853 0.244543
v 0.579538 -5.296691 0.244543
v 0.597519 -5.445529 0.244543
v 0.650427 -5.585804 0.244543
v 0.735217 -5.709443 0.244543
v 0.847012 -5.809332 0.244543
v 0.979379 -5.879726 0.244543
v 1.124701 -5.916571 0.244543
v 0.304538 7.203309 0.244542
v 0.297723 7.255072 0.244542
v 0.277744 7.303308 0.244542
v 0.245959 7.344730 0.244542
v 0.204538 7.376514 0.244542
v 0.156302 7.396494 0.244542
v 0.104538 7.403308 0.244542
v 0.052774 7.396494 0.244542
v 0.004538 7.376514 0.244542
v -0.036884 7.344730 0.244542
v -0.068668 7.303308 0.244542
v -0.088647 7.255072 0.244542
v -0.095462 7.203309 0.244542
v -0.088647 7.151545 0.244542
v -0.068668 7.103308 0.244542
v -0.036884 7.061887 0.244542
v 0.004538 7.030106 0.244542
v 0.052774 7.010123 0.244542
v 0.104538 7.003308 0.244542
v 0.156302 7.010123 0.244542
v 0.204538 7.030106 0.244542
v 0.245959 7.061887 0.244542
v 0.277744 7.103308 0.244542
v 0.297723 7.151545 0.244542
v 0.274701 -6.136103 0.244543
v 0.267886 -6.084339 0.244543
v 0.247906 -6.036102 0.244543
v 0.216122 -5.994681 0.244543
v 0.174701 -5.962897 0.244543
v 0.126465 -5.942917 0.244543
v 0.074701 -5.936102 0.244543
v 0.022937 -5.942917 0.244543
v -0.025299 -5.962897 0.244543
v -0.066721 -5.994681 0.244543
v -0.098502 -6.036102 0.244543
v -0.118481 -6.084339 0.244543
v -0.125299 -6.136103 0.244543
v -0.118481 -6.187867 0.244543
v -0.098502 -6.236103 0.244543
v -0.066721 -6.277524 0.244543
v -0.025299 -6.309307 0.244543
v 0.022937 -6.329288 0.244543
v 0.074701 -6.336102 0.244543
v 0.126465 -6.329288 0.244543
v 0.174701 -6.309307 0.244543
v 0.216122 -6.277524 0.244543
v 0.247906 -6.236103 0.244543
v 0.267886 -6.187867 0.244543
v 0.304538 5.227436 0.244542
v 0.297723 5.279200 0.244542
v 0.277744 5.327435 0.244542
v 0.245959 5.368857 0.244542
v 0.204538 5.400641 0.244542
v 0.156302 5.420621 0.244542
v 0.104538 5.427435 0.244542
v 0.052774 5.420621 0.244542
v 0.004538 5.400641 0.244542
v -0.036884 5.368857 0.244542
v -0.068668 5.327435 0.244542
v -0.088647 5.279200 0.244542
v -0.095462 5.227436 0.244542
v -0.088647 5.175672 0.244542
v -0.068668 5.127436 0.244542
v -0.036884 5.086014 0.244542
v 0.004538 5.054230 0.244542
v 0.052774 5.034250 0.244542
v 0.104538 5.027436 0.244542
v 0.156302 5.034250 0.244542
v 0.204538 5.054230 0.244542
v 0.245959 5.086014 0.244542
v 0.277744 5.127436 0.244542
v 0.297723 5.175672 0.244542
v 0.274701 -2.691944 0.244543
v 0.267886 -2.640180 0.244543
v 0.247906 -2.591944 0.244543
v 0.216122 -2.550522 0.244543
v 0.174701 -2.518738 0.244543
v 0.126465 -2.498758 0.244543
v 0.074701 -2.491944 0.244543
v 0.022937 -2.498758 0.244543
v -0.025299 -2.518738 0.244543
v -0.066721 -2.550522 0.244543
v -0.098502 -2.591944 0.244543
v -0.118481 -2.640180 0.244543
v -0.125299 -2.691944 0.244543
v -0.118481 -2.743704 0.244543
v -0.098502 -2.791943 0.244543
v -0.066721 -2.833362 0.244543
v -0.025299 -2.865146 0.244543
v 0.022937 -2.885126 0.244543
v 0.074701 -2.891943 0.244543
v 0.126465 -2.885126 0.244543
v 0.174701 -2.865146 0.244543
v 0.216122 -2.833362 0.244543
v 0.247906 -2.791943 0.244543
v 0.267886 -2.743704 0.244543
v 0.304538 3.068228 0.244542
v 0.297723 3.119992 0.244542
v 0.277744 3.168228 0.244542
v 0.245959 3.209650 0.244542
v 0.204538 3.241431 0.244542
v 0.156302 3.261414 0.244542
v 0.104538 3.268229 0.244542
v 0.052774 3.261414 0.244542
v 0.004538 3.241431 0.244542
v -0.036884 3.209650 0.244542
v -0.068668 3.168228 0.244542
v -0.088647 3.119992 0.244542
v -0.095462 3.068228 0.244542
v -0.088647 3.016464 0.244542
v -0.068668 2.968228 0.244542
v -0.036884 2.926807 0.244542
v 0.004538 2.895023 0.244542
v 0.052774 2.875043 0.244542
v 0.104538 2.868228 0.244542
v 0.156302 2.875043 0.244542
v 0.204538 2.895023 0.244542
v 0.245959 2.926807 0.244542
v 0.277744 2.968228 0.244542
v 0.297723 3.016464 0.244542
v -0.655765 -4.444772 0.244543
v -0.507233 -4.381220 0.244543
v -0.379950 -4.281714 0.244543
v -0.282428 -4.152908 0.244543
v -0.221179 -4.003409 0.244543
v -0.200299 -3.843204 0.244543
v -0.221179 -3.683002 0.244543
v -0.282428 -3.533499 0.244543
v -0.379950 -3.404697 0.244543
v -0.507233 -3.305191 0.244543
v -0.655765 -3.241638 0.244543
v -0.825299 8.203308 0.244542
v 1.124701 8.120728 0.244542
v 0.161224 8.164337 0.244542
vn -0.0000 -0.0000 1.0000
vn 0.9795 0.2013 -0.0000
vn 1.0000 -0.0000 -0.0000
vn 0.9795 -0.2013 -0.0000
vn 0.9190 -0.3944 -0.0000
vn 0.8208 -0.5713 -0.0000
vn 0.6890 -0.7248 -0.0000
vn 0.5290 -0.8486 -0.0000
vn 0.3473 -0.9378 -0.0000
vn 0.1514 -0.9885 -0.0000
vn -0.0506 -0.9987 -0.0000
vn -0.2506 -0.9681 -0.0000
vn -0.2507 -0.9681 -0.0000
vn -0.4404 -0.8978 -0.0000
vn -0.6121 -0.7908 -0.0000
vn -0.7588 -0.6514 -0.0000
vn -0.8743 -0.4853 -0.0000
vn -0.9541 -0.2994 -0.0000
vn -0.9949 -0.1012 -0.0000
vn -0.9949 0.1012 -0.0000
vn -0.9541 0.2994 -0.0000
vn -0.8743 0.4853 -0.0000
vn -0.7588 0.6514 -0.0000
vn -0.6121 0.7908 -0.0000
vn -0.4404 0.8978 -0.0000
vn -0.2507 0.9681 -0.0000
vn -0.0507 0.9987 -0.0000
vn 0.1514 0.9885 -0.0000
vn 0.3473 0.9378 -0.0000
vn 0.5290 0.8486 -0.0000
vn 0.6890 0.7248 -0.0000
vn 0.8208 0.5713 -0.0000
vn 0.9190 0.3944 -0.0000
vn -0.9819 0.1893 -0.0000
vn -1.0000 -0.0000 -0.0000
vn -0.9819 -0.1893 -0.0000
vn -0.9284 -0.3717 -0.0000
vn -0.8413 -0.5406 -0.0000
vn -0.7237 -0.6901 -0.0000
vn -0.5801 -0.8146 -0.0000
vn -0.4154 -0.9096 -0.0000
vn -0.2358 -0.9718 -0.0000
vn -0.0476 -0.9989 -0.0000
vn 0.1423 -0.9898 -0.0000
vn 0.3271 -0.9450 -0.0000
vn 0.5000 -0.8660 -0.0000
vn 0.6549 -0.7558 -0.0000
vn 0.6549 -0.7557 -0.0000
vn 0.7861 -0.6182 -0.0000
vn 0.8888 -0.4582 -0.0000
vn 0.9595 -0.2817 -0.0000
vn 0.9955 -0.0951 -0.0000
vn 0.9955 0.0951 -0.0000
vn 0.9595 0.2817 -0.0000
vn 0.8888 0.4582 -0.0000
vn 0.7861 0.6182 -0.0000
vn 0.6549 0.7557 -0.0000
vn 0.6549 0.7558 -0.0000
vn 0.5000 0.8660 -0.0000
vn 0.3271 0.9450 -0.0000
vn 0.1423 0.9898 -0.0000
vn -0.0476 0.9989 -0.0000
vn -0.2358 0.9718 -0.0000
vn -0.4154 0.9096 -0.0000
vn -0.5801 0.8146 -0.0000
vn -0.7237 0.6901 -0.0000
vn -0.8413 0.5406 -0.0000
vn -0.9284 0.3717 -0.0000
vn -0.9659 -0.2588 -0.0000
vn -0.9659 0.2588 -0.0000
vn -0.8660 0.5000 -0.0000
vn -0.7071 0.7071 -0.0000
vn -0.5000 0.8660 -0.0000
vn -0.2588 0.9659 -0.0000
vn -0.0000 1.0000 -0.0000
vn 0.2588 0.9659 -0.0000
vn 0.7071 0.7071 -0.0000
vn 0.8660 0.5000 -0.0000
vn 0.9659 0.2588 -0.0000
vn 0.9659 -0.2588 -0.0000
vn 0.8660 -0.5000 -0.0000
vn 0.7071 -0.7071 -0.0000
vn 0.2588 -0.9659 -0.0000
vn -0.0000 -1.0000 -0.0000
vn -0.2588 -0.9659 -0.0000
vn -0.5000 -0.8660 -0.0000
vn -0.7071 -0.7071 -0.0000
vn -0.8660 -0.5000 -0.0000
vn 0.0653 -0.9979 -0.0000
vn 0.0326 -0.9995 0.0001
vn 0.0294 -0.9996 -0.0000
vn 0.0032 -1.0000 -0.0000
vn -0.0006 -1.0000 -0.0000
vn -0.0230 -0.9997 -0.0000
vn -0.0407 -0.9992 -0.0000
vn -0.0465 -0.9989 -0.0000
vn -0.0725 -0.9974 -0.0000
vn -0.0677 -0.9977 -0.0000
vn -0.0871 -0.9962 -0.0001
vn -0.0983 -0.9952 -0.0000
vn -0.1051 -0.9945 -0.0000
vn -0.1193 -0.9929 -0.0000
vn -0.1216 -0.9926 -0.0000
vn -0.1215 -0.9926 -0.0000
vn -0.1431 -0.9897 -0.0000
vn -0.1428 -0.9898 -0.0000
vn -0.1627 -0.9867 -0.0000
vn -0.1818 -0.9833 -0.0000
vn -0.2006 -0.9797 -0.0000
vn -0.2196 -0.9756 -0.0000
vn -0.2394 -0.9709 -0.0000
vn -0.2604 -0.9655 -0.0000
vn -0.2828 -0.9592 -0.0000
vn -0.3067 -0.9518 -0.0000
vn -0.3071 -0.9517 -0.0000
vn -0.3331 -0.9429 -0.0000
vn -0.3606 -0.9327 -0.0000
vn -0.3609 -0.9326 -0.0000
vn -0.3900 -0.9208 -0.0000
vn -0.3903 -0.9207 -0.0000
vn -0.4205 -0.9073 -0.0000
vn -0.4506 -0.8927 -0.0000
vn -0.4795 -0.8776 -0.0000
vn -0.4795 -0.8775 -0.0000
vn -0.5035 -0.8640 -0.0000
vn -0.5183 -0.8552 -0.0000
vn -0.5180 -0.8554 -0.0000
vn -0.4941 -0.8694 -0.0000
vn -0.4350 -0.9004 -0.0000
vn -0.3265 -0.9452 -0.0000
vn -0.1580 -0.9874 -0.0000
vn -0.0536 -0.9986 -0.0000
vn 0.0585 -0.9983 -0.0000
vn 0.0582 -0.9983 -0.0000
vn 0.1707 -0.9853 -0.0000
vn 0.2782 -0.9605 -0.0000
vn 0.2784 -0.9605 -0.0000
vn 0.3753 -0.9269 -0.0000
vn 0.3754 -0.9268 -0.0000
vn 0.4598 -0.8880 -0.0000
vn 0.5310 -0.8474 -0.0000
vn 0.5311 -0.8473 -0.0000
vn 0.5903 -0.8072 -0.0000
vn 0.6390 -0.7692 -0.0000
vn 0.6790 -0.7341 -0.0000
vn 0.7120 -0.7022 -0.0000
vn 0.7394 -0.6733 -0.0000
vn 0.7621 -0.6474 -0.0000
vn 0.7622 -0.6473 -0.0000
vn 0.7811 -0.6244 -0.0000
vn 0.7974 -0.6035 -0.0000
vn 0.8115 -0.5843 -0.0000
vn 0.8116 -0.5842 -0.0000
vn 0.8234 -0.5675 -0.0000
vn 0.8236 -0.5672 -0.0000
vn 0.8339 -0.5520 -0.0000
vn 0.8431 -0.5378 -0.0000
vn 0.8513 -0.5247 -0.0000
vn -0.9858 0.1679 -0.0000
vn -1.0000 -0.0032 -0.0000
vn -1.0000 -0.0033 -0.0000
vn -0.9957 -0.0922 -0.0000
vn -0.9907 -0.1362 -0.0000
vn -0.9861 -0.1661 -0.0000
vn -0.9860 -0.1665 -0.0000
vn -0.9806 -0.1959 -0.0000
vn -0.9730 -0.2307 -0.0000
vn -0.9730 -0.2308 -0.0000
vn -0.9616 -0.2746 -0.0000
vn -0.9438 -0.3304 -0.0000
vn -0.9168 -0.3994 -0.0000
vn -0.8772 -0.4801 -0.0000
vn -0.8772 -0.4802 -0.0000
vn -0.8223 -0.5691 -0.0000
vn -0.7511 -0.6602 -0.0000
vn -0.7512 -0.6601 -0.0000
vn -0.6652 -0.7466 -0.0000
vn -0.5693 -0.8221 -0.0000
vn -0.4671 -0.8842 -0.0000
vn -0.4672 -0.8842 -0.0000
vn -0.3647 -0.9311 -0.0000
vn -0.2656 -0.9641 -0.0000
vn -0.1721 -0.9851 -0.0000
vn -0.1720 -0.9851 -0.0000
vn -0.0848 -0.9964 -0.0000
vn -0.0034 -1.0000 -0.0000
vn 0.0733 -0.9973 -0.0000
vn 0.1472 -0.9891 -0.0000
vn 0.2207 -0.9753 -0.0000
vn 0.2951 -0.9555 -0.0000
vn 0.3740 -0.9274 -0.0000
vn 0.3739 -0.9274 -0.0000
vn 0.4594 -0.8882 -0.0000
vn 0.5531 -0.8331 -0.0000
vn 0.6550 -0.7556 -0.0000
vn 0.6551 -0.7556 -0.0000
vn 0.7615 -0.6482 -0.0000
vn 0.8628 -0.5055 -0.0000
vn 0.9443 -0.3292 -0.0000
vn 0.9911 -0.1329 -0.0000
vn 0.9911 -0.1328 -0.0000
vn 0.9981 0.0615 -0.0000
vn 0.9981 0.0616 -0.0000
vn 0.9721 0.2345 -0.0000
vn 0.9263 0.3769 -0.0000
vn 0.8723 0.4890 -0.0000
vn 0.8722 0.4891 -0.0000
vn 0.8173 0.5762 -0.0000
vn 0.7646 0.6445 -0.0000
vn 0.7153 0.6988 -0.0000
vn 0.6691 0.7432 -0.0000
vn 0.6251 0.7805 -0.0000
vn 0.5823 0.8129 -0.0000
vn 0.5391 0.8422 -0.0000
vn 0.4946 0.8691 -0.0000
vn 0.4472 0.8944 -0.0000
vn 0.3962 0.9182 -0.0000
vn 0.3958 0.9183 -0.0000
vn 0.3397 0.9405 -0.0000
vn 0.2775 0.9607 -0.0000
vn 0.2777 0.9607 -0.0000
vn 0.2101 0.9777 -0.0000
vn 0.1396 0.9902 -0.0000
vn 0.0676 0.9977 -0.0000
vn -0.0026 1.0000 -0.0000
vn -0.0684 0.9977 -0.0000
vn -0.0683 0.9977 -0.0000
vn -0.1285 0.9917 -0.0000
vn -0.1284 0.9917 -0.0000
vn -0.1830 0.9831 -0.0000
vn -0.1831 0.9831 -0.0000
vn -0.2332 0.9724 -0.0000
vn -0.2827 0.9592 -0.0000
vn -0.2826 0.9592 -0.0000
vn -0.3354 0.9421 -0.0000
vn -0.3355 0.9420 -0.0000
vn -0.3999 0.9166 -0.0000
vn -0.4861 0.8739 -0.0000
vn -0.6061 0.7954 -0.0000
vn -0.6060 0.7954 -0.0000
vn -0.7614 0.6482 -0.0000
vn -0.7614 0.6483 -0.0000
vn -0.8413 0.5405 -0.0000
vn -0.9096 0.4156 -0.0000
vn -0.9096 0.4155 -0.0000
vn -0.9848 0.1736 -0.0000
vn -0.9848 -0.1736 -0.0000
vn -0.9397 -0.3420 -0.0000
vn -0.7660 -0.6428 -0.0000
vn -0.6428 -0.7660 -0.0000
vn -0.3420 -0.9397 -0.0000
vn -0.1736 -0.9848 -0.0000
vn 0.1736 -0.9848 -0.0000
vn 0.3420 -0.9397 -0.0000
vn 0.6428 -0.7660 -0.0000
vn 0.7660 -0.6428 -0.0000
vn 0.9397 -0.3420 -0.0000
vn 0.9848 -0.1736 -0.0000
vn 0.9848 0.1736 -0.0000
vn 0.9397 0.3420 -0.0000
vn 0.7660 0.6428 -0.0000
vn 0.6428 0.7660 -0.0000
vn 0.3420 0.9397 -0.0000
vn 0.1736 0.9848 -0.0000
vn -0.1736 0.9848 -0.0000
vn -0.3420 0.9397 -0.0000
vn -0.6428 0.7660 -0.0000
vn -0.7660 0.6428 -0.0000
vn -0.9397 0.3420 -0.0000
vn -0.9625 -0.2713 -0.0000
vn -0.9296 -0.3686 -0.0000
vn -0.9296 -0.3685 -0.0000
vn -0.8775 -0.4797 -0.0000
vn -0.8775 -0.4796 -0.0000
vn -0.8014 -0.5981 -0.0000
vn -0.7015 -0.7126 -0.0000
vn -0.5848 -0.8112 -0.0000
vn -0.5847 -0.8113 -0.0000
vn -0.4648 -0.8854 -0.0000
vn -0.2621 -0.9651 -0.0000
vn -0.2621 -0.9650 -0.0000
vn -0.1362 -0.9907 -0.0000
vn -0.0744 -0.9972 -0.0000
vn -0.0523 -0.9986 -0.0000
vn -0.0507 -0.9987 -0.0000
vn -0.0571 -0.9984 -0.0000
vn -0.0647 -0.9979 -0.0000
vn -0.0648 -0.9979 -0.0000
vn -0.0688 -0.9976 -0.0000
vn -0.0687 -0.9976 -0.0000
vn -0.0663 -0.9978 -0.0000
vn -0.0343 -0.9994 -0.0000
vn -0.0012 -1.0000 -0.0000
vn 0.0456 -0.9990 -0.0000
vn 0.1079 -0.9942 -0.0000
vn 0.1867 -0.9824 -0.0000
vn 0.2818 -0.9595 -0.0000
vn 0.3905 -0.9206 -0.0000
vn 0.5077 -0.8615 -0.0000
vn 0.6261 -0.7798 -0.0000
vn 0.7382 -0.6746 -0.0000
vn 0.7378 -0.6750 -0.0000
vn 0.8354 -0.5497 -0.0000
vn 0.9124 -0.4093 -0.0000
vn 0.9125 -0.4090 -0.0000
vn 0.9658 -0.2591 -0.0000
vn 0.9658 -0.2592 -0.0000
vn 0.9942 -0.1076 -0.0000
vn 0.9992 0.0389 -0.0000
vn 0.9848 0.1738 -0.0000
vn 0.9565 0.2918 -0.0000
vn 0.9205 0.3907 -0.0000
vn 0.8824 0.4705 -0.0000
vn 0.8459 0.5334 -0.0000
vn 0.8132 0.5820 -0.0000
vn 0.7847 0.6199 -0.0000
vn 0.7601 0.6498 -0.0000
vn 0.7383 0.6744 -0.0000
vn 0.7384 0.6743 -0.0000
vn 0.7179 0.6962 -0.0000
vn 0.6966 0.7174 -0.0000
vn 0.6966 0.7175 -0.0000
vn 0.6718 0.7408 -0.0000
vn 0.6403 0.7681 -0.0000
vn 0.5984 0.8012 -0.0000
vn 0.5407 0.8412 -0.0000
vn 0.4604 0.8877 -0.0000
vn 0.3486 0.9373 -0.0000
vn 0.2779 0.9606 -0.0000
vn 0.1963 0.9805 -0.0000
vn 0.1038 0.9946 -0.0000
vn 0.0014 1.0000 -0.0000
vn 0.0013 1.0000 -0.0000
vn -0.1080 0.9941 -0.0000
vn -0.1081 0.9941 -0.0000
vn -0.2207 0.9753 -0.0000
vn -0.3317 0.9434 -0.0000
vn -0.4364 0.8997 -0.0000
vn -0.4364 0.8998 -0.0000
vn -0.5307 0.8476 -0.0000
vn -0.5306 0.8476 -0.0000
vn -0.6127 0.7904 -0.0000
vn -0.6127 0.7903 -0.0000
vn -0.6819 0.7315 -0.0000
vn -0.7391 0.6736 -0.0000
vn -0.7857 0.6186 -0.0000
vn -0.8234 0.5674 -0.0000
vn -0.8539 0.5205 -0.0000
vn -0.8539 0.5204 -0.0000
vn -0.8786 0.4776 -0.0000
vn -0.9150 0.4035 -0.0000
vn -0.9571 0.2897 -0.0000
vn -0.9699 0.2434 -0.0000
vn -0.9700 0.2433 -0.0000
vn -0.9797 0.2003 -0.0000
vn -0.9877 0.1565 -0.0000
vn -0.9876 0.1570 -0.0000
vn -0.9939 0.1099 -0.0000
vn -0.9939 0.1098 -0.0000
vn -0.9986 0.0538 -0.0000
vn -0.9998 0.0201 -0.0000
vn -0.9998 -0.0193 -0.0000
vn -0.9978 -0.0658 -0.0000
vn -0.9926 -0.1217 -0.0000
vn -0.9819 -0.1895 -0.0000
vn -0.9730 0.2306 -0.0000
vn -0.9730 -0.2306 -0.0000
vn -0.8936 -0.4488 -0.0000
vn -0.7661 -0.6428 -0.0000
vn -0.5972 -0.8021 -0.0000
vn -0.3961 -0.9182 -0.0000
vn -0.1737 -0.9848 -0.0000
vn 0.0581 -0.9983 -0.0000
vn 0.2868 -0.9580 -0.0000
vn 0.6862 -0.7274 -0.0000
vn 0.8355 -0.5495 -0.0000
vn 0.9932 -0.1161 -0.0000
vn 0.9932 0.1161 -0.0000
vn 0.8355 0.5495 -0.0000
vn 0.6862 0.7274 -0.0000
vn 0.2868 0.9580 -0.0000
vn 0.0581 0.9983 -0.0000
vn -0.3961 0.9182 -0.0000
vn -0.5972 0.8021 -0.0000
vn -0.8936 0.4488 -0.0000
vn 0.7140 0.7002 -0.0000
vn 0.7645 0.6446 -0.0000
vn 0.7739 0.6333 -0.0000
vn 0.8035 0.5953 -0.0000
vn 0.8177 0.5757 -0.0000
vn 0.8341 0.5516 -0.0000
vn 0.8508 0.5255 -0.0000
vn 0.8588 0.5123 -0.0000
vn 0.8769 0.4807 -0.0000
vn 0.8794 0.4760 -0.0000
vn 0.8985 0.4390 -0.0000
vn 0.8970 0.4421 -0.0000
vn 0.9127 0.4087 -0.0000
vn 0.9172 0.3985 -0.0000
vn 0.9268 0.3755 -0.0000
vn 0.9337 0.3579 -0.0000
vn 0.9398 0.3419 -0.0000
vn 0.9486 0.3165 -0.0000
vn 0.9515 0.3076 -0.0000
vn 0.9607 0.2777 -0.0001
vn 0.9621 0.2726 -0.0000
vn 0.9712 0.2381 -0.0000
vn 0.9715 0.2371 -0.0000
vn 0.9795 0.2014 -0.0000
vn 0.9802 0.1981 -0.0001
vn 0.9863 0.1652 0.0001
vn 0.9874 0.1580 -0.0000
vn 0.9916 0.1292 -0.0000
vn 0.9930 0.1181 -0.0001
vn 0.9956 0.0935 0.0001
vn 0.9969 0.0783 -0.0000
vn 0.9983 0.0578 0.0001
vn 0.9993 0.0387 -0.0000
vn 0.9998 0.0221 -0.0000
vn 1.0000 -0.0011 -0.0000
vn 0.9999 -0.0137 -0.0000
vn 0.9992 -0.0412 -0.0001
vn 0.9988 -0.0498 -0.0000
vn 0.9966 -0.0818 -0.0000
vn 0.9963 -0.0865 -0.0000
vn 0.9924 -0.1231 -0.0000
vn 0.9923 -0.1236 -0.0000
vn 0.9869 -0.1612 -0.0000
vn 0.9863 -0.1652 -0.0001
vn 0.9799 -0.1997 -0.0000
vn 0.9782 -0.2078 -0.0000
vn 0.9712 -0.2383 -0.0000
vn 0.9680 -0.2508 -0.0000
vn 0.9609 -0.2770 0.0001
vn 0.9558 -0.2939 -0.0000
vn 0.9488 -0.3158 0.0001
vn 0.9415 -0.3369 -0.0000
vn 0.9351 -0.3543 -0.0000
vn 0.9252 -0.3796 -0.0000
vn 0.9198 -0.3923 -0.0001
vn 0.9068 -0.4215 -0.0000
vn 0.9028 -0.4300 0.0001
vn 0.8865 -0.4626 -0.0000
vn 0.8844 -0.4667 -0.0000
vn 0.8644 -0.5028 -0.0000
vn -0.0800 -0.9968 -0.0000
vn -0.3227 -0.9465 -0.0000
vn -0.5455 -0.8381 -0.0000
vn -0.7348 -0.6782 -0.0000
vn -0.8791 -0.4767 -0.0000
vn -0.9693 -0.2459 -0.0000
vn -0.9693 0.2459 -0.0000
vn -0.8791 0.4767 -0.0000
vn -0.7348 0.6782 -0.0000
vn -0.5455 0.8381 -0.0000
vn -0.3227 0.9465 -0.0000
vn -0.0800 0.9968 -0.0000
vn 0.0477 -0.9989 -0.0000
vn -0.1999 -0.9798 -0.0000
vn -0.2124 -0.9772 -0.0000
vn -0.4352 -0.9003 -0.0000
vn -0.4581 -0.8889 -0.0000
vn -0.6437 -0.7653 -0.0000
vn -0.6725 -0.7401 -0.0000
vn -0.8124 -0.5831 -0.0000
vn -0.8412 -0.5407 -0.0000
vn -0.9310 -0.3649 -0.0000
vn -0.9525 -0.3046 -0.0000
vn -0.9923 -0.1242 -0.0000
vn -0.9989 -0.0477 -0.0000
vn -0.9923 0.1242 -0.0000
vn -0.9772 0.2124 -0.0000
vn -0.9310 0.3649 -0.0000
vn -0.8889 0.4581 -0.0000
vn -0.8124 0.5831 -0.0000
vn -0.7401 0.6725 -0.0000
vn -0.6437 0.7653 -0.0000
vn -0.5408 0.8412 -0.0000
vn -0.4352 0.9003 -0.0000
vn -0.3046 0.9525 -0.0000
vn -0.1999 0.9798 -0.0000
vn -0.0477 0.9989 -0.0000
vn 0.0477 0.9989 -0.0000
vn 0.0693 0.9976 -0.0000
vn 0.0908 0.9959 -0.0000
vn 0.2124 0.9772 -0.0000
vn 0.1123 0.9937 -0.0000
vn 0.3481 0.9375 -0.0000
vn 0.4581 0.8889 -0.0000
vn 0.5635 0.8261 -0.0000
vn 0.6726 0.7401 -0.0000
vn 0.7458 0.6662 -0.0000
vn 0.8412 0.5408 -0.0000
vn 0.8842 0.4672 -0.0000
vn 0.9525 0.3046 -0.0000
vn 0.9706 0.2406 -0.0000
vn 0.9989 0.0477 -0.0000
vn 0.9772 -0.2124 -0.0000
vn 0.9706 -0.2407 -0.0000
vn 0.8889 -0.4581 -0.0000
vn 0.8841 -0.4672 -0.0000
vn 0.7401 -0.6725 -0.0000
vn 0.7458 -0.6662 -0.0000
vn 0.5635 -0.8261 -0.0000
vn 0.5408 -0.8412 -0.0000
vn 0.3481 -0.9375 -0.0000
vn 0.3046 -0.9525 -0.0000
vn 0.1123 -0.9937 0.0007
vn 0.0908 -0.9959 -0.0000
vn 0.0693 -0.9976 0.0001
vn -0.2782 0.9605 -0.0001
vn -0.0242 0.9997 -0.0000
vn 0.2194 0.9756 -0.0000
vn 0.4499 0.8931 -0.0000
vn 0.6533 0.7571 -0.0000
vn 0.8176 0.5757 -0.0000
vn 0.9330 0.3598 -0.0000
vn 0.9925 0.1224 -0.0000
vn 0.9925 -0.1224 -0.0000
vn 0.9330 -0.3598 -0.0000
vn 0.8176 -0.5757 -0.0000
vn 0.6533 -0.7571 -0.0000
vn 0.4498 -0.8931 -0.0000
vn 0.2194 -0.9756 -0.0000
vn -0.0242 -0.9997 -0.0000
vn -0.2588 -0.9659 0.0001
vn -0.2782 -0.9605 -0.0000
vn -0.5139 -0.8579 -0.0001
vn -0.7156 -0.6985 -0.0000
vn -0.8661 -0.4999 0.0001
vn -0.8700 -0.4930 -0.0000
vn -0.9659 -0.2589 -0.0000
vn -0.9670 -0.2548 -0.0002
vn -0.9670 0.2548 -0.0002
vn -0.9659 0.2589 -0.0000
vn -0.8700 0.4930 -0.0000
vn -0.8661 0.4999 0.0001
vn -0.7156 0.6985 0.0001
vn -0.7071 0.7071 -0.0001
vn -0.5139 0.8579 -0.0002
vn -0.2782 0.9605 -0.0000
vn -0.0241 0.9997 -0.0000
vn 0.4498 0.8931 -0.0000
vn 0.9330 0.3599 -0.0000
vn 0.9330 -0.3599 -0.0000
vn -0.0241 -0.9997 -0.0000
vn -0.5000 -0.8660 0.0001
vn -0.7156 -0.6985 -0.0001
vn -0.9659 0.2588 0.0001
vn -0.8700 0.4930 -0.0001
vn -0.7156 0.6985 -0.0001
vn -0.5139 0.8579 -0.0001
vn -0.5139 -0.8579 -0.0000
vn -0.8700 -0.4931 -0.0000
vn -0.7156 0.6985 -0.0000
vn -0.2589 -0.9659 -0.0000
vn -0.9659 -0.2588 0.0001
vn -0.8700 0.4931 0.0001
vn -0.5139 0.8579 -0.0000
vn -0.2782 -0.9605 -0.0001
vn -0.5139 -0.8579 -0.0002
vn -0.7071 -0.7071 -0.0001
vn 0.0371 0.9993 -0.0000
vn 0.0423 0.9991 -0.0000
vn 0.0425 0.9991 -0.0000
vn 0.0483 0.9988 -0.0000
vn 0.0485 0.9988 0.0001
vn 0.0486 0.9988 -0.0000
vn 0.0546 0.9985 -0.0000
vn 0.0611 0.9981 -0.0000
vn 0.0678 0.9977 -0.0000
vn 0.0763 0.9971 -0.0000
vn 0.0854 0.9963 -0.0000
vn 0.0957 0.9954 -0.0000
vn 0.1072 0.9942 -0.0000
vn 0.1200 0.9928 -0.0000
vn 0.1341 0.9910 -0.0000
vn 0.1494 0.9888 -0.0000
vn 0.1657 0.9862 -0.0000
vn 0.1830 0.9831 -0.0000
vn 0.2012 0.9795 -0.0000
vn 0.2205 0.9754 -0.0000
vn 0.2408 0.9706 -0.0000
vn 0.2411 0.9705 -0.0000
vn 0.2630 0.9648 -0.0000
vn 0.1188 -0.9929 -0.0000
vn 0.1017 -0.9948 -0.0000
vn 0.0944 -0.9955 -0.0000
vn 0.0832 -0.9965 0.0003
vn 0.0719 -0.9974 -0.0000
vn 0.0631 -0.9980 -0.0000
vn 0.0670 -0.9978 -0.0000
vn 0.0398 -0.9992 -0.0000
vn 0.0410 -0.9992 -0.0000
vn 0.0357 -0.9994 -0.0000
vn 0.0164 -0.9999 -0.0000
vn -0.0110 -0.9999 -0.0000
vn -0.0309 -0.9995 -0.0001
vn -0.0418 -0.9991 0.0001
vn -0.0670 -0.9978 -0.0000
vn -0.0764 -0.9971 -0.0000
vn -0.0717 -0.9974 -0.0000
vn -0.1278 -0.9918 -0.0000
vn -0.3603 -0.9329 -0.0000
vn -0.5720 -0.8202 -0.0000
vn -0.7509 -0.6604 -0.0000
vn -0.8866 -0.4626 -0.0000
vn -0.9712 -0.2381 -0.0000
vn -0.9712 0.2381 -0.0000
vn -0.8866 0.4626 -0.0000
vn -0.7509 0.6604 -0.0000
vn -0.5720 0.8202 -0.0000
vn -0.3603 0.9329 -0.0000
vn -0.1278 0.9918 -0.0000
vn -0.7156 -0.6985 -0.0002
vn 0.8176 0.5758 -0.0000
vn 0.8661 0.4999 -0.0000
vn 0.8661 -0.4999 -0.0000
vn 0.2194 -0.9756 0.0001
vn -1.0000 -0.0000 0.0004
vn 0.8176 -0.5758 -0.0000
vn 0.0153 0.9999 -0.0000
vn 0.0155 0.9999 -0.0000
vn 0.0236 0.9997 0.0001
vn 0.0319 0.9995 0.0001
vn 0.0400 0.9992 -0.0000
vn 0.0482 0.9988 -0.0000
vn 0.0563 0.9984 -0.0000
vn 0.0645 0.9979 -0.0000
vn 0.2713 0.9625 -0.0000
vn 0.3104 0.9506 -0.0000
vn 0.5089 0.8608 -0.0000
vn 0.5368 0.8437 -0.0000
vn 0.7126 0.7016 -0.0000
vn 0.7296 0.6839 -0.0000
vn 0.8686 0.4955 -0.0000
vn 0.8766 0.4812 -0.0000
vn 0.9666 0.2563 -0.0000
vn 0.9687 0.2484 -0.0000
vn 0.9687 -0.2484 -0.0000
vn 0.9666 -0.2563 -0.0000
vn 0.8766 -0.4812 -0.0000
vn 0.8686 -0.4955 -0.0000
vn 0.7296 -0.6839 -0.0000
vn 0.7126 -0.7016 -0.0000
vn 0.5368 -0.8437 -0.0000
vn 0.5089 -0.8608 -0.0000
vn 0.3104 -0.9506 -0.0000
vn 0.2712 -0.9625 -0.0000
vn 0.0646 -0.9979 -0.0001
vn 0.0155 -0.9999 -0.0000
vn 0.0564 -0.9984 -0.0000
vn 0.0482 -0.9988 -0.0000
vn 0.0400 -0.9992 0.0001
vn 0.0319 -0.9995 -0.0000
vn 0.0236 -0.9997 0.0001
vn 0.0154 -0.9999 -0.0000
vn -0.0482 0.9988 -0.0000
vn -0.0425 0.9991 -0.0000
vn -0.0483 0.9988 -0.0000
vn -0.0423 0.9991 -0.0001
vn -0.0370 0.9993 -0.0000
vn -0.0367 0.9993 -0.0000
vn -0.0368 0.9993 -0.0000
vn -0.0000 -0.0000 -1.0000
vn -0.0653 -0.9979 -0.0000
vn -0.0324 -0.9995 -0.0000
vn -0.0294 -0.9996 -0.0000
vn -0.0032 -1.0000 -0.0000
vn 0.0006 -1.0000 -0.0000
vn 0.0230 -0.9997 -0.0000
vn 0.0407 -0.9992 -0.0000
vn 0.0465 -0.9989 -0.0000
vn 0.0725 -0.9974 -0.0000
vn 0.0677 -0.9977 -0.0000
vn 0.0872 -0.9962 0.0001
vn 0.0983 -0.9952 -0.0000
vn 0.1055 -0.9944 -0.0000
vn 0.1193 -0.9929 -0.0000
vn 0.1216 -0.9926 -0.0000
vn 0.1215 -0.9926 -0.0000
vn 0.1428 -0.9898 -0.0000
vn 0.1431 -0.9897 -0.0000
vn 0.1627 -0.9867 -0.0000
vn 0.1818 -0.9833 -0.0000
vn 0.2006 -0.9797 -0.0000
vn 0.2196 -0.9756 -0.0000
vn 0.2394 -0.9709 -0.0000
vn 0.2391 -0.9710 -0.0000
vn 0.2604 -0.9655 -0.0000
vn 0.2828 -0.9592 -0.0000
vn 0.3067 -0.9518 -0.0000
vn 0.3071 -0.9517 -0.0000
vn 0.3331 -0.9429 -0.0000
vn 0.3606 -0.9327 -0.0000
vn 0.3609 -0.9326 -0.0000
vn 0.3903 -0.9207 -0.0000
vn 0.4205 -0.9073 -0.0000
vn 0.4509 -0.8926 -0.0000
vn 0.4510 -0.8925 -0.0000
vn 0.4795 -0.8775 -0.0000
vn 0.4796 -0.8775 -0.0000
vn 0.5035 -0.8640 -0.0000
vn 0.5183 -0.8552 -0.0000
vn 0.5180 -0.8554 -0.0000
vn 0.4941 -0.8694 -0.0000
vn 0.4350 -0.9004 -0.0000
vn 0.3265 -0.9452 -0.0000
vn 0.1580 -0.9874 -0.0000
vn 0.0537 -0.9986 -0.0000
vn 0.0536 -0.9986 -0.0000
vn -0.0585 -0.9983 -0.0000
vn -0.0582 -0.9983 -0.0000
vn -0.1707 -0.9853 -0.0000
vn -0.2784 -0.9605 -0.0000
vn -0.2783 -0.9605 -0.0000
vn -0.3755 -0.9268 -0.0000
vn -0.3753 -0.9269 -0.0000
vn -0.4598 -0.8880 -0.0000
vn -0.5311 -0.8473 -0.0000
vn -0.5903 -0.8072 -0.0000
vn -0.6390 -0.7692 -0.0000
vn -0.6790 -0.7342 -0.0000
vn -0.6790 -0.7341 -0.0000
vn -0.7120 -0.7022 -0.0000
vn -0.7394 -0.6733 -0.0000
vn -0.7621 -0.6474 -0.0000
vn -0.7622 -0.6473 -0.0000
vn -0.7811 -0.6244 -0.0000
vn -0.7976 -0.6032 -0.0000
vn -0.7974 -0.6035 -0.0000
vn -0.8115 -0.5843 -0.0000
vn -0.8113 -0.5846 -0.0000
vn -0.8234 -0.5675 -0.0000
vn -0.8339 -0.5520 -0.0000
vn -0.8431 -0.5378 -0.0000
vn -0.8432 -0.5375 -0.0000
vn -0.8513 -0.5247 -0.0000
vn 0.9858 0.1679 -0.0000
vn 1.0000 -0.0033 -0.0000
vn 0.9957 -0.0922 -0.0000
vn 0.9907 -0.1362 -0.0000
vn 0.9860 -0.1665 -0.0000
vn 0.9806 -0.1959 -0.0000
vn 0.9806 -0.1958 -0.0000
vn 0.9730 -0.2307 -0.0000
vn 0.9730 -0.2308 -0.0000
vn 0.9616 -0.2746 -0.0000
vn 0.9438 -0.3304 -0.0000
vn 0.9168 -0.3994 -0.0000
vn 0.8772 -0.4802 -0.0000
vn 0.8223 -0.5691 -0.0000
vn 0.7511 -0.6602 -0.0000
vn 0.6652 -0.7466 -0.0000
vn 0.5693 -0.8221 -0.0000
vn 0.5689 -0.8224 -0.0000
vn 0.4671 -0.8842 -0.0000
vn 0.3646 -0.9312 -0.0000
vn 0.2656 -0.9641 -0.0000
vn 0.1721 -0.9851 -0.0000
vn 0.1720 -0.9851 -0.0000
vn 0.0848 -0.9964 -0.0000
vn 0.0034 -1.0000 -0.0000
vn -0.0730 -0.9973 -0.0000
vn -0.0733 -0.9973 -0.0000
vn -0.1472 -0.9891 -0.0000
vn -0.2207 -0.9753 -0.0000
vn -0.2951 -0.9555 -0.0000
vn -0.3740 -0.9274 -0.0000
vn -0.3739 -0.9275 -0.0000
vn -0.4594 -0.8882 -0.0000
vn -0.4593 -0.8883 -0.0000
vn -0.5531 -0.8331 -0.0000
vn -0.6550 -0.7556 -0.0000
vn -0.6551 -0.7556 -0.0000
vn -0.7615 -0.6482 -0.0000
vn -0.8628 -0.5055 -0.0000
vn -0.9443 -0.3291 -0.0000
vn -0.9443 -0.3292 -0.0000
vn -0.9911 -0.1329 -0.0000
vn -0.9911 -0.1328 -0.0000
vn -0.9981 0.0616 -0.0000
vn -0.9721 0.2345 -0.0000
vn -0.9263 0.3769 -0.0000
vn -0.8723 0.4890 -0.0000
vn -0.8173 0.5762 -0.0000
vn -0.7647 0.6444 -0.0000
vn -0.7153 0.6988 -0.0000
vn -0.6691 0.7432 -0.0000
vn -0.6251 0.7805 -0.0000
vn -0.5823 0.8129 -0.0000
vn -0.5391 0.8422 -0.0000
vn -0.4946 0.8691 -0.0000
vn -0.4472 0.8944 -0.0000
vn -0.4475 0.8943 -0.0000
vn -0.3958 0.9183 -0.0000
vn -0.3397 0.9405 -0.0000
vn -0.3393 0.9407 -0.0000
vn -0.2772 0.9608 -0.0000
vn -0.2101 0.9777 -0.0000
vn -0.2105 0.9776 -0.0000
vn -0.1396 0.9902 -0.0000
vn -0.0676 0.9977 -0.0000
vn 0.0025 1.0000 -0.0000
vn 0.0683 0.9977 -0.0000
vn 0.0684 0.9977 -0.0000
vn 0.1285 0.9917 -0.0000
vn 0.2335 0.9724 -0.0000
vn 0.2332 0.9724 -0.0000
vn 0.2827 0.9592 -0.0000
vn 0.3354 0.9421 -0.0000
vn 0.3999 0.9166 -0.0000
vn 0.4861 0.8739 -0.0000
vn 0.6061 0.7954 -0.0000
vn 0.6060 0.7954 -0.0000
vn 0.7614 0.6483 -0.0000
vn 0.7614 0.6482 -0.0000
vn 0.8413 0.5405 -0.0000
vn 0.8413 0.5406 -0.0000
vn 0.9096 0.4155 -0.0000
vn 0.9848 0.1737 -0.0000
vn 0.9848 -0.1737 -0.0000
vn 0.9625 -0.2713 -0.0000
vn 0.9296 -0.3686 -0.0000
vn 0.8775 -0.4796 -0.0000
vn 0.8014 -0.5982 -0.0000
vn 0.8014 -0.5981 -0.0000
vn 0.7015 -0.7126 -0.0000
vn 0.5847 -0.8112 -0.0000
vn 0.4648 -0.8854 -0.0000
vn 0.2621 -0.9651 -0.0000
vn 0.2621 -0.9650 -0.0000
vn 0.1362 -0.9907 -0.0000
vn 0.0744 -0.9972 -0.0000
vn 0.0523 -0.9986 -0.0000
vn 0.0506 -0.9987 -0.0000
vn 0.0507 -0.9987 -0.0000
vn 0.0571 -0.9984 -0.0000
vn 0.0647 -0.9979 -0.0000
vn 0.0688 -0.9976 -0.0000
vn 0.0687 -0.9976 -0.0000
vn 0.0663 -0.9978 -0.0000
vn 0.0343 -0.9994 -0.0000
vn 0.0012 -1.0000 -0.0000
vn -0.0456 -0.9990 -0.0000
vn -0.1079 -0.9942 -0.0000
vn -0.1867 -0.9824 -0.0000
vn -0.2818 -0.9595 -0.0000
vn -0.3905 -0.9206 -0.0000
vn -0.5076 -0.8616 -0.0000
vn -0.6262 -0.7797 -0.0000
vn -0.7382 -0.6746 -0.0000
vn -0.7378 -0.6750 -0.0000
vn -0.8354 -0.5497 -0.0000
vn -0.9124 -0.4093 -0.0000
vn -0.9125 -0.4090 -0.0000
vn -0.9658 -0.2591 -0.0000
vn -0.9658 -0.2592 -0.0000
vn -0.9942 -0.1076 -0.0000
vn -0.9992 0.0389 -0.0000
vn -0.9848 0.1737 -0.0000
vn -0.9848 0.1738 -0.0000
vn -0.9565 0.2918 -0.0000
vn -0.9205 0.3907 -0.0000
vn -0.8824 0.4705 -0.0000
vn -0.8459 0.5333 -0.0000
vn -0.8459 0.5334 -0.0000
vn -0.8132 0.5820 -0.0000
vn -0.7847 0.6199 -0.0000
vn -0.7602 0.6497 -0.0000
vn -0.7383 0.6744 -0.0000
vn -0.7387 0.6741 -0.0000
vn -0.7179 0.6962 -0.0000
vn -0.6966 0.7174 -0.0000
vn -0.6965 0.7176 -0.0000
vn -0.6717 0.7408 -0.0000
vn -0.6718 0.7408 -0.0000
vn -0.6403 0.7681 -0.0000
vn -0.5984 0.8012 -0.0000
vn -0.5407 0.8412 -0.0000
vn -0.4604 0.8877 -0.0000
vn -0.3486 0.9373 -0.0000
vn -0.2779 0.9606 -0.0000
vn -0.1963 0.9805 -0.0000
vn -0.1039 0.9946 -0.0000
vn -0.0015 1.0000 -0.0000
vn -0.0013 1.0000 -0.0000
vn 0.1081 0.9941 -0.0000
vn 0.2207 0.9753 -0.0000
vn 0.2210 0.9753 -0.0000
vn 0.3317 0.9434 -0.0000
vn 0.4364 0.8998 -0.0000
vn 0.5307 0.8476 -0.0000
vn 0.6127 0.7903 -0.0000
vn 0.6819 0.7315 -0.0000
vn 0.7391 0.6736 -0.0000
vn 0.7857 0.6186 -0.0000
vn 0.8234 0.5674 -0.0000
vn 0.8539 0.5205 -0.0000
vn 0.8786 0.4776 -0.0000
vn 0.9150 0.4035 -0.0000
vn 0.9571 0.2897 -0.0000
vn 0.9699 0.2434 -0.0000
vn 0.9797 0.2003 -0.0000
vn 0.9876 0.1569 -0.0000
vn 0.9939 0.1098 -0.0000
vn 0.9986 0.0538 -0.0000
vn 0.9998 0.0201 -0.0000
vn 0.9998 0.0200 -0.0000
vn 0.9998 -0.0194 -0.0000
vn 0.9998 -0.0193 -0.0000
vn 0.9978 -0.0657 -0.0000
vn 0.9978 -0.0658 -0.0000
vn 0.9926 -0.1217 -0.0000
vn 0.9819 -0.1895 -0.0000
vn 0.9819 0.1893 -0.0000
vn 0.9819 -0.1893 -0.0000
vn 0.9284 -0.3717 -0.0000
vn 0.8413 -0.5406 -0.0000
vn 0.7237 -0.6901 -0.0000
vn 0.5801 -0.8146 -0.0000
vn 0.4154 -0.9096 -0.0000
vn 0.2358 -0.9718 -0.0000
vn 0.0476 -0.9989 -0.0000
vn -0.1423 -0.9898 -0.0000
vn -0.3271 -0.9450 -0.0000
vn -0.6549 -0.7557 -0.0000
vn -0.6549 -0.7558 -0.0000
vn -0.7861 -0.6182 -0.0000
vn -0.8888 -0.4582 -0.0000
vn -0.9595 -0.2817 -0.0000
vn -0.9955 -0.0951 -0.0000
vn -0.9955 0.0951 -0.0000
vn -0.9595 0.2817 -0.0000
vn -0.8888 0.4582 -0.0000
vn -0.7861 0.6182 -0.0000
vn -0.6549 0.7558 -0.0000
vn -0.6549 0.7557 -0.0000
vn -0.3271 0.9450 -0.0000
vn -0.1423 0.9898 -0.0000
vn 0.0476 0.9989 -0.0000
vn 0.2358 0.9718 -0.0000
vn 0.4154 0.9096 -0.0000
vn 0.5801 0.8146 -0.0000
vn 0.7237 0.6901 -0.0000
vn 0.9284 0.3717 -0.0000
vn 0.9730 0.2306 -0.0000
vn 0.9730 -0.2306 -0.0000
vn 0.8936 -0.4488 -0.0000
vn 0.5972 -0.8021 -0.0000
vn 0.3961 -0.9182 -0.0000
vn 0.1737 -0.9848 -0.0000
vn -0.0581 -0.9983 -0.0000
vn -0.2868 -0.9580 -0.0000
vn -0.6862 -0.7274 -0.0000
vn -0.8355 -0.5495 -0.0000
vn -0.9932 -0.1161 -0.0000
vn -0.9932 0.1161 -0.0000
vn -0.8355 0.5495 -0.0000
vn -0.6862 0.7274 -0.0000
vn -0.2868 0.9580 -0.0000
vn -0.0581 0.9983 -0.0000
vn 0.3961 0.9182 -0.0000
vn 0.5972 0.8021 -0.0000
vn 0.8936 0.4488 -0.0000
vn -0.7140 0.7002 -0.0000
vn -0.7645 0.6446 -0.0000
vn -0.7140 0.7001 -0.0000
vn -0.7739 0.6333 -0.0000
vn -0.8035 0.5953 -0.0000
vn -0.8177 0.5757 -0.0000
vn -0.8341 0.5516 -0.0000
vn -0.8508 0.5255 -0.0000
vn -0.8588 0.5123 -0.0001
vn -0.8769 0.4807 -0.0000
vn -0.8794 0.4760 -0.0000
vn -0.8985 0.4391 -0.0000
vn -0.8970 0.4421 -0.0000
vn -0.9127 0.4087 -0.0000
vn -0.9171 0.3985 0.0001
vn -0.9268 0.3755 -0.0001
vn -0.9337 0.3579 -0.0000
vn -0.9397 0.3419 -0.0000
vn -0.9486 0.3165 0.0001
vn -0.9515 0.3076 -0.0000
vn -0.9607 0.2777 0.0001
vn -0.9621 0.2726 -0.0000
vn -0.9712 0.2381 0.0001
vn -0.9715 0.2371 -0.0000
vn -0.9795 0.2014 -0.0000
vn -0.9802 0.1981 0.0001
vn -0.9863 0.1651 -0.0001
vn -0.9874 0.1580 -0.0000
vn -0.9916 0.1292 -0.0000
vn -0.9930 0.1181 -0.0000
vn -0.9956 0.0935 -0.0001
vn -0.9969 0.0783 -0.0000
vn -0.9983 0.0578 -0.0001
vn -0.9993 0.0387 -0.0000
vn -0.9998 0.0221 -0.0000
vn -1.0000 -0.0011 -0.0000
vn -0.9999 -0.0137 -0.0000
vn -0.9992 -0.0412 -0.0000
vn -0.9988 -0.0498 -0.0000
vn -0.9966 -0.0818 -0.0000
vn -0.9963 -0.0865 -0.0000
vn -0.9924 -0.1231 -0.0000
vn -0.9923 -0.1236 -0.0000
vn -0.9869 -0.1613 -0.0000
vn -0.9863 -0.1652 -0.0000
vn -0.9799 -0.1997 -0.0000
vn -0.9782 -0.2078 -0.0000
vn -0.9712 -0.2383 -0.0000
vn -0.9680 -0.2508 -0.0000
vn -0.9609 -0.2770 -0.0000
vn -0.9558 -0.2939 -0.0000
vn -0.9488 -0.3157 -0.0001
vn -0.9415 -0.3370 -0.0000
vn -0.9351 -0.3543 -0.0000
vn -0.9252 -0.3796 -0.0000
vn -0.9198 -0.3923 0.0001
vn -0.9068 -0.4215 0.0001
vn -0.9028 -0.4300 -0.0001
vn -0.8844 -0.4667 -0.0000
vn -0.8644 -0.5028 -0.0000
vn 0.0800 -0.9968 -0.0000
vn 0.3227 -0.9465 -0.0000
vn 0.5455 -0.8381 -0.0000
vn 0.7348 -0.6782 -0.0000
vn 0.8791 -0.4767 -0.0000
vn 0.9693 -0.2459 -0.0000
vn 0.9693 0.2459 -0.0000
vn 0.8791 0.4767 -0.0000
vn 0.7348 0.6782 -0.0000
vn 0.5455 0.8381 -0.0000
vn 0.3227 0.9465 -0.0000
vn 0.0800 0.9968 -0.0000
vn -0.0477 -0.9989 -0.0000
vn 0.1999 -0.9798 -0.0000
vn 0.2124 -0.9772 -0.0000
vn 0.4352 -0.9003 -0.0000
vn 0.4581 -0.8889 -0.0000
vn 0.6437 -0.7653 -0.0000
vn 0.6725 -0.7401 -0.0000
vn 0.8124 -0.5831 -0.0000
vn 0.8412 -0.5408 -0.0000
vn 0.9311 -0.3649 -0.0000
vn 0.9525 -0.3046 -0.0000
vn 0.9923 -0.1242 -0.0000
vn 0.9989 -0.0477 -0.0000
vn 0.9923 0.1242 -0.0000
vn 0.9772 0.2124 -0.0000
vn 0.9311 0.3649 -0.0000
vn 0.8889 0.4581 -0.0000
vn 0.8124 0.5831 -0.0000
vn 0.7401 0.6725 -0.0000
vn 0.6437 0.7653 -0.0000
vn 0.5408 0.8412 -0.0000
vn 0.4352 0.9003 -0.0000
vn 0.3046 0.9525 -0.0000
vn 0.1999 0.9798 -0.0000
vn -0.0693 0.9976 -0.0001
vn -0.0908 0.9959 -0.0001
vn -0.2124 0.9772 -0.0000
vn -0.1123 0.9937 -0.0001
vn -0.3481 0.9375 -0.0000
vn -0.4581 0.8889 -0.0000
vn -0.5635 0.8261 -0.0000
vn -0.6725 0.7401 -0.0000
vn -0.7457 0.6662 -0.0000
vn -0.8412 0.5408 -0.0000
vn -0.8842 0.4672 -0.0000
vn -0.9525 0.3046 -0.0000
vn -0.9706 0.2407 -0.0000
vn -0.9989 0.0477 -0.0000
vn -0.9772 -0.2124 -0.0000
vn -0.9706 -0.2407 -0.0000
vn -0.8889 -0.4581 -0.0000
vn -0.8841 -0.4672 -0.0000
vn -0.7401 -0.6725 -0.0000
vn -0.7458 -0.6662 -0.0000
vn -0.5635 -0.8261 -0.0000
vn -0.5408 -0.8412 -0.0000
vn -0.3481 -0.9375 -0.0000
vn -0.3046 -0.9525 -0.0000
vn -0.1123 -0.9937 -0.0007
vn -0.0908 -0.9959 -0.0000
vn -0.0693 -0.9976 -0.0000
vn 0.2782 0.9605 -0.0000
vn 0.0242 0.9997 -0.0000
vn -0.2195 0.9756 -0.0000
vn -0.4499 0.8931 -0.0000
vn -0.6533 0.7571 -0.0000
vn -0.9330 0.3598 -0.0000
vn -0.9925 0.1224 -0.0000
vn -0.9925 -0.1224 -0.0000
vn -0.9330 -0.3598 -0.0000
vn -0.8177 -0.5757 -0.0000
vn -0.6534 -0.7570 0.0001
vn -0.4499 -0.8931 0.0001
vn -0.2194 -0.9756 -0.0000
vn 0.0242 -0.9997 -0.0000
vn 0.5139 -0.8578 0.0001
vn 0.7156 -0.6985 0.0001
vn 0.8660 -0.5000 -0.0001
vn 0.8700 -0.4930 -0.0000
vn 0.9659 -0.2588 -0.0001
vn 0.9670 -0.2548 0.0002
vn 0.9670 0.2548 0.0002
vn 0.8700 0.4930 -0.0000
vn 0.8660 0.5000 -0.0001
vn 0.7156 0.6985 0.0001
vn 0.5139 0.8579 0.0001
vn -0.2194 0.9756 -0.0000
vn -0.4498 0.8931 -0.0000
vn -0.6533 -0.7571 -0.0000
vn -0.4498 -0.8931 -0.0000
vn 0.5139 -0.8579 0.0001
vn 0.7071 -0.7071 0.0001
vn 0.8700 -0.4930 -0.0001
vn -0.4499 -0.8931 -0.0000
vn 0.9659 0.2588 -0.0001
vn 0.0241 0.9997 -0.0000
vn 0.0241 -0.9997 -0.0000
vn 0.7071 0.7071 0.0001
vn 0.5139 0.8579 -0.0000
vn 0.2588 0.9659 0.0001
vn 0.9659 -0.2588 -0.0002
vn -0.0371 0.9993 -0.0000
vn -0.0423 0.9991 -0.0000
vn -0.0428 0.9991 -0.0000
vn -0.0486 0.9988 0.0002
vn -0.0486 0.9988 -0.0000
vn -0.0546 0.9985 -0.0000
vn -0.0611 0.9981 -0.0000
vn -0.0485 0.9988 -0.0000
vn -0.0763 0.9971 -0.0000
vn -0.0854 0.9963 -0.0000
vn -0.0851 0.9964 -0.0000
vn -0.0957 0.9954 -0.0000
vn -0.1072 0.9942 -0.0000
vn -0.1200 0.9928 -0.0000
vn -0.1341 0.9910 -0.0000
vn -0.1494 0.9888 -0.0000
vn -0.1657 0.9862 -0.0000
vn -0.2012 0.9795 -0.0000
vn -0.2205 0.9754 -0.0000
vn -0.2408 0.9706 -0.0000
vn -0.2411 0.9705 -0.0000
vn -0.2630 0.9648 -0.0000
vn -0.1188 -0.9929 -0.0000
vn -0.1017 -0.9948 -0.0000
vn -0.0976 -0.9952 -0.0000
vn -0.0833 -0.9965 0.0001
vn -0.0711 -0.9975 -0.0000
vn -0.0631 -0.9980 -0.0000
vn -0.0397 -0.9992 -0.0000
vn -0.0411 -0.9992 -0.0000
vn -0.0164 -0.9999 -0.0000
vn 0.0110 -0.9999 -0.0000
vn 0.0308 -0.9995 -0.0000
vn 0.0418 -0.9991 -0.0001
vn 0.0764 -0.9971 -0.0000
vn 0.0717 -0.9974 -0.0000
vn 0.1278 -0.9918 -0.0000
vn 0.3603 -0.9329 -0.0000
vn 0.5720 -0.8202 -0.0000
vn 0.7509 -0.6604 -0.0000
vn 0.8866 -0.4626 -0.0000
vn 0.9712 -0.2381 -0.0000
vn 0.8866 0.4626 -0.0000
vn 0.7509 0.6604 -0.0000
vn 0.5720 0.8202 -0.0000
vn 0.3603 0.9329 -0.0000
vn 0.1278 0.9918 -0.0000
vn -0.6534 0.7570 -0.0000
vn -0.6534 -0.7570 -0.0000
vn 0.5000 -0.8660 -0.0001
vn 0.9659 0.2589 -0.0000
vn 0.7156 0.6985 -0.0000
vn 0.2589 0.9659 -0.0000
vn -0.8176 0.5757 -0.0000
vn -0.9330 0.3599 -0.0000
vn -0.9330 -0.3599 -0.0000
vn -0.8176 -0.5757 -0.0000
vn 0.9659 -0.2589 -0.0000
vn 0.8700 0.4930 -0.0001
vn -0.6534 0.7570 0.0001
vn -0.0154 0.9999 -0.0000
vn -0.0155 0.9999 -0.0000
vn -0.0236 0.9997 -0.0001
vn -0.0318 0.9995 -0.0000
vn -0.0400 0.9992 -0.0000
vn -0.0482 0.9988 0.0001
vn -0.0563 0.9984 -0.0000
vn -0.0645 0.9979 -0.0000
vn -0.2712 0.9625 -0.0000
vn -0.3104 0.9506 -0.0000
vn -0.5089 0.8608 -0.0000
vn -0.5368 0.8437 -0.0000
vn -0.7126 0.7016 -0.0000
vn -0.7296 0.6839 -0.0000
vn -0.8686 0.4955 -0.0000
vn -0.8766 0.4812 -0.0000
vn -0.9666 0.2563 -0.0000
vn -0.9687 0.2484 -0.0000
vn -0.9687 -0.2484 -0.0000
vn -0.9666 -0.2563 -0.0000
vn -0.8766 -0.4812 -0.0000
vn -0.8686 -0.4955 -0.0000
vn -0.7296 -0.6839 -0.0000
vn -0.7126 -0.7016 -0.0000
vn -0.5368 -0.8437 -0.0000
vn -0.5089 -0.8608 -0.0000
vn -0.3104 -0.9506 -0.0000
vn -0.2712 -0.9625 -0.0000
vn -0.0645 -0.9979 0.0001
vn -0.0155 -0.9999 -0.0000
vn -0.0564 -0.9984 -0.0000
vn -0.0482 -0.9988 -0.0000
vn -0.0400 -0.9992 -0.0001
vn -0.0319 -0.9995 -0.0000
vn -0.0236 -0.9997 -0.0001
vn 0.0423 0.9991 0.0001
vn 0.0370 0.9993 -0.0000
vn 0.0367 0.9993 -0.0000
vn 0.0368 0.9993 -0.0000
vt -7.077986 0.034667
vt -7.078169 0.029557
vt -7.077760 0.029554
vt -7.078311 0.024446
vt -7.077493 0.024443
vt -7.078411 0.019334
vt -7.077183 0.019334
vt -18.499081 0.034667
vt -18.498156 0.059670
vt -18.500000 0.059670
vt -18.416952 -1.890330
vt -18.460043 -0.940444
vt -18.417419 -1.890330
vt -18.460455 -0.940411
vt -18.497799 0.009664
vt -18.498156 0.009664
vt -4.380120 -1.890330
vt -4.378952 -1.890330
vt -4.416966 -1.745008
vt -4.414092 -1.742930
vt -4.487358 -1.612641
vt -4.483674 -1.608319
vt -4.587248 -1.500845
vt -4.583606 -1.494410
vt -4.710887 -1.416054
vt -4.708014 -1.407899
vt -4.851162 -1.363146
vt -4.849586 -1.353870
vt -5.000000 -1.345165
vt -5.000000 -1.335501
vt -5.150414 -1.353870
vt -5.148838 -1.363146
vt -5.291986 -1.407899
vt -5.289113 -1.416054
vt -5.416394 -1.494410
vt -5.412752 -1.500845
vt -5.516326 -1.608319
vt -5.512642 -1.612641
vt -5.585908 -1.742930
vt -5.583035 -1.745008
vt -5.621048 -1.890330
vt -5.619880 -1.890330
vt -5.621048 1.959664
vt -5.622418 1.973085
vt -18.416952 1.959664
vt -5.623498 1.986532
vt -18.414997 2.000000
vt -5.624288 2.000000
vt -3.324561 0.009664
vt -3.325202 0.009664
vt -3.335159 -0.209316
vt -3.335450 -0.209308
vt -3.338540 -0.430718
vt -3.278696 1.606757
vt -3.277758 1.606665
vt -3.240183 1.959664
vt -3.239040 1.959527
vt -3.234130 2.000000
vt -3.309314 1.240305
vt -3.310691 1.230750
vt -3.330608 0.868687
vt -3.331043 0.867490
vt -3.338540 0.500052
vt -4.375713 2.000000
vt -4.376502 1.986532
vt -4.377582 1.973085
vt -4.378952 1.959664
vt -3.324561 0.059670
vt -3.322823 0.034667
vt -3.320967 0.059670
vt -5.829789 0.019334
vt -5.828561 0.019334
vt -5.829480 0.024443
vt -5.828661 0.024446
vt -5.829212 0.029554
vt -5.828803 0.029557
vt -5.828986 0.034667
vt -5.830489 0.050000
vt -5.829789 0.050000
vt -5.861914 0.201662
vt -5.859358 0.203667
vt -5.929668 0.340939
vt -5.926172 0.345171
vt -6.029591 0.459279
vt -6.026043 0.465644
vt -6.155545 0.549414
vt -6.152710 0.557531
vt -6.299796 0.605809
vt -6.298232 0.615074
vt -6.453486 0.625000
vt -6.453486 0.634664
vt -6.608741 0.615074
vt -6.607176 0.605809
vt -6.754263 0.557531
vt -6.751427 0.549414
vt -6.880929 0.465644
vt -6.877382 0.459279
vt -6.980800 0.345171
vt -6.977304 0.340939
vt -7.047614 0.203667
vt -7.045058 0.201662
vt -7.077183 0.050000
vt -7.076483 0.050000
vt -11.407136 0.900000
vt -8.707136 0.900000
vt -11.407136 0.909664
vt -8.707136 0.909664
vt -13.164976 -0.865333
vt -13.169792 -0.816618
vt -13.172814 -0.814522
vt -13.186297 -0.770532
vt -13.193346 -0.767388
vt -13.213503 -0.729835
vt -13.225215 -0.727045
vt -13.249780 -0.696967
vt -13.266316 -0.696160
vt -13.292955 -0.673896
vt -13.313933 -0.676773
vt -13.340442 -0.662004
vt -13.364918 -0.670165
vt -13.389394 -0.662004
vt -13.415903 -0.676773
vt -13.436881 -0.673896
vt -13.463520 -0.696160
vt -13.480056 -0.696967
vt -13.504621 -0.727045
vt -13.516333 -0.729835
vt -13.536490 -0.767388
vt -13.543539 -0.770532
vt -13.557022 -0.814522
vt -13.560044 -0.816618
vt -13.564860 -0.865333
vt -7.404808 -0.835498
vt -7.409623 -0.786783
vt -7.412645 -0.784687
vt -7.426128 -0.740697
vt -7.433177 -0.737553
vt -7.453334 -0.700000
vt -7.465047 -0.697211
vt -7.489611 -0.667132
vt -7.506147 -0.666325
vt -7.532787 -0.644061
vt -7.553764 -0.646938
vt -7.580273 -0.632169
vt -7.604749 -0.640330
vt -7.629225 -0.632169
vt -7.655735 -0.646938
vt -7.676712 -0.644061
vt -7.703351 -0.666325
vt -7.719887 -0.667132
vt -7.744452 -0.697211
vt -7.756164 -0.700000
vt -7.776321 -0.737553
vt -7.783370 -0.740697
vt -7.796853 -0.784687
vt -7.799875 -0.786783
vt -7.804691 -0.835498
vt -15.324184 -0.865333
vt -15.328999 -0.816618
vt -15.332022 -0.814522
vt -15.345504 -0.770532
vt -15.352554 -0.767388
vt -15.372710 -0.729835
vt -15.384423 -0.727045
vt -15.408988 -0.696967
vt -15.425524 -0.696160
vt -15.452163 -0.673896
vt -15.473140 -0.676773
vt -15.499649 -0.662004
vt -15.524125 -0.670165
vt -15.548602 -0.662004
vt -15.575111 -0.676773
vt -15.596088 -0.673896
vt -15.622727 -0.696160
vt -15.639263 -0.696967
vt -15.663828 -0.727045
vt -15.675540 -0.729835
vt -15.695697 -0.767388
vt -15.702746 -0.770532
vt -15.716229 -0.814522
vt -15.719252 -0.816618
vt -15.724067 -0.865333
vt -3.960647 -0.835498
vt -3.965463 -0.786783
vt -3.968485 -0.784687
vt -3.981968 -0.740697
vt -3.989017 -0.737553
vt -4.009174 -0.700000
vt -4.020886 -0.697211
vt -4.045451 -0.667132
vt -4.061987 -0.666325
vt -4.088626 -0.644061
vt -4.109604 -0.646938
vt -4.136113 -0.632169
vt -4.160589 -0.640330
vt -4.185065 -0.632169
vt -4.211574 -0.646938
vt -4.232552 -0.644061
vt -4.259191 -0.666325
vt -4.275727 -0.667132
vt -4.300292 -0.697211
vt -4.312004 -0.700000
vt -4.332161 -0.737553
vt -4.339210 -0.740697
vt -4.352693 -0.784687
vt -4.355715 -0.786783
vt -4.360531 -0.835498
vt -17.300058 -0.865333
vt -17.304874 -0.816618
vt -17.307896 -0.814522
vt -17.321379 -0.770532
vt -17.328428 -0.767388
vt -17.348585 -0.729835
vt -17.360298 -0.727045
vt -17.384863 -0.696967
vt -17.401400 -0.696160
vt -17.428038 -0.673896
vt -17.449015 -0.676773
vt -17.475525 -0.662004
vt -17.500000 -0.670165
vt -17.524477 -0.662004
vt -17.550985 -0.676773
vt -17.571962 -0.673896
vt -17.598602 -0.696160
vt -17.615137 -0.696967
vt -17.639704 -0.727045
vt -17.651415 -0.729835
vt -17.671572 -0.767388
vt -17.678621 -0.770532
vt -17.692104 -0.814522
vt -17.695127 -0.816618
vt -17.699942 -0.865333
vt -13.164976 0.934667
vt -13.169792 0.983382
vt -13.172814 0.985478
vt -13.186297 1.029468
vt -13.193346 1.032612
vt -13.213503 1.070165
vt -13.225215 1.072954
vt -13.249780 1.103033
vt -13.266316 1.103840
vt -13.292955 1.126104
vt -13.313933 1.123227
vt -13.340442 1.137996
vt -13.364918 1.129835
vt -13.389394 1.137996
vt -13.415903 1.123227
vt -13.436881 1.126104
vt -13.463520 1.103840
vt -13.480056 1.103033
vt -13.504621 1.072954
vt -13.516333 1.070165
vt -13.536490 1.032612
vt -13.543539 1.029468
vt -13.557022 0.985478
vt -13.560044 0.983382
vt -13.564860 0.934667
vt -7.404808 0.904832
vt -7.409623 0.953547
vt -7.412645 0.955643
vt -7.426128 0.999633
vt -7.433177 1.002777
vt -7.453334 1.040330
vt -7.465047 1.043120
vt -7.489611 1.073198
vt -7.506147 1.074005
vt -7.532787 1.096269
vt -7.553764 1.093392
vt -7.580273 1.108161
vt -7.604749 1.100000
vt -7.629225 1.108161
vt -7.655735 1.093392
vt -7.676712 1.096269
vt -7.703351 1.074005
vt -7.719887 1.073198
vt -7.744452 1.043120
vt -7.756164 1.040330
vt -7.776321 1.002777
vt -7.783370 0.999633
vt -7.796853 0.955643
vt -7.799875 0.953547
vt -7.804691 0.904832
vt -15.324184 0.934667
vt -15.328999 0.983382
vt -15.332022 0.985478
vt -15.345504 1.029468
vt -15.352554 1.032612
vt -15.372710 1.070165
vt -15.384423 1.072954
vt -15.408988 1.103033
vt -15.425524 1.103840
vt -15.452163 1.126104
vt -15.473140 1.123227
vt -15.499649 1.137996
vt -15.524125 1.129835
vt -15.548602 1.137996
vt -15.575111 1.123227
vt -15.596088 1.126104
vt -15.622727 1.103840
vt -15.639263 1.103033
vt -15.663828 1.072954
vt -15.675540 1.070165
vt -15.695697 1.032612
vt -15.702746 1.029468
vt -15.716229 0.985478
vt -15.719252 0.983382
vt -15.724067 0.934667
vt -3.960647 0.904832
vt -3.965463 0.953547
vt -3.968485 0.955643
vt -3.981968 0.999633
vt -3.989017 1.002777
vt -4.009174 1.040330
vt -4.020886 1.043120
vt -4.045451 1.073198
vt -4.061987 1.074005
vt -4.088626 1.096269
vt -4.109604 1.093392
vt -4.136113 1.108161
vt -4.160589 1.100000
vt -4.185065 1.108161
vt -4.211574 1.093392
vt -4.232552 1.096269
vt -4.259191 1.074005
vt -4.275727 1.073198
vt -4.300292 1.043120
vt -4.312004 1.040330
vt -4.332161 1.002777
vt -4.339210 0.999633
vt -4.352693 0.955643
vt -4.355715 0.953547
vt -4.360531 0.904832
vt -17.300058 0.934667
vt -17.304874 0.983382
vt -17.307896 0.985478
vt -17.321379 1.029468
vt -17.328428 1.032612
vt -17.348585 1.070165
vt -17.360298 1.072954
vt -17.384863 1.103033
vt -17.401400 1.103840
vt -17.428038 1.126104
vt -17.449015 1.123227
vt -17.475525 1.137996
vt -17.500000 1.129835
vt -17.524477 1.137996
vt -17.550985 1.123227
vt -17.571962 1.126104
vt -17.598602 1.103840
vt -17.615137 1.103033
vt -17.639704 1.072954
vt -17.651415 1.070165
vt -17.671572 1.032612
vt -17.678621 1.029468
vt -17.692104 0.985478
vt -17.695127 0.983382
vt -17.699942 0.934667
vt -0.200000 3.174022
vt 0.000000 3.174022
vt -0.200000 3.392920
vt -0.000000 3.392920
vt -0.200000 -3.392920
vt -0.000000 -3.392920
vt -0.200000 -3.174022
vt 0.000000 -3.174022
vt -0.200000 -2.955124
vt 0.000000 -2.955124
vt -0.200000 -2.736226
vt 0.000000 -2.736226
vt -0.200000 -2.517328
vt 0.000000 -2.517328
vt -0.200000 -2.298430
vt 0.000000 -2.298430
vt -0.200000 -2.079532
vt 0.000000 -2.079532
vt -0.200000 -1.860634
vt 0.000000 -1.860634
vt -0.200000 -1.641736
vt 0.000000 -1.641736
vt -0.200000 -1.422837
vt 0.000000 -1.422837
vt -0.200000 -1.203939
vt 0.000000 -1.203939
vt -0.200000 -0.985041
vt 0.000000 -0.985041
vt -0.200000 -0.766143
vt 0.000000 -0.766143
vt -0.200000 -0.547245
vt 0.000000 -0.547245
vt -0.200000 -0.328347
vt 0.000000 -0.328347
vt -0.200000 -0.109449
vt 0.000000 -0.109449
vt -0.200000 0.109449
vt 0.000000 0.109449
vt -0.200000 0.328347
vt 0.000000 0.328347
vt -0.200000 0.547245
vt 0.000000 0.547245
vt -0.200000 0.766143
vt 0.000000 0.766143
vt -0.200000 0.985041
vt 0.000000 0.985041
vt -0.200000 1.203939
vt 0.000000 1.203939
vt -0.200000 1.422837
vt 0.000000 1.422837
vt -0.200000 1.641736
vt 0.000000 1.641736
vt -0.200000 1.860634
vt 0.000000 1.860634
vt -0.200000 2.079532
vt 0.000000 2.079532
vt -0.200000 2.298430
vt 0.000000 2.298430
vt -0.200000 2.517328
vt 0.000000 2.517328
vt -0.200000 2.736226
vt 0.000000 2.736226
vt -0.200000 2.955124
vt 0.000000 2.955124
vt 0.200000 -3.600456
vt -0.000000 -3.600456
vt 0.200000 -3.832743
vt 0.000000 -3.832743
vt 0.200000 3.832743
vt 0.000000 3.832743
vt 0.200000 3.600456
vt -0.000000 3.600456
vt 0.200000 3.368168
vt -0.000000 3.368168
vt 0.200000 3.135881
vt -0.000000 3.135881
vt 0.200000 2.903593
vt -0.000000 2.903593
vt 0.200000 2.671306
vt -0.000000 2.671306
vt 0.200000 2.439018
vt -0.000000 2.439018
vt 0.200000 2.206731
vt -0.000000 2.206731
vt 0.200000 1.974443
vt -0.000000 1.974443
vt 0.200000 1.742156
vt -0.000000 1.742156
vt 0.200000 1.509868
vt -0.000000 1.509868
vt 0.200000 1.277581
vt -0.000000 1.277581
vt 0.200000 1.045294
vt -0.000000 1.045294
vt 0.200000 0.813006
vt -0.000000 0.813006
vt 0.200000 0.580719
vt -0.000000 0.580719
vt 0.200000 0.348431
vt -0.000000 0.348431
vt 0.200000 0.116144
vt -0.000000 0.116144
vt 0.200000 -0.116144
vt -0.000000 -0.116144
vt 0.200000 -0.348431
vt -0.000000 -0.348431
vt 0.200000 -0.580719
vt -0.000000 -0.580719
vt 0.200000 -0.813006
vt -0.000000 -0.813006
vt 0.200000 -1.045294
vt -0.000000 -1.045294
vt 0.200000 -1.277581
vt -0.000000 -1.277581
vt 0.200000 -1.509868
vt -0.000000 -1.509868
vt 0.200000 -1.742156
vt -0.000000 -1.742156
vt 0.200000 -1.974443
vt -0.000000 -1.974443
vt 0.200000 -2.206731
vt -0.000000 -2.206731
vt 0.200000 -2.439018
vt -0.000000 -2.439018
vt 0.200000 -2.671306
vt -0.000000 -2.671306
vt 0.200000 -2.903593
vt -0.000000 -2.903593
vt 0.200000 -3.135881
vt -0.000000 -3.135881
vt 0.200000 -3.368168
vt -0.000000 -3.368168
vt -1.057892 0.217402
vt -1.197953 0.230887
vt -1.080000 0.000000
vt -1.220000 0.000000
vt -1.197953 -0.230887
vt -1.132609 0.453428
vt -0.992474 0.425904
vt -1.026329 0.659582
vt -0.886425 0.616970
vt -0.882956 0.841896
vt -0.744084 0.782776
vt -0.707669 0.993783
vt -0.571281 0.916536
vt -0.506806 1.109751
vt -0.375090 1.012772
vt -0.287626 1.185610
vt -0.163542 1.067546
vt -0.058050 1.218618
vt 0.054701 1.078614
vt 0.173624 1.207582
vt 0.270705 1.045523
vt 0.399023 1.152901
vt 0.475626 0.969629
vt 0.610000 1.056551
vt 0.661074 0.854038
vt 0.798930 0.922014
vt 0.819459 0.703482
vt 0.958985 0.754154
vt 0.944294 0.524126
vt 1.084379 0.559036
vt 1.030470 0.323312
vt 1.170581 0.343714
vt 1.074459 0.109262
vt 1.214476 0.115968
vt 1.214476 -0.115968
vt 1.074459 -0.109262
vt 1.170581 -0.343714
vt 1.030470 -0.323312
vt 1.084379 -0.559036
vt 0.944294 -0.524126
vt 0.958985 -0.754154
vt 0.819459 -0.703482
vt 0.798930 -0.922014
vt 0.661074 -0.854038
vt 0.610000 -1.056551
vt 0.475626 -0.969629
vt 0.399023 -1.152901
vt 0.270705 -1.045523
vt 0.173624 -1.207582
vt 0.054701 -1.078614
vt -0.058050 -1.218618
vt -0.163542 -1.067546
vt -0.287626 -1.185610
vt -0.375090 -1.012772
vt -0.506806 -1.109751
vt -0.571281 -0.916536
vt -0.707669 -0.993783
vt -0.744084 -0.782776
vt -0.882956 -0.841896
vt -0.886425 -0.616970
vt -1.026329 -0.659582
vt -0.992474 -0.425904
vt -1.132609 -0.453428
vt -1.057892 -0.217402
vt 8.687727 0.431794
vt 8.709835 0.649197
vt 8.429835 0.649197
vt 8.687727 0.866599
vt 8.408271 0.833689
vt 8.622309 1.075101
vt 8.344741 1.008236
vt 8.516260 1.266166
vt 8.242671 1.163427
vt 8.373919 1.431973
vt 8.107562 1.290895
vt 8.201116 1.565732
vt 7.946699 1.383770
vt 8.004925 1.661969
vt 7.768754 1.437043
vt 7.793377 1.716742
vt 7.583319 1.447843
vt 7.575134 1.727810
vt 7.359130 1.694720
vt 7.400392 1.415588
vt 7.154209 1.618826
vt 7.229835 1.342017
vt 6.968761 1.503234
vt 7.080842 1.231096
vt 6.810376 1.352679
vt 6.961445 1.088804
vt 6.685541 1.173323
vt 6.878081 0.922813
vt 6.599365 0.972509
vt 6.835244 0.742071
vt 6.555376 0.758458
vt 6.555376 0.539935
vt 6.835244 0.556322
vt 6.599365 0.325884
vt 6.878081 0.375580
vt 6.685541 0.125070
vt 6.961445 0.209589
vt 6.810376 -0.054286
vt 7.080842 0.067298
vt 6.968761 -0.204841
vt 7.229835 -0.043624
vt 7.154209 -0.320432
vt 7.400392 -0.117195
vt 7.359130 -0.396327
vt 7.583319 -0.149450
vt 7.575134 -0.429417
vt 7.793377 -0.418349
vt 7.768754 -0.138650
vt 8.004925 -0.363576
vt 7.946699 -0.085376
vt 8.201116 -0.267339
vt 8.107562 0.007498
vt 8.373919 -0.133580
vt 8.242671 0.134967
vt 8.516260 0.032227
vt 8.344741 0.290157
vt 8.622309 0.223292
vt 8.408271 0.464704
vt 0.200000 0.647953
vt 0.700000 0.647953
vt 0.200000 0.706858
vt 0.700000 0.706858
vt 0.200000 -0.706858
vt 0.700000 -0.706858
vt 0.200000 -0.647953
vt 0.700000 -0.647953
vt 0.200000 -0.589049
vt 0.700000 -0.589049
vt 0.200000 -0.530144
vt 0.700000 -0.530144
vt 0.200000 -0.471239
vt 0.700000 -0.471239
vt 0.200000 -0.412334
vt 0.700000 -0.412334
vt 0.200000 -0.353429
vt 0.700000 -0.353429
vt 0.200000 -0.294524
vt 0.700000 -0.294524
vt 0.200000 -0.235619
vt 0.700000 -0.235619
vt 0.200000 -0.176715
vt 0.700000 -0.176715
vt 0.200000 -0.117810
vt 0.700000 -0.117810
vt 0.200000 -0.058905
vt 0.700000 -0.058905
vt 0.200000 0.000000
vt 0.700000 0.000000
vt 0.200000 0.058905
vt 0.700000 0.058905
vt 0.200000 0.117810
vt 0.700000 0.117810
vt 0.200000 0.176715
vt 0.700000 0.176715
vt 0.200000 0.235619
vt 0.700000 0.235619
vt 0.200000 0.294524
vt 0.700000 0.294524
vt 0.200000 0.353429
vt 0.700000 0.353429
vt 0.200000 0.412334
vt 0.700000 0.412334
vt 0.200000 0.471239
vt 0.700000 0.471239
vt 0.200000 0.530144
vt 0.700000 0.530144
vt 0.200000 0.589049
vt 0.700000 0.589049
vt 1.500000 0.863938
vt 2.000000 0.863938
vt 1.500000 0.942478
vt 2.000000 0.942478
vt 1.500000 -0.942478
vt 2.000000 -0.942478
vt 1.500000 -0.863938
vt 2.000000 -0.863938
vt 1.500000 -0.785398
vt 2.000000 -0.785398
vt 1.500000 -0.706858
vt 2.000000 -0.706858
vt 1.500000 -0.628319
vt 2.000000 -0.628319
vt 1.500000 -0.549779
vt 2.000000 -0.549779
vt 1.500000 -0.471239
vt 2.000000 -0.471239
vt 1.500000 -0.392699
vt 2.000000 -0.392699
vt 1.500000 -0.314159
vt 2.000000 -0.314159
vt 1.500000 -0.235619
vt 2.000000 -0.235619
vt 1.500000 -0.157080
vt 2.000000 -0.157080
vt 1.500000 -0.078540
vt 2.000000 -0.078540
vt 1.500000 0.000000
vt 2.000000 0.000000
vt 1.500000 0.078540
vt 2.000000 0.078540
vt 1.500000 0.157080
vt 2.000000 0.157080
vt 1.500000 0.235619
vt 2.000000 0.235619
vt 1.500000 0.314159
vt 2.000000 0.314159
vt 1.500000 0.392699
vt 2.000000 0.392699
vt 1.500000 0.471239
vt 2.000000 0.471239
vt 1.500000 0.549779
vt 2.000000 0.549779
vt 1.500000 0.628319
vt 2.000000 0.628319
vt 1.500000 0.706858
vt 2.000000 0.706858
vt 1.500000 0.785398
vt 2.000000 0.785398
vt 1.300000 -0.863938
vt 0.800000 -0.863938
vt 1.300000 -0.942478
vt 0.800000 -0.942478
vt 1.300000 0.942478
vt 0.800000 0.942478
vt 1.300000 0.863938
vt 0.800000 0.863938
vt 1.300000 0.785398
vt 0.800000 0.785398
vt 1.300000 0.706858
vt 0.800000 0.706858
vt 1.300000 0.628319
vt 0.800000 0.628319
vt 1.300000 0.549779
vt 0.800000 0.549779
vt 1.300000 0.471239
vt 0.800000 0.471239
vt 1.300000 0.392699
vt 0.800000 0.392699
vt 1.300000 0.314159
vt 0.800000 0.314159
vt 1.300000 0.235619
vt 0.800000 0.235619
vt 1.300000 0.157080
vt 0.800000 0.157080
vt 1.300000 0.078540
vt 0.800000 0.078540
vt 1.300000 0.000000
vt 0.800000 0.000000
vt 1.300000 -0.078540
vt 0.800000 -0.078540
vt 1.300000 -0.157080
vt 0.800000 -0.157080
vt 1.300000 -0.235619
vt 0.800000 -0.235619
vt 1.300000 -0.314159
vt 0.800000 -0.314159
vt 1.300000 -0.392699
vt 0.800000 -0.392699
vt 1.300000 -0.471239
vt 0.800000 -0.471239
vt 1.300000 -0.549779
vt 0.800000 -0.549779
vt 1.300000 -0.628319
vt 0.800000 -0.628319
vt 1.300000 -0.706858
vt 0.800000 -0.706858
vt 1.300000 -0.785398
vt 0.800000 -0.785398
vt -0.100137 0.500000
vt -0.420027 0.500000
vt -0.100137 0.250000
vt -0.451327 0.250000
vt -0.739917 0.500000
vt -0.784063 0.250000
vt -1.059806 0.500000
vt -1.297957 0.250000
vt -1.379696 0.500000
vt -1.775631 0.250000
vt -1.699585 0.500000
vt -2.019475 0.500000
vt -2.215190 0.250000
vt -2.339364 0.500000
vt -2.614725 0.250000
vt -2.659254 0.500000
vt -2.659254 0.250000
vt -3.106630 0.500000
vt -3.106630 0.000000
vt -3.554007 0.500000
vt -3.554007 0.000000
vt -4.001383 0.500000
vt -4.001383 0.000000
vt -4.448760 0.500000
vt -4.448760 0.000000
vt -4.896136 0.500000
vt -4.896136 0.000000
vt -5.343513 0.500000
vt -5.343513 0.000000
vt -5.790889 0.500000
vt -5.790889 0.000000
vt -6.238265 0.500000
vt -6.238265 0.000000
vt -6.685642 0.500000
vt -6.685642 0.000000
vt -7.133018 0.500000
vt -7.133018 0.000000
vt -7.580395 0.500000
vt -7.580395 0.000000
vt -8.027771 0.500000
vt -8.027771 0.000000
vt -8.475148 0.500000
vt -8.475148 0.000000
vt -8.922524 0.500000
vt -8.922524 0.000000
vt -9.369901 0.500000
vt -9.369901 0.000000
vt -9.817277 0.500000
vt -9.817277 0.000000
vt -10.264654 0.500000
vt -10.264654 0.000000
vt -10.712030 0.500000
vt -10.712030 0.000000
vt -11.159406 0.500000
vt -11.159406 0.000000
vt -11.606783 0.500000
vt -11.606783 0.000000
vt -12.054159 0.500000
vt -12.054159 0.000000
vt -12.501536 0.500000
vt -12.501536 0.000000
vt -12.725224 0.500000
vt -12.725224 0.000000
vt -12.948912 0.500000
vt -12.948912 0.000000
vt -13.172600 0.500000
vt -13.172600 0.000000
vt -13.396289 0.500000
vt -13.396289 0.000000
vt -13.619977 0.500000
vt -13.619977 0.000000
vt -13.843665 0.500000
vt -13.843665 0.000000
vt -14.067353 0.500000
vt -14.067353 0.000000
vt -14.291042 0.500000
vt -14.291042 0.000000
vt -14.514730 0.500000
vt -14.514730 0.000000
vt -14.738418 0.500000
vt -14.738418 0.000000
vt -14.962106 0.500000
vt -14.962106 0.000000
vt -15.185794 0.500000
vt -15.185794 0.000000
vt -15.409483 0.500000
vt -15.409483 0.000000
vt -15.633171 0.500000
vt -15.633171 0.000000
vt -15.856859 0.500000
vt -15.856859 0.000000
vt -16.080547 0.500000
vt -16.080547 0.000000
vt -16.304235 0.500000
vt -16.304235 0.000000
vt -16.527924 0.500000
vt -16.527924 0.000000
vt -16.751612 0.500000
vt -16.751612 0.000000
vt -16.975300 0.500000
vt -16.975300 0.000000
vt -2.659254 0.000000
vt -12.865589 0.000000
vt -12.664564 0.000000
vt -12.865589 0.500000
vt -12.664564 0.500000
vt -12.463539 0.000000
vt -12.463539 0.500000
vt -12.262514 0.000000
vt -12.262514 0.500000
vt -12.061489 0.000000
vt -12.061489 0.500000
vt -11.860465 0.000000
vt -11.860465 0.500000
vt -11.659440 0.000000
vt -11.659440 0.500000
vt -11.458415 0.000000
vt -11.458415 0.500000
vt -11.257390 0.000000
vt -11.257390 0.500000
vt -11.056365 0.000000
vt -11.056365 0.500000
vt -10.855341 0.000000
vt -10.855341 0.500000
vt -10.654316 0.000000
vt -10.654316 0.500000
vt -10.453291 0.000000
vt -10.453291 0.500000
vt -10.252266 0.000000
vt -10.252266 0.500000
vt -10.051241 0.000000
vt -10.051241 0.500000
vt -9.850216 0.000000
vt -9.850216 0.500000
vt -9.649192 0.000000
vt -9.649192 0.500000
vt -9.448167 0.000000
vt -9.448167 0.500000
vt -9.247142 0.000000
vt -9.247142 0.500000
vt -9.046117 0.000000
vt -9.046117 0.500000
vt -8.845092 0.000000
vt -8.845092 0.500000
vt -8.644067 0.000000
vt -8.644067 0.500000
vt -8.443043 0.000000
vt -8.443043 0.500000
vt -8.242018 0.000000
vt -8.242018 0.500000
vt -8.040993 0.000000
vt -8.040993 0.500000
vt -7.839968 0.000000
vt -7.839968 0.500000
vt -7.638943 0.000000
vt -7.638943 0.500000
vt -7.437919 0.000000
vt -7.437919 0.500000
vt -7.236894 0.000000
vt -7.236894 0.500000
vt -7.035869 0.000000
vt -7.035869 0.500000
vt -6.834844 0.000000
vt -6.834844 0.500000
vt -6.633819 0.000000
vt -6.633819 0.500000
vt -6.432794 0.000000
vt -6.432794 0.500000
vt -6.231770 0.000000
vt -6.231770 0.500000
vt -6.030745 0.000000
vt -6.030745 0.500000
vt -5.829720 0.000000
vt -5.829720 0.500000
vt -5.628695 0.000000
vt -5.628695 0.500000
vt -5.427670 0.000000
vt -5.427670 0.500000
vt -5.226645 0.000000
vt -5.226645 0.500000
vt -5.025621 0.000000
vt -5.025621 0.500000
vt -4.824596 0.000000
vt -4.824596 0.500000
vt -4.623571 0.000000
vt -4.623571 0.500000
vt -4.422546 0.000000
vt -4.422546 0.500000
vt -4.221521 0.000000
vt -4.221521 0.500000
vt -4.020496 0.000000
vt -4.020496 0.500000
vt -3.819472 0.000000
vt -3.819472 0.500000
vt -3.618447 0.000000
vt -3.618447 0.500000
vt -3.417422 0.000000
vt -3.417422 0.500000
vt -3.216397 0.000000
vt -3.216397 0.500000
vt -3.015372 0.000000
vt -3.015372 0.500000
vt -2.814348 0.000000
vt -2.814348 0.500000
vt -2.613323 0.000000
vt -2.613323 0.500000
vt -2.412298 0.000000
vt -2.412298 0.500000
vt -2.211273 0.000000
vt -2.211273 0.500000
vt -2.010248 0.000000
vt -2.010248 0.500000
vt -1.809223 0.000000
vt -1.809223 0.500000
vt -1.608199 0.000000
vt -1.608199 0.500000
vt -1.407174 0.000000
vt -1.407174 0.500000
vt -1.206149 0.000000
vt -1.206149 0.500000
vt -1.005124 0.000000
vt -1.005124 0.500000
vt -0.804099 0.000000
vt -0.804099 0.500000
vt -0.603074 0.000000
vt -0.603074 0.500000
vt -0.402050 0.000000
vt -0.402050 0.500000
vt -0.301537 0.000000
vt -0.301537 0.500000
vt -0.201025 0.000000
vt -0.201025 0.500000
vt -0.000000 0.000000
vt -0.000000 0.500000
vt 0.500000 -1.799871
vt -0.000000 -1.799871
vt 0.500000 -1.963495
vt -0.000000 -1.963495
vt 0.500000 1.963495
vt -0.000000 1.963495
vt 0.500000 1.799871
vt -0.000000 1.799871
vt 0.500000 1.636246
vt -0.000000 1.636246
vt 0.500000 1.472622
vt 0.000000 1.472622
vt 0.500000 1.308997
vt 0.000000 1.308997
vt 0.500000 1.145372
vt -0.000000 1.145372
vt 0.500000 0.981748
vt 0.000000 0.981748
vt 0.500000 0.818123
vt 0.000000 0.818123
vt 0.500000 0.654498
vt -0.000000 0.654498
vt 0.500000 0.490874
vt -0.000000 0.490874
vt 0.500000 0.327249
vt 0.000000 0.327249
vt 0.500000 0.163625
vt 0.000000 0.163625
vt 0.500000 0.000000
vt 0.000000 0.000000
vt 0.500000 -0.163625
vt 0.000000 -0.163625
vt 0.500000 -0.327249
vt 0.000000 -0.327249
vt 0.500000 -0.490874
vt -0.000000 -0.490874
vt 0.500000 -0.654498
vt -0.000000 -0.654498
vt 0.500000 -0.818123
vt 0.000000 -0.818123
vt 0.500000 -0.981748
vt -0.000000 -0.981748
vt 0.500000 -1.145372
vt -0.000000 -1.145372
vt 0.500000 -1.308997
vt 0.000000 -1.308997
vt 0.500000 -1.472622
vt 0.000000 -1.472622
vt 0.500000 -1.636246
vt -0.000000 -1.636246
vt 0.500000 -4.153884
vt -0.000000 -4.153884
vt 0.500000 -4.398230
vt -0.000000 -4.398230
vt 0.500000 4.398230
vt -0.000000 4.398230
vt 0.500000 4.153884
vt -0.000000 4.153884
vt 0.500000 3.909538
vt 0.000000 3.909538
vt 0.500000 3.665191
vt 0.000000 3.665191
vt 0.500000 3.420845
vt -0.000000 3.420845
vt 0.500000 3.176499
vt 0.000000 3.176499
vt 0.500000 2.932153
vt 0.000000 2.932153
vt 0.500000 2.687807
vt -0.000000 2.687807
vt 0.500000 2.443461
vt 0.000000 2.443461
vt 0.500000 2.199115
vt 0.000000 2.199115
vt 0.500000 1.954769
vt -0.000000 1.954769
vt 0.500000 1.710423
vt 0.000000 1.710423
vt 0.500000 1.466077
vt -0.000000 1.466077
vt 0.500000 1.221730
vt -0.000000 1.221730
vt 0.500000 0.977384
vt 0.000000 0.977384
vt 0.500000 0.733038
vt -0.000000 0.733038
vt 0.500000 0.488692
vt -0.000000 0.488692
vt 0.500000 0.244346
vt 0.000000 0.244346
vt 0.500000 -0.244346
vt 0.000000 -0.244346
vt 0.500000 -0.488692
vt -0.000000 -0.488692
vt 0.500000 -0.733038
vt -0.000000 -0.733038
vt 0.500000 -0.977384
vt 0.000000 -0.977384
vt 0.500000 -1.221730
vt -0.000000 -1.221730
vt 0.500000 -1.466077
vt -0.000000 -1.466077
vt 0.500000 -1.710423
vt 0.000000 -1.710423
vt 0.500000 -1.954769
vt -0.000000 -1.954769
vt 0.500000 -2.199115
vt -0.000000 -2.199115
vt 0.500000 -2.443461
vt 0.000000 -2.443461
vt 0.500000 -2.687807
vt -0.000000 -2.687807
vt 0.500000 -2.932153
vt 0.000000 -2.932153
vt 0.500000 -3.176499
vt 0.000000 -3.176499
vt 0.500000 -3.420845
vt -0.000000 -3.420845
vt 0.500000 -3.665191
vt 0.000000 -3.665191
vt 0.500000 -3.909538
vt 0.000000 -3.909538
vt 0.128973 0.000000
vt 0.128973 0.500000
vt 0.257946 0.000000
vt 0.257946 0.500000
vt 0.386920 0.000000
vt 0.386920 0.500000
vt 0.515893 0.000000
vt 0.515893 0.500000
vt 0.644866 0.000000
vt 0.644866 0.500000
vt 0.773839 0.000000
vt 0.773839 0.500000
vt 1.031786 0.000000
vt 1.031786 0.500000
vt 1.289732 0.000000
vt 1.289732 0.500000
vt 1.547679 0.000000
vt 1.547679 0.500000
vt 1.805625 0.000000
vt 1.805625 0.500000
vt 2.063572 0.000000
vt 2.063572 0.500000
vt 2.321518 0.000000
vt 2.321518 0.500000
vt 2.579465 0.000000
vt 2.579465 0.500000
vt 2.837411 0.000000
vt 2.837411 0.500000
vt 3.095358 0.000000
vt 3.095358 0.500000
vt 3.611251 0.000000
vt 3.611251 0.500000
vt 3.869197 0.000000
vt 3.869197 0.500000
vt 4.127143 0.000000
vt 4.127143 0.500000
vt 4.385090 0.000000
vt 4.385090 0.500000
vt 4.643036 0.000000
vt 4.643036 0.500000
vt 4.900983 0.000000
vt 4.900983 0.500000
vt 5.158929 0.000000
vt 5.158929 0.500000
vt 5.416876 0.000000
vt 5.416876 0.500000
vt 5.674822 0.000000
vt 5.674822 0.500000
vt 5.932769 0.000000
vt 5.932769 0.500000
vt 6.190715 0.000000
vt 6.190715 0.500000
vt 6.448662 0.000000
vt 6.448662 0.500000
vt 6.706608 0.000000
vt 6.706608 0.500000
vt 6.964555 0.000000
vt 6.964555 0.500000
vt 7.222501 0.000000
vt 7.222501 0.500000
vt 7.480447 0.000000
vt 7.480447 0.500000
vt 7.738394 0.000000
vt 7.738394 0.500000
vt 7.996340 0.000000
vt 7.996340 0.500000
vt 8.254287 0.000000
vt 8.254287 0.500000
vt 8.512233 0.000000
vt 8.512233 0.500000
vt 8.770180 0.000000
vt 8.770180 0.500000
vt 9.028126 0.000000
vt 9.028126 0.500000
vt 9.286073 0.000000
vt 9.286073 0.500000
vt 9.544019 0.000000
vt 9.544019 0.500000
vt 9.801966 0.000000
vt 9.801966 0.500000
vt 10.059912 0.000000
vt 10.059912 0.500000
vt 10.317859 0.000000
vt 10.317859 0.500000
vt 10.575805 0.000000
vt 10.575805 0.500000
vt 10.833752 0.000000
vt 10.833752 0.500000
vt 11.091698 0.000000
vt 11.091698 0.500000
vt 11.349644 0.000000
vt 11.349644 0.500000
vt 11.607591 0.000000
vt 11.607591 0.500000
vt 11.736564 0.000000
vt 11.736564 0.500000
vt 11.865537 0.000000
vt 11.865537 0.500000
vt 11.994511 0.000000
vt 11.994511 0.500000
vt 12.123484 0.000000
vt 12.123484 0.500000
vt 12.252457 0.000000
vt 12.252457 0.500000
vt 12.381430 0.000000
vt 12.381430 0.500000
vt 12.510404 0.000000
vt 12.510404 0.500000
vt 12.639377 0.000000
vt 12.639377 0.500000
vt 12.768350 0.000000
vt 12.768350 0.500000
vt 12.897323 0.000000
vt 12.897323 0.500000
vt 13.026296 0.000000
vt 13.026296 0.500000
vt 13.155270 0.000000
vt 13.155270 0.500000
vt 13.284243 0.000000
vt 13.284243 0.500000
vt 13.413216 0.000000
vt 13.413216 0.500000
vt 13.542189 0.000000
vt 13.542189 0.500000
vt 13.671163 0.000000
vt 13.671163 0.500000
vt 13.929109 0.000000
vt 13.929109 0.500000
vt 14.187056 0.000000
vt 14.187056 0.500000
vt 14.445002 0.000000
vt 14.445002 0.500000
vt 14.702948 0.000000
vt 14.702948 0.500000
vt 14.960895 0.000000
vt 14.960895 0.500000
vt 15.218841 0.000000
vt 15.218841 0.500000
vt 15.476788 0.000000
vt 15.476788 0.500000
vt 15.734734 0.000000
vt 15.734734 0.500000
vt 15.863708 0.000000
vt 15.863708 0.500000
vt 15.992681 0.000000
vt 15.992681 0.500000
vt 16.121655 0.000000
vt 16.121655 0.500000
vt 16.250628 0.000000
vt 16.250628 0.500000
vt 16.379601 0.000000
vt 16.379601 0.500000
vt 16.508574 0.000000
vt 16.508574 0.500000
vt 0.500000 -3.541432
vt 0.000000 -3.541432
vt 0.500000 -3.769911
vt -0.000000 -3.769911
vt 0.500000 3.769911
vt -0.000000 3.769911
vt 0.500000 3.541432
vt 0.000000 3.541432
vt 0.500000 3.312952
vt -0.000000 3.312952
vt 0.500000 3.084473
vt -0.000000 3.084473
vt 0.500000 2.855993
vt 0.000000 2.855993
vt 0.500000 2.627514
vt 0.000000 2.627514
vt 0.500000 2.399034
vt -0.000000 2.399034
vt 0.500000 2.170555
vt 0.000000 2.170555
vt 0.500000 1.942075
vt -0.000000 1.942075
vt 0.500000 1.713596
vt 0.000000 1.713596
vt 0.500000 1.485117
vt -0.000000 1.485117
vt 0.500000 1.256637
vt 0.000000 1.256637
vt 0.500000 1.028158
vt -0.000000 1.028158
vt 0.500000 0.799678
vt 0.000000 0.799678
vt 0.500000 0.571199
vt 0.000000 0.571199
vt 0.500000 0.342719
vt -0.000000 0.342719
vt 0.500000 0.114240
vt -0.000000 0.114240
vt 0.500000 -0.114240
vt -0.000000 -0.114240
vt 0.500000 -0.342719
vt -0.000000 -0.342719
vt 0.500000 -0.571199
vt 0.000000 -0.571199
vt 0.500000 -0.799678
vt 0.000000 -0.799678
vt 0.500000 -1.028158
vt -0.000000 -1.028158
vt 0.500000 -1.256637
vt 0.000000 -1.256637
vt 0.500000 -1.485117
vt -0.000000 -1.485117
vt 0.500000 -1.713596
vt 0.000000 -1.713596
vt 0.500000 -1.942075
vt -0.000000 -1.942075
vt 0.500000 -2.170555
vt 0.000000 -2.170555
vt 0.500000 -2.399034
vt -0.000000 -2.399034
vt 0.500000 -2.627514
vt 0.000000 -2.627514
vt 0.500000 -2.855993
vt 0.000000 -2.855993
vt 0.500000 -3.084473
vt -0.000000 -3.084473
vt 0.500000 -3.312952
vt -0.000000 -3.312952
vt 0.500000 -2.327106
vt 0.000000 -2.327106
vt 0.500000 -2.513274
vt -0.000000 -2.513274
vt 0.500000 2.513274
vt -0.000000 2.513274
vt 0.500000 2.327106
vt 0.000000 2.327106
vt 0.500000 2.140937
vt 0.000000 2.140937
vt 0.500000 1.768600
vt -0.000000 1.768600
vt 0.500000 1.582432
vt 0.000000 1.582432
vt 0.500000 1.396263
vt -0.000000 1.396263
vt 0.500000 1.210095
vt 0.000000 1.210095
vt 0.500000 1.023927
vt -0.000000 1.023927
vt 0.500000 0.837758
vt -0.000000 0.837758
vt 0.500000 0.651590
vt 0.000000 0.651590
vt 0.500000 0.465421
vt 0.000000 0.465421
vt 0.500000 0.279253
vt -0.000000 0.279253
vt 0.500000 0.093084
vt -0.000000 0.093084
vt 0.500000 -0.093084
vt -0.000000 -0.093084
vt 0.500000 -0.279253
vt -0.000000 -0.279253
vt 0.500000 -0.465421
vt 0.000000 -0.465421
vt 0.500000 -0.651590
vt 0.000000 -0.651590
vt 0.500000 -0.837758
vt -0.000000 -0.837758
vt 0.500000 -1.023927
vt -0.000000 -1.023927
vt 0.500000 -1.210095
vt 0.000000 -1.210095
vt 0.500000 -1.396263
vt -0.000000 -1.396263
vt 0.500000 -1.582432
vt 0.000000 -1.582432
vt 0.500000 -1.768600
vt -0.000000 -1.768600
vt 0.500000 -2.140937
vt 0.000000 -2.140937
vt 0.554634 0.000000
vt 0.675454 0.500000
vt 1.109268 0.000000
vt 1.350909 0.500000
vt 1.663902 0.000000
vt 2.026363 0.500000
vt 2.218535 0.000000
vt 2.701818 0.500000
vt 2.773169 0.000000
vt 3.377272 0.500000
vt 3.327803 0.000000
vt 3.882437 0.000000
vt 4.052727 0.500000
vt 4.437071 0.000000
vt 4.728181 0.500000
vt 4.991705 0.000000
vt 5.403636 0.500000
vt 5.546339 0.000000
vt 6.021352 0.500000
vt 6.100972 0.000000
vt 6.639068 0.500000
vt 6.655606 0.000000
vt 7.210240 0.000000
vt 7.256784 0.500000
vt 7.764874 0.000000
vt 7.874500 0.500000
vt 8.319508 0.000000
vt 8.491611 0.500000
vt 8.874142 0.000000
vt 9.108723 0.500000
vt 9.428776 0.000000
vt 9.725834 0.500000
vt 9.983409 0.000000
vt 10.342946 0.500000
vt 10.538043 0.000000
vt 10.960057 0.500000
vt 11.092677 0.000000
vt 11.577169 0.500000
vt 11.647311 0.000000
vt 12.194280 0.500000
vt 12.201945 0.000000
vt 12.756579 0.000000
vt 12.811392 0.500000
vt 13.311213 0.000000
vt 13.428503 0.500000
vt 13.865846 0.000000
vt 14.045614 0.500000
vt 14.420480 0.000000
vt 14.662726 0.500000
vt 14.975114 0.000000
vt 15.279837 0.500000
vt 15.529748 0.000000
vt 15.896949 0.500000
vt 16.084381 0.000000
vt 16.514059 0.500000
vt 16.639015 0.000000
vt 17.131172 0.500000
vt 17.193649 0.000000
vt 17.748283 0.500000
vt 17.748283 0.000000
vt 0.000000 0.250000
vt 2.700000 0.250000
vt 2.700000 0.500000
vt 0.250000 1.031801
vt 0.500000 1.031801
vt 0.250000 1.187084
vt 0.500000 1.187084
vt 0.250000 1.342366
vt 0.500000 1.342366
vt 0.250000 1.497648
vt 0.500000 1.497648
vt 0.250000 1.652931
vt 0.500000 1.652931
vt 0.250000 1.808213
vt 0.500000 1.808213
vt 0.250000 1.963495
vt 0.250000 2.118778
vt 0.500000 2.118778
vt 0.250000 2.274060
vt 0.500000 2.274060
vt 0.250000 2.429343
vt 0.500000 2.429343
vt 0.250000 2.584625
vt 0.500000 2.584625
vt 0.250000 2.739907
vt 0.500000 2.739907
vt 0.250000 2.895190
vt 0.500000 2.895190
vt 6.387902 7.946451
vt 7.088569 7.561697
vt 6.395569 8.004685
vt 7.187893 7.691138
vt 6.821803 8.731711
vt 7.317335 7.790463
vt 7.538749 8.658849
vt 7.468073 7.852900
vt 7.629835 7.874197
vt 7.026131 7.410959
vt 6.365425 7.892185
vt 6.329668 7.845586
vt 7.004835 7.249197
vt 6.283069 7.809829
vt 7.026131 7.087435
vt 6.228803 7.787352
vt 6.687271 5.749951
vt 6.460131 5.616991
vt 6.170569 7.779685
vt 6.112335 7.787352
vt 6.264624 5.469114
vt 6.058069 7.809829
vt 6.103602 5.307582
vt 4.991946 5.318018
vt 5.027703 5.271418
vt 6.011470 7.845586
vt 4.945347 5.353774
vt 5.975713 7.892185
vt 4.891081 5.376252
vt 4.832847 5.383918
vt 5.953236 7.946451
vt 5.308156 8.861382
vt 5.945569 8.004685
vt 5.953236 8.062919
vt 5.975713 8.117185
vt 6.077819 8.799131
vt 6.011470 8.163784
vt 6.058069 8.199541
vt 6.112335 8.222019
vt 6.170569 8.229685
vt 6.228803 8.222019
vt 6.283069 8.199541
vt 6.329668 8.163784
vt 6.365425 8.117185
vt 6.387902 8.062919
vt 5.050180 5.100684
vt 5.846948 4.753755
vt 5.057847 5.158918
vt 5.893464 4.948584
vt 5.050180 5.217153
vt 5.979336 5.133644
vt 5.027703 5.046418
vt 5.840023 4.550630
vt 4.991946 4.999819
vt 5.386933 3.647837
vt 5.159057 3.636982
vt 4.945347 4.964063
vt 4.891081 4.941585
vt 4.937353 3.583198
vt 4.832847 4.933918
vt 4.774613 4.941585
vt 4.729835 3.488427
vt 4.720347 4.964063
vt 4.673748 4.999819
vt 4.544002 3.356096
vt 4.637991 5.046418
vt 4.386571 3.190987
vt 4.615514 5.100684
vt 3.303578 2.666530
vt 3.245344 2.674197
vt 4.607847 5.158918
vt 3.187110 2.666530
vt 3.132844 2.644052
vt 2.000000 9.064193
vt 3.086245 2.608296
vt 3.050488 2.561697
vt 3.028011 2.507431
vt 2.217399 0.349197
vt 3.020344 2.449197
vt 2.357373 0.549099
vt 2.529932 0.721659
vt 4.615514 5.217153
vt 2.859020 9.019927
vt 4.637991 5.271418
vt 3.697446 8.971516
vt 4.673748 5.318018
vt 4.720347 5.353774
vt 4.514239 8.918751
vt 4.774613 5.376252
vt 3.462678 2.390962
vt 4.135269 2.335129
vt 3.470344 2.449197
vt 4.135269 2.563264
vt 3.462678 2.507431
vt 3.440200 2.561697
vt 4.178443 2.787276
vt 3.404443 2.608296
vt 4.263232 2.999068
vt 3.357844 2.644052
vt 3.440200 2.336697
vt 4.178443 2.111118
vt 3.404443 2.290098
vt 3.672942 1.027927
vt 3.357844 2.254341
vt 3.429835 1.049197
vt 3.303578 2.231863
vt 3.245344 2.224197
vt 3.186728 1.027927
vt 3.187110 2.231863
vt 3.132844 2.254341
vt 2.951007 0.964766
vt 3.086245 2.290098
vt 3.050488 2.336697
vt 2.729835 0.861632
vt 3.028011 2.390962
vt 12.743069 3.536564
vt 11.521354 3.453223
vt 12.732847 3.458919
vt 11.563782 3.222680
vt 11.595725 3.014855
vt 11.467113 3.702161
vt 12.773040 3.608919
vt 11.398915 3.964112
vt 12.820715 3.671051
vt 11.313900 4.232863
vt 12.029835 5.924197
vt 11.208825 4.501740
vt 11.868073 5.945493
vt 11.080608 4.764111
vt 11.717335 6.007931
vt 10.926802 5.013846
vt 11.587893 6.107255
vt 11.488569 6.236697
vt 12.191597 5.945493
vt 12.882847 3.718726
vt 12.342335 6.007931
vt 12.955201 3.748696
vt 12.471777 6.107255
vt 13.032847 3.758919
vt 13.845899 5.955877
vt 14.003045 5.587066
vt 13.110493 3.748696
vt 14.155199 5.190994
vt 13.182847 3.718726
vt 13.244979 3.671051
vt 14.300239 4.768486
vt 13.292655 3.608919
vt 14.435983 4.320648
vt 13.322625 3.536564
vt 14.560286 3.848896
vt 13.332847 3.458919
vt 14.671149 3.355006
vt 13.322625 3.381273
vt 14.766810 2.841143
vt 13.292655 3.308919
vt 13.244979 3.246787
vt 13.182847 3.199111
vt 13.510493 0.448696
vt 14.845795 2.309848
vt 13.432847 0.458918
vt 13.110493 3.169141
vt 13.355201 0.448696
vt 13.032847 3.158919
vt 13.282847 0.418726
vt 12.955201 3.169141
vt 13.220715 0.371051
vt 12.882847 3.199111
vt 11.581842 2.429080
vt 11.616057 2.543028
vt 12.820715 3.246787
vt 11.625716 2.676063
vt 12.773040 3.308919
vt 11.617191 2.832530
vt 12.743069 3.381273
vt 13.143069 0.236564
vt 11.482539 -1.005956
vt 13.132847 0.158918
vt 11.537517 -1.052312
vt 11.585916 -1.107914
vt 13.173040 0.308918
vt 11.517685 2.329239
vt 11.420963 2.239259
vt 11.420879 -0.967957
vt 11.292872 2.156663
vt 11.277192 -0.913134
vt 11.137567 2.080558
vt 11.106050 -0.879729
vt 10.960464 2.010924
vt 10.767084 1.948288
vt 11.553754 2.377695
vt 13.582847 0.418726
vt 14.906895 1.763957
vt 13.644979 0.371051
vt 14.949138 1.206495
vt 13.692655 0.308918
vt 14.971756 0.640591
vt 13.722625 0.236564
vt 13.732847 0.158918
vt 14.974170 0.069383
vt 13.722625 0.081273
vt 14.955960 -0.504074
vt 13.692655 0.008918
vt 14.916856 -1.076893
vt 13.644979 -0.053214
vt 13.582847 -0.100889
vt 14.856718 -1.646451
vt 13.510493 -0.130859
vt 14.775529 -2.210479
vt 13.432847 -0.141082
vt 14.673380 -2.767140
vt 12.910493 -4.051304
vt 12.982847 -4.081274
vt 13.355201 -0.130859
vt 11.749979 -1.947192
vt 11.744170 -2.101860
vt 11.750156 -1.802810
vt 13.282847 -0.100889
vt 11.744617 -1.669296
vt 11.733273 -1.547079
vt 13.220715 -0.053214
vt 11.716030 -1.436416
vt 11.692785 -1.337387
vt 13.173040 0.008918
vt 11.663430 -1.249870
vt 13.143069 0.081273
vt 11.627847 -1.173547
vt 2.000000 -3.726516
vt 2.029835 -0.350803
vt 2.051104 -0.107696
vt 2.114265 0.128025
vt 2.154771 -3.738418
vt 2.529932 -1.423266
vt 2.357373 -1.250706
vt 2.217399 -1.050803
vt 2.729835 -1.563239
vt 2.301836 -3.788095
vt 2.951007 -1.666373
vt 2.432122 -3.872483
vt 3.186728 -1.729534
vt 2.537592 -3.986376
vt 3.429835 -1.750803
vt 2.611742 -4.122749
vt 3.672942 -1.729534
vt 2.649997 -4.273189
vt 3.908663 -1.666373
vt 6.029330 -2.976325
vt 5.947875 -2.753626
vt 2.649997 -4.428417
vt 3.796172 -6.414288
vt 4.286539 -6.519592
vt 6.137727 -3.202198
vt 4.786267 -6.637284
vt 6.271458 -3.431591
vt 5.290569 -6.767228
vt 6.428749 -3.664868
vt 6.607681 -3.902201
vt 5.794234 -6.909128
vt 6.806203 -4.143352
vt 7.022153 -4.387490
vt 6.291854 -7.062465
vt 7.253276 -4.632986
vt 6.778038 -7.226440
vt 7.497238 -4.877181
vt 7.751645 -5.116158
vt 7.247614 -7.399918
vt 8.014060 -5.344765
vt 7.695853 -7.581362
vt 8.282029 -5.556854
vt 8.553101 -5.745602
vt 8.118691 -7.768767
vt 8.824850 -5.903896
vt 8.512933 -7.959600
vt 9.094901 -6.024707
vt 8.876472 -8.150740
vt 9.228567 -6.068975
vt 9.360953 -6.101464
vt 9.208561 -8.338384
vt 9.491787 -6.121482
vt 9.620804 -6.128410
vt 9.510034 -8.517983
vt 9.747747 -6.121709
vt 9.872368 -6.100937
vt 9.783343 -8.684273
vt 9.994430 -6.065757
vt 11.243069 -6.918727
vt 10.113705 -6.015957
vt 11.232847 -6.841082
vt 10.229978 -5.951460
vt 10.343044 -5.872339
vt 11.243069 -6.763436
vt 10.452715 -5.778821
vt 11.273040 -6.691082
vt 10.558811 -5.671280
vt 10.661167 -5.550245
vt 11.320715 -6.628950
vt 10.759631 -5.416391
vt 11.382847 -6.581274
vt 10.854061 -5.270531
vt 11.455201 -6.551304
vt 10.944327 -5.113599
vt 11.532847 -6.541082
vt 11.111895 -4.770770
vt 11.610493 -6.551304
vt 11.682847 -6.581274
vt 3.319331 -6.321398
vt 2.611742 -4.578858
vt 2.859402 -6.240884
vt 2.537592 -4.715231
vt 2.432122 -4.829124
vt 2.418983 -6.172674
vt 2.301836 -4.913512
vt 2.154771 -4.963189
vt 2.000000 -4.975091
vt 2.000000 -6.116673
vt 10.032400 -8.831418
vt 11.273040 -6.991082
vt 10.262133 -8.953299
vt 10.478033 -9.043809
vt 11.320715 -7.053214
vt 10.685773 -9.097115
vt 10.788305 -9.108140
vt 10.890791 -9.107948
vt 10.993802 -9.096023
vt 11.097845 -9.071909
vt 11.203375 -9.035215
vt 11.382847 -7.100889
vt 11.310785 -8.985608
vt 11.420415 -8.922812
vt 11.532556 -8.846601
vt 11.455201 -7.130859
vt 11.647452 -8.756796
vt 11.765306 -8.653256
vt 11.532847 -7.141082
vt 11.886285 -8.535876
vt 11.610493 -7.130859
vt 12.010525 -8.404580
vt 12.138130 -8.259318
vt 11.682847 -7.100889
vt 12.269179 -8.100064
vt 11.744979 -7.053214
vt 12.403727 -7.926807
vt 11.792655 -6.991082
vt 12.541812 -7.739550
vt 11.822625 -6.918727
vt 12.683458 -7.538305
vt 11.832847 -6.841082
vt 12.828675 -7.323089
vt 11.822625 -6.763436
vt 12.977467 -7.093918
vt 13.129835 -6.850803
vt 13.391143 -6.379454
vt 12.755201 -4.630859
vt 11.792655 -6.691082
vt 13.633293 -5.896765
vt 12.910493 -4.630859
vt 12.832847 -4.641082
vt 13.856165 -5.402715
vt 13.044979 -4.553214
vt 12.982847 -4.600889
vt 13.092655 -4.491082
vt 14.059569 -4.897325
vt 13.122625 -4.418727
vt 13.132847 -4.341082
vt 14.243268 -4.380709
vt 13.122625 -4.263436
vt 14.406991 -3.853125
vt 13.092655 -4.191082
vt 13.044979 -4.128949
vt 14.550454 -3.315031
vt 12.571101 6.236697
vt 13.685720 6.296847
vt 12.633539 6.387435
vt 13.524202 6.609615
vt 12.654835 6.549197
vt 13.362675 6.894018
vt 13.202053 7.150055
vt 12.633539 6.710959
vt 13.042883 7.377834
vt 12.571101 6.861697
vt 12.885443 7.577505
vt 12.471777 6.991138
vt 12.729835 7.749197
vt 12.342335 7.090463
vt 12.259112 7.871617
vt 12.191597 7.152900
vt 12.029835 7.174197
vt 11.763415 7.989011
vt 11.868073 7.152900
vt 11.717335 7.090463
vt 11.242264 8.101282
vt 11.587893 6.991138
vt 11.488569 6.861697
vt 10.433539 7.110959
vt 10.454835 6.949197
vt 10.694938 8.208285
vt 10.371101 7.261697
vt 10.271777 7.391138
vt 10.142335 7.490463
vt 10.120583 8.309847
vt 9.991597 7.552900
vt 9.829835 7.574197
vt 9.518331 8.405794
vt 9.668073 7.552900
vt 9.517335 7.490463
vt 9.387893 7.391138
vt 8.887448 8.495978
vt 9.288569 7.261697
vt 8.233539 7.410959
vt 9.226131 7.110959
vt 8.254835 7.249197
vt 9.204835 6.949197
vt 8.233539 7.087435
vt 8.822281 6.137822
vt 8.492242 6.152231
vt 8.171101 6.936697
vt 8.071777 6.807255
vt 8.171101 7.561697
vt 8.227535 8.580319
vt 8.071777 7.691138
vt 7.942335 7.790463
vt 7.791597 7.852900
vt 10.907533 -0.859707
vt 10.562321 1.893662
vt 10.682373 -0.846011
vt 10.349986 1.848405
vt 10.432111 -0.833397
vt 10.132600 1.814018
vt 10.159107 -0.818724
vt 9.911461 1.792033
vt 9.866451 -0.800775
vt 9.686999 1.783982
vt 9.557842 -0.779984
vt 8.849835 0.649197
vt 8.827788 0.418310
vt 9.459091 1.791355
vt 8.827788 0.880083
vt 9.227257 1.815518
vt 8.762444 1.102625
vt 8.990863 1.857624
vt 8.656164 1.308778
vt 8.749367 1.918558
vt 8.512791 1.491093
vt 8.502572 1.998876
vt 8.337504 1.642979
vt 8.250889 2.098717
vt 8.136641 1.758948
vt 7.995539 2.217748
vt 7.917461 1.834807
vt 7.738567 2.355168
vt 7.687885 1.867815
vt 7.456211 1.856779
vt 7.482760 2.509749
vt 7.230812 1.802098
vt 7.231515 2.679899
vt 7.019835 1.705748
vt 6.988666 2.863731
vt 6.529835 2.449197
vt 6.508149 2.676298
vt 6.758341 3.059121
vt 6.443877 2.895192
vt 6.544825 3.263772
vt 6.339339 3.097966
vt 6.352420 3.475268
vt 6.198316 3.277291
vt 6.185289 3.691143
vt 6.025903 3.426688
vt 6.047319 3.908939
vt 5.828333 3.540755
vt 5.941974 4.126263
vt 5.612746 3.615371
vt 5.872150 4.340851
vt 7.088569 6.936697
vt 6.942644 5.866675
vt 7.187893 6.807255
vt 7.222346 5.965728
vt 7.317335 6.707931
vt 7.468073 6.645493
vt 7.522022 6.045541
vt 7.629835 6.624197
vt 7.836934 6.104411
vt 7.791597 6.645493
vt 7.942335 6.707931
vt 8.162063 6.140557
vt 9.147095 6.095954
vt 9.288569 6.636697
vt 9.226131 6.787435
vt 9.387893 6.507255
vt 9.461822 6.025581
vt 9.517335 6.407931
vt 9.668073 6.345493
vt 9.761958 5.926092
vt 9.829835 6.324197
vt 9.991597 6.345493
vt 10.043478 5.797414
vt 10.142335 6.407931
vt 10.302963 5.640112
vt 10.271777 6.507255
vt 10.537725 5.455488
vt 10.371101 6.636697
vt 11.426131 6.387435
vt 11.404835 6.549197
vt 10.745942 5.245694
vt 10.433539 6.787435
vt 11.426131 6.710959
vt 4.808566 -0.593911
vt 6.223042 -1.344214
vt 4.829835 -0.350803
vt 6.459254 0.305483
vt 4.808566 -0.107696
vt 6.415359 0.533228
vt 5.612746 1.283023
vt 5.828333 1.357638
vt 6.415359 0.765165
vt 6.025903 1.471705
vt 6.459254 0.992910
vt 6.198316 1.621102
vt 6.545456 1.208233
vt 6.339339 1.800428
vt 6.670850 1.403351
vt 6.443877 2.003202
vt 6.830905 1.571211
vt 6.508149 2.222095
vt 4.745405 -0.829632
vt 5.986980 -1.702162
vt 6.089146 -1.515972
vt 5.916765 -1.899696
vt 4.642271 -1.050803
vt 5.878355 -2.105682
vt 4.502297 -1.250706
vt 5.871279 -2.317686
vt 4.329738 -1.423266
vt 5.894784 -2.533979
vt 4.129835 -1.563239
vt 2.114265 -0.829632
vt 2.051104 -0.593911
vt 4.263232 1.899325
vt 3.908663 0.964766
vt 4.386571 1.707406
vt 4.129835 0.861632
vt 4.544002 1.542297
vt 4.329738 0.721659
vt 4.729835 1.409966
vt 4.502297 0.549099
vt 4.937353 1.315196
vt 4.642271 0.349197
vt 5.159057 1.261411
vt 4.745405 0.128025
vt 5.386933 1.250556
vt 12.832847 -4.041082
vt 11.715965 -2.439036
vt 12.755201 -4.051304
vt 11.666129 -2.807110
vt 12.682847 -4.081274
vt 12.620715 -4.128949
vt 11.595212 -3.197266
vt 12.573039 -4.191082
vt 11.503756 -3.599523
vt 12.543069 -4.263436
vt 11.392312 -4.003169
vt 12.532847 -4.341082
vt 12.543069 -4.418727
vt 11.261473 -4.397202
vt 12.573039 -4.491082
vt 6.545456 0.090160
vt 6.388026 -1.189893
vt 6.670850 -0.104957
vt 6.582994 -1.055675
vt 6.830905 -0.272818
vt 6.806336 -0.943628
vt 7.019835 -0.407354
vt 7.055883 -0.854952
vt 7.230812 -0.503704
vt 7.328851 -0.789684
vt 7.456211 -0.558386
vt 7.621837 -0.746575
vt 7.687885 -0.569422
vt 7.930906 -0.723268
vt 7.917461 -0.536414
vt 8.136641 -0.460554
vt 8.251707 -0.716568
vt 8.337504 -0.344586
vt 8.579601 -0.722749
vt 8.512791 -0.192700
vt 8.656164 -0.010385
vt 9.237450 -0.758101
vt 8.762444 0.195768
vt 12.620715 -4.553214
vt 11.744979 -6.628950
vt 12.682847 -4.600889
vt 0.000000 0.951901
vt 0.250000 0.951901
vt -0.000000 1.107531
vt 0.500000 1.115526
vt 0.000000 1.263161
vt 0.500000 1.279151
vt 0.000000 1.418791
vt 0.500000 1.442775
vt -0.000000 1.574421
vt 0.500000 1.606400
vt -0.000000 1.730051
vt 0.500000 1.770025
vt -0.000000 1.885680
vt 0.500000 1.933649
vt -0.000000 -2.041310
vt 0.500000 -1.993342
vt -0.000000 -1.885680
vt 0.500000 -1.829717
vt -0.000000 -1.730051
vt 0.500000 -1.666092
vt -0.000000 -1.574421
vt 0.500000 -1.502468
vt 0.000000 -1.418791
vt 0.500000 -1.338843
vt 0.000000 -1.263161
vt 0.500000 -1.175219
vt -0.000000 -1.107531
vt 0.500000 -1.011594
vt 0.250000 -0.951901
vt 0.250000 -0.938410
vt 0.250000 -0.924919
vt 0.500000 -0.847969
vt 0.250000 -0.911429
vt 0.250000 -0.759524
vt 0.500000 -0.684345
vt 0.250000 -0.607619
vt 0.500000 -0.520720
vt 0.250000 -0.455714
vt 0.500000 -0.357096
vt 0.250000 -0.303810
vt 0.500000 -0.193471
vt 0.250000 -0.151905
vt 0.500000 -0.029846
vt 0.250000 0.000000
vt 0.500000 0.133778
vt 0.250000 0.151905
vt 0.500000 0.297403
vt 0.250000 0.303810
vt 0.500000 0.461028
vt 0.250000 0.455714
vt 0.250000 0.607619
vt 0.500000 0.624652
vt 0.250000 0.759524
vt 0.500000 0.788277
vt 0.250000 0.911429
vt 0.500000 0.951901
vt 0.250000 0.924919
vt 0.250000 0.938410
vt 0.000000 -0.951901
vt -0.125000 8.914996
vt -0.375000 8.914996
vt -0.125000 -3.875713
vt -0.375000 -3.875713
vt -0.375000 -6.265870
vt -0.125000 -6.265870
vt -0.375000 -5.124287
vt -0.125000 -5.124287
vt -0.000000 -0.370546
vt 0.250000 -0.366519
vt -0.000000 -0.318992
vt 0.250000 -0.314159
vt -0.000000 -0.269916
vt 0.250000 -0.261799
vt -0.000000 -0.220840
vt 0.250000 -0.209440
vt -0.000000 -0.171765
vt 0.250000 -0.157080
vt -0.000000 -0.122689
vt 0.250000 -0.104720
vt -0.000000 -0.073613
vt 0.250000 -0.052360
vt -0.000000 -0.024538
vt -0.000000 0.024538
vt 0.250000 0.052360
vt -0.000000 0.073613
vt 0.250000 0.104720
vt -0.000000 0.122689
vt 0.250000 0.157080
vt -0.000000 0.171765
vt 0.250000 0.209440
vt -0.000000 0.220840
vt 0.250000 0.261799
vt -0.000000 0.269916
vt 0.250000 0.314159
vt -0.000000 0.318992
vt 0.250000 0.366519
vt -0.000000 0.370546
vt 0.250000 0.418879
vt -0.000000 0.422101
vt 0.250000 0.471239
vt 0.000000 0.473655
vt 0.250000 0.523599
vt 0.000000 0.525210
vt 0.250000 0.575959
vt 0.000000 0.576764
vt 0.250000 0.628319
vt 0.000000 0.628319
vt 0.000000 -0.628319
vt 0.250000 -0.628319
vt 0.000000 -0.576764
vt 0.250000 -0.575959
vt 0.000000 -0.525210
vt 0.250000 -0.523599
vt 0.000000 -0.473655
vt 0.250000 -0.471239
vt -0.000000 -0.422101
vt 0.250000 -0.418879
vt -0.000000 -2.272392
vt -0.250000 -2.272392
vt 0.000000 -2.273620
vt -0.250000 -2.274321
vt -0.000000 -2.274321
vt -12.898817 0.250000
vt -12.150700 0.250000
vt -12.898817 0.500000
vt -12.125569 0.500000
vt -11.385235 0.250000
vt -11.352320 0.500000
vt -11.352320 0.250000
vt -10.642800 0.500000
vt -10.642800 0.000000
vt -9.933280 0.000000
vt -11.352320 0.000000
vt -9.933280 0.500000
vt -9.223760 0.000000
vt -9.223760 0.500000
vt -8.514240 0.000000
vt -8.514240 0.500000
vt -7.804720 0.000000
vt -7.804720 0.500000
vt -7.095200 0.000000
vt -7.095200 0.500000
vt -6.385680 0.000000
vt -6.385680 0.500000
vt -5.676160 0.000000
vt -5.676160 0.500000
vt -4.966640 0.000000
vt -4.966640 0.500000
vt -4.257120 0.000000
vt -4.257120 0.500000
vt -3.547600 0.000000
vt -3.547600 0.500000
vt -2.838080 0.000000
vt -2.838080 0.500000
vt -2.128560 0.000000
vt -2.128560 0.500000
vt -1.419040 0.000000
vt -1.419040 0.500000
vt -0.709520 0.000000
vt -0.709520 0.500000
vt -0.000000 -3.522243
vt -0.000000 -3.521014
vt -0.250000 -3.522243
vt -0.250000 -3.520314
vt -0.000000 -3.520314
vt -1.952781 0.000000
vt -1.708683 0.000000
vt -1.952781 0.250000
vt -1.608924 0.250000
vt -1.464585 0.000000
vt -1.322527 0.250000
vt -1.220488 0.000000
vt -1.265068 0.250000
vt -0.963609 0.250000
vt -0.976390 0.000000
vt -0.921211 0.250000
vt -0.732293 0.000000
vt -0.577355 0.250000
vt -0.488195 0.000000
vt -0.327190 0.250000
vt -0.244098 0.000000
vt -0.063032 0.250000
vt -0.031652 0.250000
vt 0.250000 0.901694
vt 0.000000 0.901694
vt 0.250000 0.751412
vt 0.000000 0.751412
vt 0.000000 0.601129
vt 0.250000 0.601129
vt 0.000000 0.450847
vt 0.250000 0.450847
vt 0.000000 0.300565
vt 0.250000 0.300565
vt 0.000000 0.150282
vt 0.250000 0.150282
vt 0.000000 -0.150282
vt 0.250000 -0.150282
vt 0.000000 -0.300565
vt 0.250000 -0.300565
vt 0.000000 -0.450847
vt 0.250000 -0.450847
vt 0.000000 -0.601129
vt 0.250000 -0.601129
vt 0.000000 -0.751412
vt 0.250000 -0.751412
vt 0.250000 -0.901694
vt 0.000000 -0.901694
vt 2.700000 0.000000
vt -0.000000 0.358402
vt -0.250000 0.314159
vt -0.000000 0.309327
vt -0.250000 0.261799
vt -0.000000 0.257772
vt -0.250000 0.209440
vt -0.000000 0.206218
vt -0.250000 0.157080
vt -0.000000 0.154663
vt -0.250000 0.104720
vt -0.000000 0.103109
vt -0.250000 0.052360
vt -0.000000 0.051554
vt -0.250000 0.000000
vt -0.000000 -0.051554
vt -0.250000 -0.052360
vt -0.000000 -0.103109
vt -0.250000 -0.104720
vt -0.000000 -0.154663
vt -0.250000 -0.157080
vt -0.000000 -0.206218
vt -0.250000 -0.209440
vt -0.000000 -0.257772
vt -0.250000 -0.261799
vt -0.000000 -0.309327
vt -0.250000 -0.314159
vt -0.000000 -0.358402
vt -0.250000 -0.366519
vt -0.000000 -0.407478
vt -0.250000 -0.418879
vt -0.000000 -0.456554
vt -0.250000 -0.471239
vt -0.000000 -0.505629
vt -0.250000 -0.523599
vt -0.000000 -0.554705
vt -0.250000 -0.575959
vt -0.000000 -0.603781
vt -0.250000 -0.628319
vt -0.000000 -0.652856
vt -0.000000 0.603781
vt -0.250000 0.628319
vt -0.250000 0.575959
vt -0.000000 0.554705
vt -0.250000 0.523599
vt -0.000000 0.505629
vt -0.250000 0.471239
vt -0.000000 0.456554
vt -0.250000 0.418879
vt -0.000000 0.407478
vt -0.250000 0.366519
vt -0.000000 -6.110621
vt -0.000000 -4.971852
vt -0.250000 -6.110621
vt -0.250000 -4.970684
vt -0.000000 -4.970684
vt 0.250000 -0.991418
vt -0.000000 -0.991418
vt 0.250000 -0.996531
vt 0.250000 -1.001644
vt 0.250000 -1.006757
vt 0.250000 -1.011875
vt 0.250000 -1.016994
vt 0.250000 -1.022112
vt -0.000000 -1.153431
vt 0.250000 -1.179009
vt -0.000000 -1.315444
vt 0.250000 -1.335906
vt -0.000000 -1.477457
vt 0.250000 -1.492804
vt -0.000000 -1.639470
vt 0.250000 -1.649701
vt -0.000000 -1.801483
vt 0.250000 -1.806598
vt 0.250000 -1.963495
vt 0.250000 -2.120393
vt -0.000000 -2.125508
vt 0.250000 -2.277290
vt -0.000000 -2.287521
vt 0.250000 -2.434187
vt -0.000000 -2.449534
vt 0.250000 -2.591085
vt -0.000000 -2.611547
vt 0.250000 -2.747982
vt -0.000000 -2.773560
vt 0.250000 -2.904879
vt -0.000000 -2.935573
vt 0.250000 -2.909997
vt 0.250000 -2.915115
vt 0.250000 -2.920233
vt 0.250000 -2.925347
vt 0.250000 -2.930460
vt 0.250000 -2.935573
vt -7.090662 0.250000
vt -7.090662 0.500000
vt -7.091020 0.250000
vt -7.092864 0.500000
vt -7.092864 0.250000
vt -0.004235 0.250000
vt -0.003594 0.250000
vt -0.004235 0.500000
vt -14.327098 0.250000
vt -15.289447 0.250000
vt -14.327098 0.000000
vt -15.303021 -0.000000
vt -16.230013 0.250000
vt -16.278944 0.000000
vt -16.254486 0.250000
vt -16.278944 0.250000
vt -13.122625 -4.418727
vt -13.132847 -4.341082
vt -14.144796 -4.665923
vt -13.122625 -4.263436
vt -14.337958 -4.084881
vt -13.092655 -4.191082
vt -13.044979 -4.128949
vt -14.506191 -3.490552
vt -12.982847 -4.081274
vt -14.649109 -2.883776
vt -12.910493 -4.051304
vt -11.715965 -2.439036
vt -12.832847 -4.041082
vt -11.666129 -2.807110
vt -12.755201 -4.051304
vt -11.595212 -3.197266
vt -12.682847 -4.081274
vt -12.620715 -4.128949
vt -11.503756 -3.599523
vt -12.573039 -4.191082
vt -12.543069 -4.263436
vt -11.392312 -4.003169
vt -12.532847 -4.341082
vt -11.261473 -4.397202
vt -12.543069 -4.418727
vt -12.573039 -4.491082
vt -11.111895 -4.770770
vt -12.620715 -4.553214
vt -11.610493 -6.551304
vt -11.682847 -6.581274
vt -12.682847 -4.600889
vt -11.744979 -6.628950
vt -12.755201 -4.630859
vt -13.419379 -6.325648
vt -12.832847 -4.641082
vt -13.685193 -5.786450
vt -12.910493 -4.630859
vt -12.982847 -4.600889
vt -13.927092 -5.233189
vt -13.044979 -4.553214
vt -13.092655 -4.491082
vt -11.822625 -6.763436
vt -12.977467 -7.093918
vt -11.832847 -6.841082
vt -12.828675 -7.323089
vt -11.822625 -6.918727
vt -12.683458 -7.538305
vt -11.792655 -6.991082
vt -12.541812 -7.739550
vt -11.744979 -7.053214
vt -12.403727 -7.926807
vt -11.682847 -7.100889
vt -12.269179 -8.100064
vt -11.610493 -7.130859
vt -12.138130 -8.259318
vt -11.532847 -7.141082
vt -12.010525 -8.404580
vt -11.886285 -8.535876
vt -13.129835 -6.850803
vt -11.792655 -6.691082
vt -10.944327 -5.113599
vt -11.532847 -6.541082
vt -10.854061 -5.270531
vt -11.455201 -6.551304
vt -10.759631 -5.416391
vt -10.661167 -5.550245
vt -11.382847 -6.581274
vt -10.558811 -5.671280
vt -11.320715 -6.628950
vt -10.452715 -5.778821
vt -11.273040 -6.691082
vt -10.343044 -5.872339
vt -11.243069 -6.763436
vt -10.229978 -5.951460
vt -11.232847 -6.841082
vt -10.113705 -6.015957
vt -9.994430 -6.065757
vt -11.243069 -6.918727
vt -9.872368 -6.100937
vt -9.510034 -8.517983
vt -9.747747 -6.121709
vt -9.208561 -8.338384
vt -9.620804 -6.128410
vt -8.876472 -8.150740
vt -9.491787 -6.121482
vt -9.360953 -6.101464
vt -8.512933 -7.959600
vt -9.228567 -6.068975
vt -9.094901 -6.024707
vt -8.118691 -7.768767
vt -8.824850 -5.903896
vt -7.695853 -7.581362
vt -8.553101 -5.745602
vt -8.282029 -5.556854
vt -7.247614 -7.399918
vt -8.014060 -5.344765
vt -6.778038 -7.226440
vt -7.751645 -5.116158
vt -6.291854 -7.062465
vt -7.497238 -4.877181
vt -7.253276 -4.632986
vt -5.794234 -6.909128
vt -7.022153 -4.387490
vt -5.290569 -6.767228
vt -6.806203 -4.143352
vt -6.607681 -3.902201
vt -4.786267 -6.637284
vt -6.428749 -3.664868
vt -4.286539 -6.519592
vt -6.271458 -3.431591
vt -2.654122 -4.320969
vt -6.137727 -3.202198
vt -6.029330 -2.976325
vt -2.625129 -4.160408
vt -5.947875 -2.753626
vt -3.908663 -1.666373
vt -5.894784 -2.533979
vt -4.129835 -1.563239
vt -5.871279 -2.317686
vt -4.329738 -1.423266
vt -5.878355 -2.105682
vt -4.502297 -1.250706
vt -5.916765 -1.899696
vt -4.642271 -1.050803
vt -5.986980 -1.702162
vt -4.745405 -0.829632
vt -6.089146 -1.515972
vt -4.808566 -0.593911
vt -6.223042 -1.344214
vt -4.829835 -0.350803
vt -6.388026 -1.189893
vt -6.878081 0.375580
vt -6.582994 -1.055675
vt -6.961445 0.209589
vt -6.806336 -0.943628
vt -7.080842 0.067298
vt -7.055883 -0.854952
vt -7.229835 -0.043624
vt -7.328851 -0.789684
vt -7.400392 -0.117195
vt -7.583319 -0.149450
vt -11.273040 -6.991082
vt -9.783343 -8.684273
vt -10.032400 -8.831418
vt -11.320715 -7.053214
vt -10.262133 -8.953299
vt -10.478033 -9.043809
vt -11.382847 -7.100889
vt -10.685773 -9.097115
vt -10.788305 -9.108140
vt -10.890791 -9.107948
vt -10.993802 -9.096023
vt -11.097845 -9.071909
vt -11.203375 -9.035215
vt -11.310785 -8.985608
vt -11.420415 -8.922812
vt -11.532556 -8.846601
vt -11.647452 -8.756796
vt -11.455201 -7.130859
vt -11.765306 -8.653256
vt -14.417151 4.386444
vt -13.182847 3.718726
vt -14.263722 4.879663
vt -13.110493 3.748696
vt -14.083660 5.382533
vt -13.032847 3.758919
vt -12.342335 6.007931
vt -12.955201 3.748696
vt -12.191597 5.945493
vt -12.882847 3.718726
vt -11.313900 4.232863
vt -12.820715 3.671051
vt -11.398915 3.964112
vt -12.773040 3.608919
vt -11.467113 3.702161
vt -12.743069 3.536564
vt -11.521354 3.453223
vt -12.732847 3.458919
vt -11.563782 3.222680
vt -12.743069 3.381273
vt -11.595725 3.014855
vt -12.773040 3.308919
vt -11.617191 2.832530
vt -12.820715 3.246787
vt -11.625716 2.676063
vt -11.616057 2.543028
vt -12.882847 3.199111
vt -12.955201 3.169141
vt -14.556765 3.863293
vt -13.292655 3.608919
vt -13.244979 3.671051
vt -14.679783 3.312619
vt -13.332847 3.458919
vt -13.322625 3.536564
vt -14.783786 2.737426
vt -13.292655 3.308919
vt -13.322625 3.381273
vt -14.866718 2.141881
vt -13.182847 3.199111
vt -13.244979 3.246787
vt -14.927112 1.529412
vt -13.510493 0.448696
vt -13.432847 0.458918
vt -13.110493 3.169141
vt -13.355201 0.448696
vt -13.032847 3.158919
vt -13.282847 0.418726
vt -11.581842 2.429080
vt -14.963734 0.904250
vt -13.644979 0.371051
vt -13.582847 0.418726
vt -14.975654 0.270722
vt -13.722625 0.236564
vt -13.692655 0.308918
vt -14.962207 -0.366906
vt -13.722625 0.081273
vt -13.732847 0.158918
vt -14.922961 -1.004579
vt -13.644979 -0.053214
vt -13.692655 0.008918
vt -14.857693 -1.638613
vt -13.510493 -0.130859
vt -13.582847 -0.100889
vt -13.432847 -0.141082
vt -14.766365 -2.265846
vt -11.750156 -1.802810
vt -11.749979 -1.947192
vt -11.744170 -2.101860
vt -2.640572 -4.483563
vt -3.796172 -6.414288
vt -2.585401 -4.637109
vt -3.319331 -6.321398
vt -2.492369 -4.771145
vt -2.859402 -6.240884
vt -2.367816 -4.876535
vt -2.418983 -6.172674
vt -2.220231 -4.946097
vt -2.000000 -6.116673
vt -2.059670 -4.975091
vt -1.897076 -4.961541
vt -1.714333 -6.084055
vt -1.743529 -4.906370
vt -1.440680 -6.057578
vt -1.093185 -5.241978
vt -1.073205 -5.290215
vt -1.041421 -5.331636
vt -1.179285 -6.037203
vt -1.000000 -5.363420
vt -0.951764 -5.383400
vt -0.930304 -6.022888
vt -0.900000 -5.390215
vt -0.848236 -5.383400
vt -0.693827 -6.014598
vt -0.800000 -5.363420
vt -0.469895 -6.012302
vt -0.758579 -5.331636
vt -0.726795 -5.290215
vt -0.258512 -6.015975
vt -0.706815 -5.241978
vt -0.059670 -6.025602
vt -0.700000 -5.190215
vt 0.640330 -5.190215
vt -0.706815 -5.138451
vt 0.647145 -5.138451
vt -0.726795 -5.090215
vt 0.667125 -5.090215
vt -0.050000 -3.522243
vt 0.698909 -5.048793
vt 0.109862 -3.498885
vt 0.740330 -5.017009
vt 0.258397 -3.435331
vt 0.788566 -4.997029
vt 1.345165 -4.350803
vt 0.840330 -4.990215
vt 1.363146 -4.499642
vt 0.892094 -4.997029
vt 0.940330 -5.017009
vt -0.059670 -6.029837
vt 0.138796 -6.018200
vt 0.647145 -5.241978
vt 0.667125 -5.290215
vt 0.350244 -6.012724
vt 0.698909 -5.331636
vt 0.574687 -6.013425
vt 0.740330 -5.363420
vt 0.788566 -5.383400
vt 0.812123 -6.020325
vt 0.840330 -5.390215
vt 0.892094 -5.383400
vt 1.062523 -6.033456
vt 0.940330 -5.363420
vt 0.981751 -5.331636
vt 1.325804 -6.052854
vt 1.013535 -5.290215
vt 1.601819 -6.078561
vt 1.033515 -5.241978
vt 1.745008 -4.933838
vt 1.612641 -4.863445
vt 1.890330 -6.110621
vt 1.890330 -4.970684
vt 1.500845 -4.763555
vt 1.033515 -5.138451
vt 1.040330 -5.190215
vt 1.013535 -5.090215
vt 1.416054 -4.639916
vt 0.981751 -5.048793
vt 1.363146 -4.201965
vt 0.385678 -3.335827
vt 1.416054 -4.061691
vt 0.483200 -3.207022
vt 1.500845 -3.938052
vt 0.544449 -3.057522
vt 1.612641 -3.838162
vt 0.565330 -2.897317
vt 1.745008 -3.767769
vt 0.981751 -1.887476
vt 1.890330 -3.730923
vt 1.013535 -1.846054
vt 1.033515 -1.797818
vt 1.040330 -1.746054
vt 1.033515 -1.694291
vt 0.840330 -0.643668
vt 1.013535 -1.646054
vt 0.981751 -1.604633
vt 0.940330 -1.572849
vt 0.892094 -1.552869
vt 0.840330 -1.546054
vt 0.788566 -1.552869
vt 0.740330 -1.572849
vt 0.698909 -1.604633
vt 0.667125 -1.646054
vt -0.900000 -0.643668
vt -0.726795 -1.646054
vt -0.758579 -1.604633
vt -0.800000 -1.572849
vt -0.848236 -1.552869
vt -0.900000 -1.546054
vt -0.951764 -1.552869
vt -1.000000 -1.572849
vt -1.041421 -1.604633
vt -2.114265 -0.829632
vt -1.073205 -1.646054
vt -2.217399 -1.050803
vt -1.093185 -1.694291
vt -2.357373 -1.250706
vt -1.100000 -1.746054
vt -1.093185 -1.797818
vt -2.529932 -1.423266
vt -1.073205 -1.846054
vt -2.000000 -3.726516
vt -1.041421 -1.887476
vt -1.839439 -3.755510
vt -0.625000 -2.897317
vt -1.691853 -3.825072
vt -0.605809 -3.051007
vt -1.567301 -3.930462
vt -0.549414 -3.195259
vt -1.474269 -4.064498
vt -0.459279 -3.321213
vt -1.419098 -4.218044
vt -0.340939 -3.421135
vt -0.848236 -4.997029
vt -0.201662 -3.488889
vt -0.800000 -5.017009
vt -0.758579 -5.048793
vt 1.890330 9.066616
vt 1.070165 4.014114
vt 1.063350 3.962351
vt 0.840330 2.056332
vt 1.043370 3.914114
vt 1.011586 3.872693
vt 0.926851 9.110225
vt 1.011586 8.290618
vt 1.043370 8.249197
vt 1.063350 8.200961
vt -0.059670 9.149197
vt -0.059670 9.146994
vt 0.770165 8.322402
vt 0.818401 8.342382
vt -1.041284 9.107898
vt -0.829835 8.322402
vt -0.788414 8.290618
vt -0.756630 8.249197
vt -2.000000 9.064193
vt -1.071256 8.290618
vt -1.029835 8.322402
vt -0.981599 8.342382
vt -2.859020 9.019927
vt -1.123020 8.097433
vt -1.129835 8.149197
vt -1.123020 8.200961
vt -3.697446 8.971516
vt -4.673748 5.318018
vt -1.123020 6.225086
vt -1.103040 6.273322
vt -4.720347 5.353774
vt -4.514239 8.918751
vt -4.774613 5.376252
vt -5.975713 7.892185
vt -4.832847 5.383918
vt -6.011470 7.845586
vt -4.891081 5.376252
vt -6.058069 7.809829
vt -4.945347 5.353774
vt -6.264624 5.469114
vt -4.991946 5.318018
vt -6.103602 5.307582
vt -5.027703 5.271418
vt -5.979336 5.133644
vt -5.050180 5.217153
vt -5.893464 4.948584
vt -5.057847 5.158918
vt -5.050180 5.100684
vt -5.846948 4.753755
vt -5.027703 5.046418
vt -4.991946 4.999819
vt -5.840023 4.550630
vt -4.945347 4.964063
vt -5.159057 3.636982
vt -4.891081 4.941585
vt -4.832847 4.933918
vt -4.937353 3.583198
vt -4.774613 4.941585
vt -4.729835 3.488427
vt -4.720347 4.964063
vt -4.673748 4.999819
vt -4.544002 3.356096
vt -4.637991 5.046418
vt -4.386571 3.190987
vt -3.245344 2.674197
vt -3.303578 2.666530
vt -4.263232 2.999068
vt -3.357844 2.644052
vt -4.178443 2.787276
vt -3.404443 2.608296
vt -3.440200 2.561697
vt -4.135269 2.563264
vt -3.462678 2.507431
vt -3.470344 2.449197
vt -4.135269 2.335129
vt -3.462678 2.390962
vt -3.440200 2.336697
vt -4.178443 2.111118
vt -3.404443 2.290098
vt -3.357844 2.254341
vt -4.263232 1.899325
vt -3.672942 1.027927
vt -4.386571 1.707406
vt -3.908663 0.964766
vt -4.544002 1.542297
vt -4.129835 0.861632
vt -4.729835 1.409966
vt -4.329738 0.721659
vt -4.937353 1.315196
vt -4.502297 0.549099
vt -5.159057 1.261411
vt -4.642271 0.349197
vt -5.386933 1.250556
vt -4.745405 0.128025
vt -5.612746 1.283023
vt -4.808566 -0.107696
vt -5.953236 7.946451
vt -5.308156 8.861382
vt -5.945569 8.004685
vt -5.953236 8.062919
vt -5.975713 8.117185
vt -6.011470 8.163784
vt -6.077819 8.799131
vt -6.058069 8.199541
vt -6.112335 8.222019
vt -6.170569 8.229685
vt -6.228803 8.222019
vt -6.283069 8.199541
vt -6.821803 8.731711
vt -6.329668 8.163784
vt -6.365425 8.117185
vt -6.387902 8.062919
vt -7.187893 7.691138
vt -6.395569 8.004685
vt -7.088569 7.561697
vt -6.387902 7.946451
vt -6.365425 7.892185
vt -7.026131 7.410959
vt -6.329668 7.845586
vt -6.283069 7.809829
vt -7.004835 7.249197
vt -6.228803 7.787352
vt -7.026131 7.087435
vt -6.170569 7.779685
vt -6.687271 5.749951
vt -6.460131 5.616991
vt -7.317335 7.790463
vt -7.538749 8.658849
vt -7.468073 7.852900
vt -7.629835 7.874197
vt -7.791597 7.852900
vt -8.227535 8.580319
vt -7.942335 7.790463
vt -8.071777 7.691138
vt -8.887448 8.495978
vt -8.171101 7.561697
vt -8.233539 7.410959
vt -9.288569 7.261697
vt -9.226131 7.110959
vt -9.518331 8.405794
vt -9.517335 7.490463
vt -9.387893 7.391138
vt -10.120583 8.309847
vt -9.829835 7.574197
vt -9.668073 7.552900
vt -10.694938 8.208285
vt -10.142335 7.490463
vt -9.991597 7.552900
vt -11.242264 8.101282
vt -10.371101 7.261697
vt -10.271777 7.391138
vt -11.763415 7.989011
vt -11.717335 7.090463
vt -11.587893 6.991138
vt -10.433539 7.110959
vt -11.488569 6.861697
vt -10.454835 6.949197
vt -11.426131 6.710959
vt -10.433539 6.787435
vt -11.404835 6.549197
vt -10.371101 6.636697
vt -11.426131 6.387435
vt -10.271777 6.507255
vt -10.302963 5.640112
vt -10.142335 6.407931
vt -10.043478 5.797414
vt -9.991597 6.345493
vt -9.761958 5.926092
vt -9.829835 6.324197
vt -9.668073 6.345493
vt -9.461822 6.025581
vt -9.517335 6.407931
vt -9.147095 6.095954
vt -9.387893 6.507255
vt -9.288569 6.636697
vt -8.822281 6.137822
vt -9.226131 6.787435
vt -8.171101 6.936697
vt -8.233539 7.087435
vt -12.259112 7.871617
vt -12.029835 7.174197
vt -11.868073 7.152900
vt -12.729835 7.749197
vt -12.342335 7.090463
vt -12.191597 7.152900
vt -12.919585 7.536396
vt -12.471777 6.991138
vt -13.112028 7.282061
vt -12.571101 6.861697
vt -12.633539 6.710959
vt -13.306885 6.985939
vt -12.654835 6.549197
vt -13.503399 6.647794
vt -12.633539 6.387435
vt -13.700084 6.267577
vt -12.571101 6.236697
vt -13.894557 5.845580
vt -12.471777 6.107255
vt -0.050000 -3.520314
vt -1.000000 -1.919259
vt -0.605809 -2.743628
vt -0.951764 -1.939240
vt -0.549414 -2.599376
vt -0.900000 -1.946054
vt -0.848236 -1.939240
vt -0.459279 -2.473422
vt -0.800000 -1.919259
vt -0.758579 -1.887476
vt -0.340939 -2.373499
vt -0.726795 -1.846054
vt -0.201662 -2.305745
vt -0.706815 -1.797818
vt -0.700000 -1.746054
vt -0.050000 -2.272392
vt -0.706815 -1.694291
vt 0.647145 -1.694291
vt -0.050000 -2.274321
vt 0.640330 -1.746054
vt 0.109862 -2.295750
vt 0.647145 -1.797818
vt 0.258397 -2.359304
vt 0.667125 -1.846054
vt 0.698909 -1.887476
vt 0.385678 -2.458808
vt 0.740330 -1.919259
vt 0.788566 -1.939240
vt 0.483200 -2.587613
vt 0.840330 -1.946054
vt 0.892094 -1.939240
vt 0.544449 -2.737113
vt 0.940330 -1.919259
vt -0.900000 2.056332
vt -2.114265 0.128025
vt -2.051104 -0.107696
vt -2.029835 -0.350803
vt -0.788414 3.872693
vt -0.829835 3.840909
vt -0.878071 3.820929
vt 0.970165 3.840909
vt 0.921929 3.820929
vt 0.870165 3.814114
vt 0.818401 3.820929
vt 0.770165 3.840909
vt 0.728744 3.872693
vt 0.696960 3.914114
vt -0.756630 3.914114
vt -0.736650 3.962351
vt 0.676980 3.962351
vt -0.729835 4.014114
vt 0.670165 4.014114
vt -0.736650 4.065878
vt 0.676980 4.065878
vt -0.756630 4.114114
vt 0.696960 4.114114
vt -0.788414 4.155536
vt 0.728744 4.155536
vt -0.788414 6.031900
vt 0.728744 6.031900
vt -0.756630 6.073322
vt 0.696960 6.073322
vt -0.736650 6.121558
vt 0.676980 6.121558
vt -0.729835 6.173322
vt 0.670165 6.173322
vt -0.736650 6.225086
vt 0.676980 6.225086
vt -0.756630 6.273322
vt 0.696960 6.273322
vt -0.788414 6.314743
vt 0.728744 6.314743
vt -0.788414 8.007775
vt 0.728744 8.007775
vt -0.756630 8.049197
vt 0.696960 8.049197
vt -0.736650 8.097433
vt 0.676980 8.097433
vt -0.729835 8.149197
vt 0.670165 8.149197
vt -0.736650 8.200961
vt 0.676980 8.200961
vt 0.696960 8.249197
vt 0.728744 8.290618
vt 0.770165 6.000117
vt 0.770165 4.187320
vt 0.818401 5.980137
vt 0.818401 4.207300
vt 0.870165 5.973322
vt 0.870165 4.214114
vt 0.921929 4.207300
vt 0.921929 5.980137
vt 0.970165 4.187320
vt 0.970165 6.000117
vt 1.011586 4.155536
vt 1.011586 6.031900
vt 1.043370 4.114114
vt 1.043370 6.073322
vt 1.063350 4.065878
vt 1.063350 6.121558
vt 1.070165 6.173322
vt 1.063350 6.225086
vt 1.043370 6.273322
vt 1.043370 8.049197
vt 1.011586 6.314743
vt 1.011586 8.007775
vt 0.970165 6.346527
vt 0.970165 7.975992
vt 0.921929 6.366507
vt 0.921929 7.956012
vt 0.870165 6.373322
vt 0.870165 7.949197
vt 0.818401 7.956012
vt 0.770165 6.346527
vt 0.770165 7.975992
vt 0.818401 6.366507
vt 1.070165 8.149197
vt 1.063350 8.097433
vt 0.870165 8.349197
vt 0.921929 8.342382
vt 0.970165 8.322402
vt -1.405547 -4.380638
vt -0.900000 -4.990215
vt -0.951764 -4.997029
vt -1.434541 -4.541199
vt -1.000000 -5.017009
vt -1.041421 -5.048793
vt -1.504104 -4.688785
vt -1.073205 -5.090215
vt -1.609494 -4.813338
vt -1.093185 -5.138451
vt -1.100000 -5.190215
vt -3.672942 -1.729534
vt -2.555566 -4.012822
vt -3.429835 -1.750803
vt -2.450176 -3.888269
vt -3.186728 -1.729534
vt -2.316141 -3.795237
vt -2.951007 -1.666373
vt -2.162594 -3.740066
vt -2.729835 -1.563239
vt -12.029835 5.924197
vt -11.208825 4.501740
vt -11.080608 4.764111
vt -11.868073 5.945493
vt -10.926802 5.013846
vt -11.717335 6.007931
vt -11.587893 6.107255
vt -10.745942 5.245694
vt -11.488569 6.236697
vt -10.537725 5.455488
vt -8.492242 6.152231
vt -8.071777 6.807255
vt -8.162063 6.140557
vt -7.942335 6.707931
vt -7.791597 6.645493
vt -7.836934 6.104411
vt -7.629835 6.624197
vt -7.522022 6.045541
vt -7.468073 6.645493
vt -7.222346 5.965728
vt -7.317335 6.707931
vt -7.187893 6.807255
vt -6.942644 5.866675
vt -7.088569 6.936697
vt -6.112335 7.787352
vt -5.872150 4.340851
vt -5.386933 3.647837
vt -5.941974 4.126263
vt -5.612746 3.615371
vt -6.047319 3.908939
vt -5.828333 3.540755
vt -6.185289 3.691143
vt -6.025903 3.426688
vt -6.352420 3.475268
vt -6.198316 3.277291
vt -6.544825 3.263772
vt -6.339339 3.097966
vt -6.443877 2.895192
vt -6.758341 3.059121
vt -6.508149 2.676298
vt -6.988666 2.863731
vt -6.529835 2.449197
vt -7.231515 2.679899
vt -6.508149 2.222095
vt -7.482760 2.509749
vt -7.400392 1.415588
vt -7.738567 2.355168
vt -7.583319 1.447843
vt -7.995539 2.217748
vt -7.768754 1.437043
vt -7.946699 1.383770
vt -8.250889 2.098717
vt -8.107562 1.290895
vt -8.502572 1.998876
vt -8.242671 1.163427
vt -8.749367 1.918558
vt -8.344741 1.008236
vt -8.990863 1.857624
vt -8.408271 0.833689
vt -9.227257 1.815518
vt -9.459091 1.791355
vt -8.429835 0.649197
vt -9.686999 1.783982
vt -9.557842 -0.779984
vt -9.866451 -0.800775
vt -9.911461 1.792033
vt -10.159107 -0.818724
vt -10.132600 1.814018
vt -10.432111 -0.833397
vt -10.349986 1.848405
vt -10.682373 -0.846011
vt -10.562321 1.893662
vt -10.907533 -0.859707
vt -10.767084 1.948288
vt -11.106050 -0.879729
vt -10.960464 2.010924
vt -11.277192 -0.913134
vt -11.137567 2.080558
vt -13.143069 0.236564
vt -11.292872 2.156663
vt -13.173040 0.308918
vt -11.420963 2.239259
vt -13.220715 0.371051
vt -11.517685 2.329239
vt -11.553754 2.377695
vt -8.254835 7.249197
vt -9.204835 6.949197
vt -3.429835 1.049197
vt -3.303578 2.231863
vt -3.245344 2.224197
vt -3.186728 1.027927
vt -3.187110 2.231863
vt -3.132844 2.254341
vt -2.951007 0.964766
vt -3.086245 2.290098
vt -2.729835 0.861632
vt -3.050488 2.336697
vt -3.028011 2.390962
vt -3.020344 2.449197
vt -3.028011 2.507431
vt -1.071256 3.872693
vt -3.050488 2.561697
vt -1.103040 3.914114
vt -3.086245 2.608296
vt -1.123020 3.962351
vt -3.132844 2.644052
vt -1.129835 4.014114
vt -3.187110 2.666530
vt -1.123020 4.065878
vt -4.615514 5.100684
vt -4.607847 5.158918
vt -1.103040 4.114114
vt -1.103040 6.073322
vt -1.071256 6.031900
vt -1.071256 4.155536
vt -1.029835 6.000117
vt -1.029835 4.187320
vt -0.981599 5.980137
vt -0.981599 4.207300
vt -0.929835 5.973322
vt -0.929835 4.214114
vt -0.878071 4.207300
vt -2.529932 0.721659
vt -2.357373 0.549099
vt -2.217399 0.349197
vt -2.051104 -0.593911
vt -11.663430 -1.249870
vt -13.220715 -0.053214
vt -11.692785 -1.337387
vt -13.282847 -0.100889
vt -11.716030 -1.436416
vt -11.733273 -1.547079
vt -13.355201 -0.130859
vt -11.744617 -1.669296
vt -11.627847 -1.173547
vt -13.173040 0.008918
vt -11.585916 -1.107914
vt -13.143069 0.081273
vt -11.537517 -1.052312
vt -11.482539 -1.005956
vt -13.132847 0.158918
vt -11.420879 -0.967957
vt -8.408271 0.464704
vt -9.237450 -0.758101
vt -8.344741 0.290157
vt -8.579601 -0.722749
vt -8.242671 0.134967
vt -8.107562 0.007498
vt -8.251707 -0.716568
vt -7.946699 -0.085376
vt -7.930906 -0.723268
vt -7.768754 -0.138650
vt -7.621837 -0.746575
vt -6.835244 0.556322
vt -5.828333 1.357638
vt -6.835244 0.742071
vt -6.025903 1.471705
vt -6.878081 0.922813
vt -6.198316 1.621102
vt -6.961445 1.088804
vt -6.339339 1.800428
vt -7.080842 1.231096
vt -6.443877 2.003202
vt -7.229835 1.342017
vt -1.103040 8.249197
vt -0.929835 8.349197
vt -0.878071 8.342382
vt -0.829835 6.346527
vt -0.829835 7.975992
vt -0.878071 6.366507
vt -0.878071 7.956012
vt -0.929835 6.373322
vt -0.929835 7.949197
vt -0.981599 7.956012
vt -0.981599 6.366507
vt -1.029835 7.975992
vt -1.029835 6.346527
vt -1.071256 8.007775
vt -1.071256 6.314743
vt -1.103040 8.049197
vt -4.637991 5.271418
vt -1.129835 6.173322
vt -4.615514 5.217153
vt -1.123020 6.121558
vt -0.829835 6.000117
vt -0.829835 4.187320
vt -0.878071 5.980137
vt -0.929835 3.814114
vt -0.981599 3.820929
vt -1.029835 3.840909
vt -0.000000 9.066616
vt -0.250000 9.066616
vt -0.000000 9.066149
vt -0.000000 -3.729755
vt -0.250000 -3.730923
vt -0.000000 -3.730923
vt -18.460045 -0.940405
vt -3.283513 1.556824
vt -3.310003 1.240355
vt -3.314274 1.178982
vt -3.330994 0.868702
vt -3.332582 0.826648
vt 0.000000 1.799871
vt 0.000000 0.654498
vt -0.000000 -0.327249
vt 0.000000 -0.490874
vt 0.000000 -0.654498
vt 0.000000 -1.636246
vt -0.000000 0.244346
vt -0.000000 -0.244346
vt 0.000000 -1.954769
vt 0.000000 -2.199115
vt -0.000000 -3.665191
vt 0.000000 -0.342719
vt -0.000000 1.263161
vt -0.000000 -1.263161
vt 1.740330 0.250000
vt 1.740330 0.500000
vt 1.730666 0.250000
vt -0.009664 0.250000
vt -0.009664 0.000000
vt 1.730666 0.000000
vt -12.150669 0.250000
vt 0.059670 0.250000
vt 0.069334 0.250000
vt 0.059670 0.500000
vt 1.800000 0.500000
vt 1.800000 0.250000
vt 0.069334 0.000000
vt 1.809664 0.000000
vt 1.809664 0.250000
vt -1.652719 0.250000
vt -1.313578 0.250000
vt -0.962392 0.250000
s 1
usemtl Paint_-_Metal_Flake_(Dark_Grey)
f 1/1/1 2/2/1 7/3/1
f 7/3/1 2/2/1 3/4/1
f 7/3/1 3/4/1 6/5/1
f 6/5/1 3/4/1 4/6/1
f 6/5/1 4/6/1 5/7/1
f 8/8/1 9/9/1 10/10/1
f 11/11/1 12/12/1 16/13/1
f 16/13/1 12/12/1 15/14/1
f 15/14/1 12/12/1 13/15/1
f 15/14/1 13/15/1 14/16/1
f 42/17/1 17/18/1 41/19/1
f 41/19/1 17/18/1 18/20/1
f 41/19/1 18/20/1 40/21/1
f 40/21/1 18/20/1 19/22/1
f 40/21/1 19/22/1 39/23/1
f 39/23/1 19/22/1 20/24/1
f 39/23/1 20/24/1 38/25/1
f 38/25/1 20/24/1 21/26/1
f 38/25/1 21/26/1 37/27/1
f 37/27/1 21/26/1 22/28/1
f 37/27/1 22/28/1 36/29/1
f 36/29/1 22/28/1 23/30/1
f 36/29/1 23/30/1 24/31/1
f 36/29/1 24/31/1 35/32/1
f 35/32/1 24/31/1 25/33/1
f 35/32/1 25/33/1 34/34/1
f 34/34/1 25/33/1 26/35/1
f 34/34/1 26/35/1 33/36/1
f 33/36/1 26/35/1 27/37/1
f 33/36/1 27/37/1 32/38/1
f 32/38/1 27/37/1 28/39/1
f 32/38/1 28/39/1 31/40/1
f 31/40/1 28/39/1 29/41/1
f 31/40/1 29/41/1 30/42/1
f 44/43/1 45/44/1 43/45/1
f 43/45/1 45/44/1 46/46/1
f 43/45/1 46/46/1 48/47/1
f 48/47/1 46/46/1 47/48/1
f 49/49/1 50/50/1 53/51/1
f 53/51/1 50/50/1 51/52/1
f 53/51/1 51/52/1 52/53/1
f 55/54/1 61/55/1 54/56/1
f 54/56/1 61/55/1 62/57/1
f 54/56/1 62/57/1 63/58/1
f 61/55/1 55/54/1 60/59/1
f 60/59/1 55/54/1 56/60/1
f 60/59/1 56/60/1 59/61/1
f 59/61/1 56/60/1 57/62/1
f 59/61/1 57/62/1 58/63/1
f 63/58/1 64/64/1 54/56/1
f 54/56/1 64/64/1 65/65/1
f 54/56/1 65/65/1 66/66/1
f 66/66/1 67/67/1 54/56/1
f 68/68/1 69/69/1 70/70/1
f 77/71/1 71/72/1 76/73/1
f 76/73/1 71/72/1 72/74/1
f 76/73/1 72/74/1 75/75/1
f 75/75/1 72/74/1 73/76/1
f 75/75/1 73/76/1 74/77/1
f 103/78/1 78/79/1 102/80/1
f 102/80/1 78/79/1 79/81/1
f 102/80/1 79/81/1 101/82/1
f 101/82/1 79/81/1 80/83/1
f 101/82/1 80/83/1 100/84/1
f 100/84/1 80/83/1 81/85/1
f 100/84/1 81/85/1 99/86/1
f 99/86/1 81/85/1 82/87/1
f 99/86/1 82/87/1 98/88/1
f 98/88/1 82/87/1 83/89/1
f 98/88/1 83/89/1 97/90/1
f 97/90/1 83/89/1 84/91/1
f 97/90/1 84/91/1 85/92/1
f 97/90/1 85/92/1 96/93/1
f 96/93/1 85/92/1 86/94/1
f 96/93/1 86/94/1 95/95/1
f 95/95/1 86/94/1 87/96/1
f 95/95/1 87/96/1 94/97/1
f 94/97/1 87/96/1 88/98/1
f 94/97/1 88/98/1 93/99/1
f 93/99/1 88/98/1 89/100/1
f 93/99/1 89/100/1 92/101/1
f 92/101/1 89/100/1 90/102/1
f 92/101/1 90/102/1 91/103/1
f 105/104/1 106/105/1 104/106/1
f 104/106/1 106/105/1 107/107/1
f 108/108/1 109/109/1 132/110/1
f 132/110/1 109/109/1 110/111/1
f 132/110/1 110/111/1 131/112/1
f 131/112/1 110/111/1 111/113/1
f 131/112/1 111/113/1 130/114/1
f 130/114/1 111/113/1 112/115/1
f 130/114/1 112/115/1 129/116/1
f 129/116/1 112/115/1 113/117/1
f 129/116/1 113/117/1 128/118/1
f 128/118/1 113/117/1 114/119/1
f 128/118/1 114/119/1 127/120/1
f 127/120/1 114/119/1 115/121/1
f 127/120/1 115/121/1 126/122/1
f 126/122/1 115/121/1 116/123/1
f 126/122/1 116/123/1 125/124/1
f 125/124/1 116/123/1 117/125/1
f 125/124/1 117/125/1 124/126/1
f 124/126/1 117/125/1 118/127/1
f 124/126/1 118/127/1 123/128/1
f 123/128/1 118/127/1 119/129/1
f 123/128/1 119/129/1 122/130/1
f 122/130/1 119/129/1 120/131/1
f 122/130/1 120/131/1 121/132/1
f 133/133/1 134/134/1 157/135/1
f 157/135/1 134/134/1 135/136/1
f 157/135/1 135/136/1 156/137/1
f 156/137/1 135/136/1 136/138/1
f 156/137/1 136/138/1 155/139/1
f 155/139/1 136/138/1 137/140/1
f 155/139/1 137/140/1 154/141/1
f 154/141/1 137/140/1 138/142/1
f 154/141/1 138/142/1 153/143/1
f 153/143/1 138/142/1 139/144/1
f 153/143/1 139/144/1 152/145/1
f 152/145/1 139/144/1 140/146/1
f 152/145/1 140/146/1 151/147/1
f 151/147/1 140/146/1 141/148/1
f 151/147/1 141/148/1 150/149/1
f 150/149/1 141/148/1 142/150/1
f 150/149/1 142/150/1 149/151/1
f 149/151/1 142/150/1 143/152/1
f 149/151/1 143/152/1 148/153/1
f 148/153/1 143/152/1 144/154/1
f 148/153/1 144/154/1 147/155/1
f 147/155/1 144/154/1 145/156/1
f 147/155/1 145/156/1 146/157/1
f 158/158/1 159/159/1 182/160/1
f 182/160/1 159/159/1 160/161/1
f 182/160/1 160/161/1 181/162/1
f 181/162/1 160/161/1 161/163/1
f 181/162/1 161/163/1 180/164/1
f 180/164/1 161/163/1 162/165/1
f 180/164/1 162/165/1 179/166/1
f 179/166/1 162/165/1 163/167/1
f 179/166/1 163/167/1 178/168/1
f 178/168/1 163/167/1 164/169/1
f 178/168/1 164/169/1 177/170/1
f 177/170/1 164/169/1 165/171/1
f 177/170/1 165/171/1 176/172/1
f 176/172/1 165/171/1 166/173/1
f 176/172/1 166/173/1 175/174/1
f 175/174/1 166/173/1 167/175/1
f 175/174/1 167/175/1 174/176/1
f 174/176/1 167/175/1 168/177/1
f 174/176/1 168/177/1 173/178/1
f 173/178/1 168/177/1 169/179/1
f 173/178/1 169/179/1 172/180/1
f 172/180/1 169/179/1 170/181/1
f 172/180/1 170/181/1 171/182/1
f 183/183/1 184/184/1 207/185/1
f 207/185/1 184/184/1 185/186/1
f 207/185/1 185/186/1 206/187/1
f 206/187/1 185/186/1 186/188/1
f 206/187/1 186/188/1 205/189/1
f 205/189/1 186/188/1 187/190/1
f 205/189/1 187/190/1 204/191/1
f 204/191/1 187/190/1 188/192/1
f 204/191/1 188/192/1 203/193/1
f 203/193/1 188/192/1 189/194/1
f 203/193/1 189/194/1 202/195/1
f 202/195/1 189/194/1 190/196/1
f 202/195/1 190/196/1 201/197/1
f 201/197/1 190/196/1 191/198/1
f 201/197/1 191/198/1 200/199/1
f 200/199/1 191/198/1 192/200/1
f 200/199/1 192/200/1 199/201/1
f 199/201/1 192/200/1 193/202/1
f 199/201/1 193/202/1 198/203/1
f 198/203/1 193/202/1 194/204/1
f 198/203/1 194/204/1 197/205/1
f 197/205/1 194/204/1 195/206/1
f 197/205/1 195/206/1 196/207/1
f 208/208/1 209/209/1 232/210/1
f 232/210/1 209/209/1 210/211/1
f 232/210/1 210/211/1 231/212/1
f 231/212/1 210/211/1 211/213/1
f 231/212/1 211/213/1 230/214/1
f 230/214/1 211/213/1 212/215/1
f 230/214/1 212/215/1 229/216/1
f 229/216/1 212/215/1 213/217/1
f 229/216/1 213/217/1 228/218/1
f 228/218/1 213/217/1 214/219/1
f 228/218/1 214/219/1 227/220/1
f 227/220/1 214/219/1 215/221/1
f 227/220/1 215/221/1 226/222/1
f 226/222/1 215/221/1 216/223/1
f 226/222/1 216/223/1 225/224/1
f 225/224/1 216/223/1 217/225/1
f 225/224/1 217/225/1 224/226/1
f 224/226/1 217/225/1 218/227/1
f 224/226/1 218/227/1 223/228/1
f 223/228/1 218/227/1 219/229/1
f 223/228/1 219/229/1 222/230/1
f 222/230/1 219/229/1 220/231/1
f 222/230/1 220/231/1 221/232/1
f 233/233/1 234/234/1 257/235/1
f 257/235/1 234/234/1 235/236/1
f 257/235/1 235/236/1 256/237/1
f 256/237/1 235/236/1 236/238/1
f 256/237/1 236/238/1 255/239/1
f 255/239/1 236/238/1 237/240/1
f 255/239/1 237/240/1 254/241/1
f 254/241/1 237/240/1 238/242/1
f 254/241/1 238/242/1 253/243/1
f 253/243/1 238/242/1 239/244/1
f 253/243/1 239/244/1 252/245/1
f 252/245/1 239/244/1 240/246/1
f 252/245/1 240/246/1 251/247/1
f 251/247/1 240/246/1 241/248/1
f 251/247/1 241/248/1 250/249/1
f 250/249/1 241/248/1 242/250/1
f 250/249/1 242/250/1 249/251/1
f 249/251/1 242/250/1 243/252/1
f 249/251/1 243/252/1 248/253/1
f 248/253/1 243/252/1 244/254/1
f 248/253/1 244/254/1 247/255/1
f 247/255/1 244/254/1 245/256/1
f 247/255/1 245/256/1 246/257/1
f 258/258/1 259/259/1 282/260/1
f 282/260/1 259/259/1 260/261/1
f 282/260/1 260/261/1 281/262/1
f 281/262/1 260/261/1 261/263/1
f 281/262/1 261/263/1 280/264/1
f 280/264/1 261/263/1 262/265/1
f 280/264/1 262/265/1 279/266/1
f 279/266/1 262/265/1 263/267/1
f 279/266/1 263/267/1 278/268/1
f 278/268/1 263/267/1 264/269/1
f 278/268/1 264/269/1 277/270/1
f 277/270/1 264/269/1 265/271/1
f 277/270/1 265/271/1 276/272/1
f 276/272/1 265/271/1 266/273/1
f 276/272/1 266/273/1 275/274/1
f 275/274/1 266/273/1 267/275/1
f 275/274/1 267/275/1 274/276/1
f 274/276/1 267/275/1 268/277/1
f 274/276/1 268/277/1 273/278/1
f 273/278/1 268/277/1 269/279/1
f 273/278/1 269/279/1 272/280/1
f 272/280/1 269/279/1 270/281/1
f 272/280/1 270/281/1 271/282/1
f 283/283/1 284/284/1 307/285/1
f 307/285/1 284/284/1 285/286/1
f 307/285/1 285/286/1 306/287/1
f 306/287/1 285/286/1 286/288/1
f 306/287/1 286/288/1 305/289/1
f 305/289/1 286/288/1 287/290/1
f 305/289/1 287/290/1 304/291/1
f 304/291/1 287/290/1 288/292/1
f 304/291/1 288/292/1 303/293/1
f 303/293/1 288/292/1 289/294/1
f 303/293/1 289/294/1 302/295/1
f 302/295/1 289/294/1 290/296/1
f 302/295/1 290/296/1 301/297/1
f 301/297/1 290/296/1 291/298/1
f 301/297/1 291/298/1 300/299/1
f 300/299/1 291/298/1 292/300/1
f 300/299/1 292/300/1 299/301/1
f 299/301/1 292/300/1 293/302/1
f 299/301/1 293/302/1 298/303/1
f 298/303/1 293/302/1 294/304/1
f 298/303/1 294/304/1 297/305/1
f 297/305/1 294/304/1 295/306/1
f 297/305/1 295/306/1 296/307/1
f 308/308/1 309/309/1 332/310/1
f 332/310/1 309/309/1 310/311/1
f 332/310/1 310/311/1 331/312/1
f 331/312/1 310/311/1 311/313/1
f 331/312/1 311/313/1 330/314/1
f 330/314/1 311/313/1 312/315/1
f 330/314/1 312/315/1 329/316/1
f 329/316/1 312/315/1 313/317/1
f 329/316/1 313/317/1 328/318/1
f 328/318/1 313/317/1 314/319/1
f 328/318/1 314/319/1 327/320/1
f 327/320/1 314/319/1 315/321/1
f 327/320/1 315/321/1 326/322/1
f 326/322/1 315/321/1 316/323/1
f 326/322/1 316/323/1 325/324/1
f 325/324/1 316/323/1 317/325/1
f 325/324/1 317/325/1 324/326/1
f 324/326/1 317/325/1 318/327/1
f 324/326/1 318/327/1 323/328/1
f 323/328/1 318/327/1 319/329/1
f 323/328/1 319/329/1 322/330/1
f 322/330/1 319/329/1 320/331/1
f 322/330/1 320/331/1 321/332/1
f 333/333/1 334/334/1 357/335/1
f 357/335/1 334/334/1 335/336/1
f 357/335/1 335/336/1 356/337/1
f 356/337/1 335/336/1 336/338/1
f 356/337/1 336/338/1 355/339/1
f 355/339/1 336/338/1 337/340/1
f 355/339/1 337/340/1 354/341/1
f 354/341/1 337/340/1 338/342/1
f 354/341/1 338/342/1 353/343/1
f 353/343/1 338/342/1 339/344/1
f 353/343/1 339/344/1 352/345/1
f 352/345/1 339/344/1 340/346/1
f 352/345/1 340/346/1 351/347/1
f 351/347/1 340/346/1 341/348/1
f 351/347/1 341/348/1 350/349/1
f 350/349/1 341/348/1 342/350/1
f 350/349/1 342/350/1 349/351/1
f 349/351/1 342/350/1 343/352/1
f 349/351/1 343/352/1 348/353/1
f 348/353/1 343/352/1 344/354/1
f 348/353/1 344/354/1 347/355/1
f 347/355/1 344/354/1 345/356/1
f 347/355/1 345/356/1 346/357/1
f 359/358/2 419/359/2 358/360/3
f 358/360/3 419/359/2 389/361/3
f 358/362/3 389/363/3 388/364/4
f 388/364/4 389/363/3 390/365/4
f 388/364/4 390/365/4 387/366/5
f 387/366/5 390/365/4 391/367/5
f 387/366/5 391/367/5 386/368/6
f 386/368/6 391/367/5 392/369/6
f 386/368/6 392/369/6 385/370/7
f 385/370/7 392/369/6 393/371/7
f 385/370/7 393/371/7 384/372/8
f 384/372/8 393/371/7 394/373/8
f 384/372/8 394/373/8 383/374/9
f 383/374/9 394/373/8 395/375/9
f 383/374/9 395/375/9 382/376/10
f 382/376/10 395/375/9 396/377/10
f 382/376/10 396/377/10 381/378/11
f 381/378/11 396/377/10 397/379/11
f 381/378/11 397/379/11 380/380/12
f 380/380/12 397/379/11 398/381/13
f 380/380/12 398/381/13 379/382/14
f 379/382/14 398/381/13 399/383/14
f 379/382/14 399/383/14 378/384/15
f 378/384/15 399/383/14 400/385/15
f 378/384/15 400/385/15 377/386/16
f 377/386/16 400/385/15 401/387/16
f 377/386/16 401/387/16 376/388/17
f 376/388/17 401/387/16 402/389/17
f 376/388/17 402/389/17 375/390/18
f 375/390/18 402/389/17 403/391/18
f 375/390/18 403/391/18 374/392/19
f 374/392/19 403/391/18 404/393/19
f 374/392/19 404/393/19 373/394/20
f 373/394/20 404/393/19 405/395/20
f 373/394/20 405/395/20 372/396/21
f 372/396/21 405/395/20 406/397/21
f 372/396/21 406/397/21 371/398/22
f 371/398/22 406/397/21 407/399/22
f 371/398/22 407/399/22 370/400/23
f 370/400/23 407/399/22 408/401/23
f 370/400/23 408/401/23 369/402/24
f 369/402/24 408/401/23 409/403/24
f 369/402/24 409/403/24 368/404/25
f 368/404/25 409/403/24 410/405/25
f 368/404/25 410/405/25 367/406/26
f 367/406/26 410/405/25 411/407/26
f 367/406/26 411/407/26 366/408/27
f 366/408/27 411/407/26 412/409/27
f 366/408/27 412/409/27 365/410/28
f 365/410/28 412/409/27 413/411/28
f 365/410/28 413/411/28 364/412/29
f 364/412/29 413/411/28 414/413/29
f 364/412/29 414/413/29 363/414/30
f 363/414/30 414/413/29 415/415/30
f 363/414/30 415/415/30 362/416/31
f 362/416/31 415/415/30 416/417/31
f 362/416/31 416/417/31 361/418/32
f 361/418/32 416/417/31 417/419/32
f 361/418/32 417/419/32 360/420/33
f 360/420/33 417/419/32 418/421/33
f 360/420/33 418/421/33 359/358/2
f 359/358/2 418/421/33 419/359/2
f 421/422/34 485/423/34 420/424/35
f 420/424/35 485/423/34 453/425/35
f 420/426/35 453/427/35 452/428/36
f 452/428/36 453/427/35 454/429/36
f 452/428/36 454/429/36 451/430/37
f 451/430/37 454/429/36 455/431/37
f 451/430/37 455/431/37 450/432/38
f 450/432/38 455/431/37 456/433/38
f 450/432/38 456/433/38 449/434/39
f 449/434/39 456/433/38 457/435/39
f 449/434/39 457/435/39 448/436/40
f 448/436/40 457/435/39 458/437/40
f 448/436/40 458/437/40 447/438/41
f 447/438/41 458/437/40 459/439/41
f 447/438/41 459/439/41 446/440/42
f 446/440/42 459/439/41 460/441/42
f 446/440/42 460/441/42 445/442/43
f 445/442/43 460/441/42 461/443/43
f 445/442/43 461/443/43 444/444/44
f 444/444/44 461/443/43 462/445/44
f 444/444/44 462/445/44 443/446/45
f 443/446/45 462/445/44 463/447/45
f 443/446/45 463/447/45 442/448/46
f 442/448/46 463/447/45 464/449/46
f 442/448/46 464/449/46 441/450/47
f 441/450/47 464/449/46 465/451/48
f 441/450/47 465/451/48 440/452/49
f 440/452/49 465/451/48 466/453/49
f 440/452/49 466/453/49 439/454/50
f 439/454/50 466/453/49 467/455/50
f 439/454/50 467/455/50 438/456/51
f 438/456/51 467/455/50 468/457/51
f 438/456/51 468/457/51 437/458/52
f 437/458/52 468/457/51 469/459/52
f 437/458/52 469/459/52 436/460/53
f 436/460/53 469/459/52 470/461/53
f 436/460/53 470/461/53 435/462/54
f 435/462/54 470/461/53 471/463/54
f 435/462/54 471/463/54 434/464/55
f 434/464/55 471/463/54 472/465/55
f 434/464/55 472/465/55 433/466/56
f 433/466/56 472/465/55 473/467/56
f 433/466/56 473/467/56 432/468/57
f 432/468/57 473/467/56 474/469/58
f 432/468/57 474/469/58 431/470/59
f 431/470/59 474/469/58 475/471/59
f 431/470/59 475/471/59 430/472/60
f 430/472/60 475/471/59 476/473/60
f 430/472/60 476/473/60 429/474/61
f 429/474/61 476/473/60 477/475/61
f 429/474/61 477/475/61 428/476/62
f 428/476/62 477/475/61 478/477/62
f 428/476/62 478/477/62 427/478/63
f 427/478/63 478/477/62 479/479/63
f 427/478/63 479/479/63 426/480/64
f 426/480/64 479/479/63 480/481/64
f 426/480/64 480/481/64 425/482/65
f 425/482/65 480/481/64 481/483/65
f 425/482/65 481/483/65 424/484/66
f 424/484/66 481/483/65 482/485/66
f 424/484/66 482/485/66 423/486/67
f 423/486/67 482/485/66 483/487/67
f 423/486/67 483/487/67 422/488/68
f 422/488/68 483/487/67 484/489/68
f 422/488/68 484/489/68 421/422/34
f 421/422/34 484/489/68 485/423/34
f 388/490/1 421/491/1 358/492/1
f 358/492/1 421/491/1 420/493/1
f 358/492/1 420/493/1 452/494/1
f 421/491/1 388/490/1 422/495/1
f 422/495/1 388/490/1 387/496/1
f 422/495/1 387/496/1 423/497/1
f 423/497/1 387/496/1 386/498/1
f 423/497/1 386/498/1 424/499/1
f 424/499/1 386/498/1 385/500/1
f 424/499/1 385/500/1 425/501/1
f 425/501/1 385/500/1 384/502/1
f 425/501/1 384/502/1 426/503/1
f 426/503/1 384/502/1 383/504/1
f 426/503/1 383/504/1 427/505/1
f 427/505/1 383/504/1 382/506/1
f 427/505/1 382/506/1 428/507/1
f 428/507/1 382/506/1 381/508/1
f 428/507/1 381/508/1 429/509/1
f 429/509/1 381/508/1 380/510/1
f 429/509/1 380/510/1 430/511/1
f 430/511/1 380/510/1 379/512/1
f 430/511/1 379/512/1 431/513/1
f 431/513/1 379/512/1 378/514/1
f 431/513/1 378/514/1 432/515/1
f 432/515/1 378/514/1 377/516/1
f 432/515/1 377/516/1 433/517/1
f 433/517/1 377/516/1 376/518/1
f 433/517/1 376/518/1 434/519/1
f 434/519/1 376/518/1 375/520/1
f 434/519/1 375/520/1 435/521/1
f 435/521/1 375/520/1 374/522/1
f 435/521/1 374/522/1 436/523/1
f 436/523/1 374/522/1 437/524/1
f 437/524/1 374/522/1 373/525/1
f 437/524/1 373/525/1 438/526/1
f 438/526/1 373/525/1 372/527/1
f 438/526/1 372/527/1 439/528/1
f 439/528/1 372/527/1 371/529/1
f 439/528/1 371/529/1 440/530/1
f 440/530/1 371/529/1 370/531/1
f 440/530/1 370/531/1 441/532/1
f 441/532/1 370/531/1 369/533/1
f 441/532/1 369/533/1 442/534/1
f 442/534/1 369/533/1 368/535/1
f 442/534/1 368/535/1 443/536/1
f 443/536/1 368/535/1 367/537/1
f 443/536/1 367/537/1 444/538/1
f 444/538/1 367/537/1 366/539/1
f 444/538/1 366/539/1 445/540/1
f 445/540/1 366/539/1 365/541/1
f 445/540/1 365/541/1 446/542/1
f 446/542/1 365/541/1 364/543/1
f 446/542/1 364/543/1 447/544/1
f 447/544/1 364/543/1 363/545/1
f 447/544/1 363/545/1 448/546/1
f 448/546/1 363/545/1 362/547/1
f 448/546/1 362/547/1 449/548/1
f 449/548/1 362/547/1 361/549/1
f 449/548/1 361/549/1 450/550/1
f 450/550/1 361/549/1 360/551/1
f 450/550/1 360/551/1 451/552/1
f 451/552/1 360/551/1 359/553/1
f 451/552/1 359/553/1 452/494/1
f 452/494/1 359/553/1 358/492/1
f 390/554/1 389/555/1 486/556/1
f 486/556/1 389/555/1 419/557/1
f 486/556/1 419/557/1 512/558/1
f 512/558/1 419/557/1 418/559/1
f 512/558/1 418/559/1 511/560/1
f 511/560/1 418/559/1 417/561/1
f 511/560/1 417/561/1 510/562/1
f 510/562/1 417/561/1 416/563/1
f 510/562/1 416/563/1 509/564/1
f 509/564/1 416/563/1 415/565/1
f 509/564/1 415/565/1 508/566/1
f 508/566/1 415/565/1 414/567/1
f 508/566/1 414/567/1 507/568/1
f 507/568/1 414/567/1 413/569/1
f 507/568/1 413/569/1 506/570/1
f 506/570/1 413/569/1 412/571/1
f 506/570/1 412/571/1 411/572/1
f 506/570/1 411/572/1 505/573/1
f 505/573/1 411/572/1 410/574/1
f 505/573/1 410/574/1 504/575/1
f 504/575/1 410/574/1 409/576/1
f 504/575/1 409/576/1 503/577/1
f 503/577/1 409/576/1 408/578/1
f 503/577/1 408/578/1 502/579/1
f 502/579/1 408/578/1 407/580/1
f 502/579/1 407/580/1 501/581/1
f 501/581/1 407/580/1 406/582/1
f 501/581/1 406/582/1 500/583/1
f 500/583/1 406/582/1 405/584/1
f 500/583/1 405/584/1 404/585/1
f 500/583/1 404/585/1 499/586/1
f 499/586/1 404/585/1 403/587/1
f 499/586/1 403/587/1 498/588/1
f 498/588/1 403/587/1 402/589/1
f 498/588/1 402/589/1 497/590/1
f 497/590/1 402/589/1 401/591/1
f 497/590/1 401/591/1 496/592/1
f 496/592/1 401/591/1 400/593/1
f 496/592/1 400/593/1 495/594/1
f 495/594/1 400/593/1 399/595/1
f 495/594/1 399/595/1 494/596/1
f 494/596/1 399/595/1 398/597/1
f 494/596/1 398/597/1 493/598/1
f 493/598/1 398/597/1 397/599/1
f 493/598/1 397/599/1 396/600/1
f 493/598/1 396/600/1 492/601/1
f 492/601/1 396/600/1 395/602/1
f 492/601/1 395/602/1 491/603/1
f 491/603/1 395/602/1 394/604/1
f 491/603/1 394/604/1 490/605/1
f 490/605/1 394/604/1 393/606/1
f 490/605/1 393/606/1 489/607/1
f 489/607/1 393/606/1 392/608/1
f 489/607/1 392/608/1 488/609/1
f 488/609/1 392/608/1 391/610/1
f 488/609/1 391/610/1 487/611/1
f 487/611/1 391/610/1 390/554/1
f 487/611/1 390/554/1 486/556/1
f 514/612/69 560/613/69 513/614/35
f 513/614/35 560/613/69 537/615/35
f 513/616/35 537/617/35 536/618/70
f 536/618/70 537/617/35 538/619/70
f 536/618/70 538/619/70 535/620/71
f 535/620/71 538/619/70 539/621/71
f 535/620/71 539/621/71 534/622/72
f 534/622/72 539/621/71 540/623/72
f 534/622/72 540/623/72 533/624/73
f 533/624/73 540/623/72 541/625/73
f 533/624/73 541/625/73 532/626/74
f 532/626/74 541/625/73 542/627/74
f 532/626/74 542/627/74 531/628/75
f 531/628/75 542/627/74 543/629/75
f 531/628/75 543/629/75 530/630/76
f 530/630/76 543/629/75 544/631/76
f 530/630/76 544/631/76 529/632/59
f 529/632/59 544/631/76 545/633/59
f 529/632/59 545/633/59 528/634/77
f 528/634/77 545/633/59 546/635/77
f 528/634/77 546/635/77 527/636/78
f 527/636/78 546/635/77 547/637/78
f 527/636/78 547/637/78 526/638/79
f 526/638/79 547/637/78 548/639/79
f 526/638/79 548/639/79 525/640/3
f 525/640/3 548/639/79 549/641/3
f 525/640/3 549/641/3 524/642/80
f 524/642/80 549/641/3 550/643/80
f 524/642/80 550/643/80 523/644/81
f 523/644/81 550/643/80 551/645/81
f 523/644/81 551/645/81 522/646/82
f 522/646/82 551/645/81 552/647/82
f 522/646/82 552/647/82 521/648/46
f 521/648/46 552/647/82 553/649/46
f 521/648/46 553/649/46 520/650/83
f 520/650/83 553/649/46 554/651/83
f 520/650/83 554/651/83 519/652/84
f 519/652/84 554/651/83 555/653/84
f 519/652/84 555/653/84 518/654/85
f 518/654/85 555/653/84 556/655/85
f 518/654/85 556/655/85 517/656/86
f 517/656/86 556/655/85 557/657/86
f 517/656/86 557/657/86 516/658/87
f 516/658/87 557/657/86 558/659/87
f 516/658/87 558/659/87 515/660/88
f 515/660/88 558/659/87 559/661/88
f 515/660/88 559/661/88 514/612/69
f 514/612/69 559/661/88 560/613/69
f 562/612/69 608/613/69 561/614/35
f 561/614/35 608/613/69 585/615/35
f 561/616/35 585/617/35 584/618/70
f 584/618/70 585/617/35 586/619/70
f 584/618/70 586/619/70 583/620/71
f 583/620/71 586/619/70 587/621/71
f 583/620/71 587/621/71 582/622/72
f 582/622/72 587/621/71 588/623/72
f 582/622/72 588/623/72 581/624/73
f 581/624/73 588/623/72 589/625/73
f 581/624/73 589/625/73 580/626/74
f 580/626/74 589/625/73 590/627/74
f 580/626/74 590/627/74 579/628/75
f 579/628/75 590/627/74 591/629/75
f 579/628/75 591/629/75 578/630/76
f 578/630/76 591/629/75 592/631/76
f 578/630/76 592/631/76 577/632/59
f 577/632/59 592/631/76 593/633/59
f 577/632/59 593/633/59 576/634/77
f 576/634/77 593/633/59 594/635/77
f 576/634/77 594/635/77 575/636/78
f 575/636/78 594/635/77 595/637/78
f 575/636/78 595/637/78 574/638/79
f 574/638/79 595/637/78 596/639/79
f 574/638/79 596/639/79 573/640/3
f 573/640/3 596/639/79 597/641/3
f 573/640/3 597/641/3 572/642/80
f 572/642/80 597/641/3 598/643/80
f 572/642/80 598/643/80 571/644/81
f 571/644/81 598/643/80 599/645/81
f 571/644/81 599/645/81 570/646/82
f 570/646/82 599/645/81 600/647/82
f 570/646/82 600/647/82 569/648/46
f 569/648/46 600/647/82 601/649/46
f 569/648/46 601/649/46 568/650/83
f 568/650/83 601/649/46 602/651/83
f 568/650/83 602/651/83 567/652/84
f 567/652/84 602/651/83 603/653/84
f 567/652/84 603/653/84 566/654/85
f 566/654/85 603/653/84 604/655/85
f 566/654/85 604/655/85 565/656/86
f 565/656/86 604/655/85 605/657/86
f 565/656/86 605/657/86 564/658/87
f 564/658/87 605/657/86 606/659/87
f 564/658/87 606/659/87 563/660/88
f 563/660/88 606/659/87 607/661/88
f 563/660/88 607/661/88 562/612/69
f 562/612/69 607/661/88 608/613/69
f 610/612/69 656/613/69 609/614/35
f 609/614/35 656/613/69 633/615/35
f 609/616/35 633/617/35 632/618/70
f 632/618/70 633/617/35 634/619/70
f 632/618/70 634/619/70 631/620/71
f 631/620/71 634/619/70 635/621/71
f 631/620/71 635/621/71 630/622/72
f 630/622/72 635/621/71 636/623/72
f 630/622/72 636/623/72 629/624/73
f 629/624/73 636/623/72 637/625/73
f 629/624/73 637/625/73 628/626/74
f 628/626/74 637/625/73 638/627/74
f 628/626/74 638/627/74 627/628/75
f 627/628/75 638/627/74 639/629/75
f 627/628/75 639/629/75 626/630/76
f 626/630/76 639/629/75 640/631/76
f 626/630/76 640/631/76 625/632/59
f 625/632/59 640/631/76 641/633/59
f 625/632/59 641/633/59 624/634/77
f 624/634/77 641/633/59 642/635/77
f 624/634/77 642/635/77 623/636/78
f 623/636/78 642/635/77 643/637/78
f 623/636/78 643/637/78 622/638/79
f 622/638/79 643/637/78 644/639/79
f 622/638/79 644/639/79 621/640/3
f 621/640/3 644/639/79 645/641/3
f 621/640/3 645/641/3 620/642/80
f 620/642/80 645/641/3 646/643/80
f 620/642/80 646/643/80 619/644/81
f 619/644/81 646/643/80 647/645/81
f 619/644/81 647/645/81 618/646/82
f 618/646/82 647/645/81 648/647/82
f 618/646/82 648/647/82 617/648/46
f 617/648/46 648/647/82 649/649/46
f 617/648/46 649/649/46 616/650/83
f 616/650/83 649/649/46 650/651/83
f 616/650/83 650/651/83 615/652/84
f 615/652/84 650/651/83 651/653/84
f 615/652/84 651/653/84 614/654/85
f 614/654/85 651/653/84 652/655/85
f 614/654/85 652/655/85 613/656/86
f 613/656/86 652/655/85 653/657/86
f 613/656/86 653/657/86 612/658/87
f 612/658/87 653/657/86 654/659/87
f 612/658/87 654/659/87 611/660/88
f 611/660/88 654/659/87 655/661/88
f 611/660/88 655/661/88 610/612/69
f 610/612/69 655/661/88 656/613/69
f 658/662/69 704/663/69 657/664/35
f 657/664/35 704/663/69 681/665/35
f 657/666/35 681/667/35 680/668/70
f 680/668/70 681/667/35 682/669/70
f 680/668/70 682/669/70 679/670/71
f 679/670/71 682/669/70 683/671/71
f 679/670/71 683/671/71 678/672/72
f 678/672/72 683/671/71 684/673/72
f 678/672/72 684/673/72 677/674/73
f 677/674/73 684/673/72 685/675/73
f 677/674/73 685/675/73 676/676/74
f 676/676/74 685/675/73 686/677/74
f 676/676/74 686/677/74 675/678/75
f 675/678/75 686/677/74 687/679/75
f 675/678/75 687/679/75 674/680/76
f 674/680/76 687/679/75 688/681/76
f 674/680/76 688/681/76 673/682/59
f 673/682/59 688/681/76 689/683/59
f 673/682/59 689/683/59 672/684/77
f 672/684/77 689/683/59 690/685/77
f 672/684/77 690/685/77 671/686/78
f 671/686/78 690/685/77 691/687/78
f 671/686/78 691/687/78 670/688/79
f 670/688/79 691/687/78 692/689/79
f 670/688/79 692/689/79 669/690/3
f 669/690/3 692/689/79 693/691/3
f 669/690/3 693/691/3 668/692/80
f 668/692/80 693/691/3 694/693/80
f 668/692/80 694/693/80 667/694/81
f 667/694/81 694/693/80 695/695/81
f 667/694/81 695/695/81 666/696/82
f 666/696/82 695/695/81 696/697/82
f 666/696/82 696/697/82 665/698/46
f 665/698/46 696/697/82 697/699/46
f 665/698/46 697/699/46 664/700/83
f 664/700/83 697/699/46 698/701/83
f 664/700/83 698/701/83 663/702/84
f 663/702/84 698/701/83 699/703/84
f 663/702/84 699/703/84 662/704/85
f 662/704/85 699/703/84 700/705/85
f 662/704/85 700/705/85 661/706/86
f 661/706/86 700/705/85 701/707/86
f 661/706/86 701/707/86 660/708/87
f 660/708/87 701/707/86 702/709/87
f 660/708/87 702/709/87 659/710/88
f 659/710/88 702/709/87 703/711/88
f 659/710/88 703/711/88 658/662/69
f 658/662/69 703/711/88 704/663/69
f 706/662/69 752/663/69 705/664/35
f 705/664/35 752/663/69 729/665/35
f 705/666/35 729/667/35 728/668/70
f 728/668/70 729/667/35 730/669/70
f 728/668/70 730/669/70 727/670/71
f 727/670/71 730/669/70 731/671/71
f 727/670/71 731/671/71 726/672/72
f 726/672/72 731/671/71 732/673/72
f 726/672/72 732/673/72 725/674/73
f 725/674/73 732/673/72 733/675/73
f 725/674/73 733/675/73 724/676/74
f 724/676/74 733/675/73 734/677/74
f 724/676/74 734/677/74 723/678/75
f 723/678/75 734/677/74 735/679/75
f 723/678/75 735/679/75 722/680/76
f 722/680/76 735/679/75 736/681/76
f 722/680/76 736/681/76 721/682/59
f 721/682/59 736/681/76 737/683/59
f 721/682/59 737/683/59 720/684/77
f 720/684/77 737/683/59 738/685/77
f 720/684/77 738/685/77 719/686/78
f 719/686/78 738/685/77 739/687/78
f 719/686/78 739/687/78 718/688/79
f 718/688/79 739/687/78 740/689/79
f 718/688/79 740/689/79 717/690/3
f 717/690/3 740/689/79 741/691/3
f 717/690/3 741/691/3 716/692/80
f 716/692/80 741/691/3 742/693/80
f 716/692/80 742/693/80 715/694/81
f 715/694/81 742/693/80 743/695/81
f 715/694/81 743/695/81 714/696/82
f 714/696/82 743/695/81 744/697/82
f 714/696/82 744/697/82 713/698/46
f 713/698/46 744/697/82 745/699/46
f 713/698/46 745/699/46 712/700/83
f 712/700/83 745/699/46 746/701/83
f 712/700/83 746/701/83 711/702/84
f 711/702/84 746/701/83 747/703/84
f 711/702/84 747/703/84 710/704/85
f 710/704/85 747/703/84 748/705/85
f 710/704/85 748/705/85 709/706/86
f 709/706/86 748/705/85 749/707/86
f 709/706/86 749/707/86 708/708/87
f 708/708/87 749/707/86 750/709/87
f 708/708/87 750/709/87 707/710/88
f 707/710/88 750/709/87 751/711/88
f 707/710/88 751/711/88 706/662/69
f 706/662/69 751/711/88 752/663/69
f 754/712/79 800/713/79 753/714/3
f 753/714/3 800/713/79 777/715/3
f 753/716/3 777/717/3 776/718/80
f 776/718/80 777/717/3 778/719/80
f 776/718/80 778/719/80 775/720/81
f 775/720/81 778/719/80 779/721/81
f 775/720/81 779/721/81 774/722/82
f 774/722/82 779/721/81 780/723/82
f 774/722/82 780/723/82 773/724/46
f 773/724/46 780/723/82 781/725/46
f 773/724/46 781/725/46 772/726/83
f 772/726/83 781/725/46 782/727/83
f 772/726/83 782/727/83 771/728/84
f 771/728/84 782/727/83 783/729/84
f 771/728/84 783/729/84 770/730/85
f 770/730/85 783/729/84 784/731/85
f 770/730/85 784/731/85 769/732/86
f 769/732/86 784/731/85 785/733/86
f 769/732/86 785/733/86 768/734/87
f 768/734/87 785/733/86 786/735/87
f 768/734/87 786/735/87 767/736/88
f 767/736/88 786/735/87 787/737/88
f 767/736/88 787/737/88 766/738/69
f 766/738/69 787/737/88 788/739/69
f 766/738/69 788/739/69 765/740/35
f 765/740/35 788/739/69 789/741/35
f 765/740/35 789/741/35 764/742/70
f 764/742/70 789/741/35 790/743/70
f 764/742/70 790/743/70 763/744/71
f 763/744/71 790/743/70 791/745/71
f 763/744/71 791/745/71 762/746/72
f 762/746/72 791/745/71 792/747/72
f 762/746/72 792/747/72 761/748/73
f 761/748/73 792/747/72 793/749/73
f 761/748/73 793/749/73 760/750/74
f 760/750/74 793/749/73 794/751/74
f 760/750/74 794/751/74 759/752/75
f 759/752/75 794/751/74 795/753/75
f 759/752/75 795/753/75 758/754/76
f 758/754/76 795/753/75 796/755/76
f 758/754/76 796/755/76 757/756/59
f 757/756/59 796/755/76 797/757/59
f 757/756/59 797/757/59 756/758/77
f 756/758/77 797/757/59 798/759/77
f 756/758/77 798/759/77 755/760/78
f 755/760/78 798/759/77 799/761/78
f 755/760/78 799/761/78 754/712/79
f 754/712/79 799/761/78 800/713/79
f 802/712/79 848/713/79 801/714/3
f 801/714/3 848/713/79 825/715/3
f 801/716/3 825/717/3 824/718/80
f 824/718/80 825/717/3 826/719/80
f 824/718/80 826/719/80 823/720/81
f 823/720/81 826/719/80 827/721/81
f 823/720/81 827/721/81 822/722/82
f 822/722/82 827/721/81 828/723/82
f 822/722/82 828/723/82 821/724/46
f 821/724/46 828/723/82 829/725/46
f 821/724/46 829/725/46 820/726/83
f 820/726/83 829/725/46 830/727/83
f 820/726/83 830/727/83 819/728/84
f 819/728/84 830/727/83 831/729/84
f 819/728/84 831/729/84 818/730/85
f 818/730/85 831/729/84 832/731/85
f 818/730/85 832/731/85 817/732/86
f 817/732/86 832/731/85 833/733/86
f 817/732/86 833/733/86 816/734/87
f 816/734/87 833/733/86 834/735/87
f 816/734/87 834/735/87 815/736/88
f 815/736/88 834/735/87 835/737/88
f 815/736/88 835/737/88 814/738/69
f 814/738/69 835/737/88 836/739/69
f 814/738/69 836/739/69 813/740/35
f 813/740/35 836/739/69 837/741/35
f 813/740/35 837/741/35 812/742/70
f 812/742/70 837/741/35 838/743/70
f 812/742/70 838/743/70 811/744/71
f 811/744/71 838/743/70 839/745/71
f 811/744/71 839/745/71 810/746/72
f 810/746/72 839/745/71 840/747/72
f 810/746/72 840/747/72 809/748/73
f 809/748/73 840/747/72 841/749/73
f 809/748/73 841/749/73 808/750/74
f 808/750/74 841/749/73 842/751/74
f 808/750/74 842/751/74 807/752/75
f 807/752/75 842/751/74 843/753/75
f 807/752/75 843/753/75 806/754/76
f 806/754/76 843/753/75 844/755/76
f 806/754/76 844/755/76 805/756/59
f 805/756/59 844/755/76 845/757/59
f 805/756/59 845/757/59 804/758/77
f 804/758/77 845/757/59 846/759/77
f 804/758/77 846/759/77 803/760/78
f 803/760/78 846/759/77 847/761/78
f 803/760/78 847/761/78 802/712/79
f 802/712/79 847/761/78 848/713/79
f 850/762/89 851/763/90 849/764/89
f 849/764/89 851/763/90 944/765/91
f 944/765/91 851/763/90 852/766/92
f 944/765/91 852/766/92 58/767/93
f 58/767/93 852/766/92 853/768/94
f 58/767/93 853/768/94 59/769/95
f 59/769/95 853/768/94 854/770/96
f 59/769/95 854/770/96 60/771/97
f 60/771/97 854/770/96 855/772/98
f 60/771/97 855/772/98 856/773/99
f 60/771/97 856/773/99 61/774/100
f 61/774/100 856/773/99 857/775/101
f 61/774/100 857/775/101 62/776/102
f 62/776/102 857/775/101 858/777/103
f 62/776/102 858/777/103 63/778/104
f 63/778/104 858/777/103 859/779/105
f 63/778/104 859/779/105 942/780/106
f 942/780/106 859/779/105 860/781/107
f 942/780/106 860/781/107 941/782/107
f 941/782/107 860/781/107 861/783/108
f 941/782/107 861/783/108 940/784/108
f 940/784/108 861/783/108 862/785/109
f 940/784/108 862/785/109 939/786/109
f 939/786/109 862/785/109 863/787/110
f 939/786/109 863/787/110 938/788/110
f 938/788/110 863/787/110 864/789/111
f 938/788/110 864/789/111 937/790/111
f 937/790/111 864/789/111 865/791/112
f 937/790/111 865/791/112 936/792/112
f 936/792/112 865/791/112 866/793/113
f 936/792/112 866/793/113 935/794/113
f 935/794/113 866/793/113 867/795/114
f 935/794/113 867/795/114 934/796/115
f 934/796/115 867/795/114 868/797/116
f 934/796/115 868/797/116 933/798/116
f 933/798/116 868/797/116 869/799/117
f 933/798/116 869/799/117 932/800/118
f 932/800/118 869/799/117 870/801/119
f 932/800/118 870/801/119 931/802/120
f 931/802/120 870/801/119 871/803/121
f 931/802/120 871/803/121 930/804/121
f 930/804/121 871/803/121 872/805/122
f 930/804/121 872/805/122 929/806/122
f 929/806/122 872/805/122 873/807/123
f 929/806/122 873/807/123 928/808/124
f 928/808/124 873/807/123 874/809/125
f 928/808/124 874/809/125 927/810/125
f 927/810/125 874/809/125 875/811/126
f 927/810/125 875/811/126 926/812/126
f 926/812/126 875/811/126 876/813/127
f 926/812/126 876/813/127 925/814/127
f 925/814/127 876/813/127 877/815/128
f 925/814/127 877/815/128 924/816/128
f 924/816/128 877/815/128 878/817/129
f 924/816/128 878/817/129 923/818/129
f 923/818/129 878/817/129 879/819/130
f 923/818/129 879/819/130 922/820/130
f 922/820/130 879/819/130 880/821/131
f 922/820/130 880/821/131 921/822/131
f 921/822/131 880/821/131 881/823/132
f 921/822/131 881/823/132 920/824/132
f 920/824/132 881/823/132 882/825/133
f 920/824/132 882/825/133 919/826/134
f 919/826/134 882/825/133 883/827/135
f 919/826/134 883/827/135 918/828/135
f 918/828/135 883/827/135 884/829/136
f 918/828/135 884/829/136 917/830/137
f 917/830/137 884/829/136 885/831/138
f 917/830/137 885/831/138 916/832/139
f 916/832/139 885/831/138 886/833/140
f 916/832/139 886/833/140 915/834/140
f 915/834/140 886/833/140 887/835/141
f 915/834/140 887/835/141 914/836/142
f 914/836/142 887/835/141 888/837/143
f 914/836/142 888/837/143 913/838/143
f 913/838/143 888/837/143 889/839/144
f 913/838/143 889/839/144 912/840/144
f 912/840/144 889/839/144 890/841/145
f 912/840/144 890/841/145 911/842/145
f 911/842/145 890/841/145 891/843/146
f 911/842/145 891/843/146 910/844/146
f 910/844/146 891/843/146 892/845/147
f 910/844/146 892/845/147 909/846/147
f 909/846/147 892/845/147 893/847/148
f 909/846/147 893/847/148 908/848/149
f 908/848/149 893/847/148 894/849/150
f 908/848/149 894/849/150 907/850/150
f 907/850/150 894/849/150 895/851/151
f 907/850/150 895/851/151 906/852/151
f 906/852/151 895/851/151 896/853/152
f 906/852/151 896/853/152 905/854/153
f 905/854/153 896/853/152 897/855/154
f 905/854/153 897/855/154 904/856/155
f 904/856/155 897/855/154 898/857/156
f 904/856/155 898/857/156 903/858/156
f 903/858/156 898/857/156 899/859/157
f 903/858/156 899/859/157 902/860/157
f 902/860/157 899/859/157 900/861/158
f 902/860/157 900/861/158 901/862/158
f 942/780/106 943/863/104 63/778/104
f 945/864/159 946/865/160 1010/866/159
f 1010/866/159 946/865/160 1074/867/161
f 1074/867/161 946/865/160 947/868/162
f 1074/867/161 947/868/162 1073/869/162
f 1073/869/162 947/868/162 948/870/163
f 1073/869/162 948/870/163 1072/871/163
f 1072/871/163 948/870/163 949/872/164
f 1072/871/163 949/872/164 1071/873/165
f 1071/873/165 949/872/164 950/874/166
f 1071/873/165 950/874/166 1070/875/166
f 1070/875/166 950/874/166 951/876/167
f 1070/875/166 951/876/167 1069/877/168
f 1069/877/168 951/876/167 952/878/169
f 1069/877/168 952/878/169 1068/879/169
f 1068/879/169 952/878/169 953/880/170
f 1068/879/169 953/880/170 1067/881/170
f 1067/881/170 953/880/170 954/882/171
f 1067/881/170 954/882/171 1066/883/171
f 1066/883/171 954/882/171 955/884/172
f 1066/883/171 955/884/172 1065/885/173
f 1065/885/173 955/884/172 956/886/174
f 1065/885/173 956/886/174 1064/887/174
f 1064/887/174 956/886/174 957/888/175
f 1064/887/174 957/888/175 1063/889/176
f 1063/889/176 957/888/175 958/890/177
f 1063/889/176 958/890/177 1062/891/177
f 1062/891/177 958/890/177 959/892/178
f 1062/891/177 959/892/178 1061/893/178
f 1061/893/178 959/892/178 960/894/179
f 1061/893/178 960/894/179 1060/895/180
f 1060/895/180 960/894/179 961/896/181
f 1060/895/180 961/896/181 1059/897/181
f 1059/897/181 961/896/181 962/898/182
f 1059/897/181 962/898/182 1058/899/182
f 1058/899/182 962/898/182 963/900/183
f 1058/899/182 963/900/183 1057/901/184
f 1057/901/184 963/900/183 964/902/185
f 1057/901/184 964/902/185 1056/903/185
f 1056/903/185 964/902/185 965/904/186
f 1056/903/185 965/904/186 1055/905/186
f 1055/905/186 965/904/186 966/906/187
f 1055/905/186 966/906/187 1054/907/187
f 1054/907/187 966/906/187 967/908/188
f 1054/907/187 967/908/188 1053/909/188
f 1053/909/188 967/908/188 968/910/189
f 1053/909/188 968/910/189 1052/911/189
f 1052/911/189 968/910/189 969/912/190
f 1052/911/189 969/912/190 1051/913/190
f 1051/913/190 969/912/190 970/914/191
f 1051/913/190 970/914/191 1050/915/192
f 1050/915/192 970/914/191 971/916/193
f 1050/915/192 971/916/193 1049/917/193
f 1049/917/193 971/916/193 972/918/194
f 1049/917/193 972/918/194 1048/919/194
f 1048/919/194 972/918/194 973/920/195
f 1048/919/194 973/920/195 1047/921/196
f 1047/921/196 973/920/195 974/922/197
f 1047/921/196 974/922/197 1046/923/197
f 1046/923/197 974/922/197 975/924/198
f 1046/923/197 975/924/198 1045/925/198
f 1045/925/198 975/924/198 976/926/199
f 1045/925/198 976/926/199 1044/927/199
f 1044/927/199 976/926/199 977/928/200
f 1044/927/199 977/928/200 1043/929/201
f 1043/929/201 977/928/200 978/930/202
f 1043/929/201 978/930/202 1042/931/203
f 1042/931/203 978/930/202 979/932/204
f 1042/931/203 979/932/204 1041/933/204
f 1041/933/204 979/932/204 980/934/205
f 1041/933/204 980/934/205 1040/935/205
f 1040/935/205 980/934/205 981/936/206
f 1040/935/205 981/936/206 1039/937/207
f 1039/937/207 981/936/206 982/938/208
f 1039/937/207 982/938/208 1038/939/208
f 1038/939/208 982/938/208 983/940/209
f 1038/939/208 983/940/209 1037/941/209
f 1037/941/209 983/940/209 984/942/210
f 1037/941/209 984/942/210 1036/943/210
f 1036/943/210 984/942/210 985/944/211
f 1036/943/210 985/944/211 1035/945/211
f 1035/945/211 985/944/211 986/946/212
f 1035/945/211 986/946/212 1034/947/212
f 1034/947/212 986/946/212 987/948/213
f 1034/947/212 987/948/213 1033/949/213
f 1033/949/213 987/948/213 988/950/214
f 1033/949/213 988/950/214 1032/951/214
f 1032/951/214 988/950/214 989/952/215
f 1032/951/214 989/952/215 1031/953/215
f 1031/953/215 989/952/215 990/954/216
f 1031/953/215 990/954/216 1030/955/216
f 1030/955/216 990/954/216 991/956/217
f 1030/955/216 991/956/217 1029/957/218
f 1029/957/218 991/956/217 992/958/219
f 1029/957/218 992/958/219 1028/959/219
f 1028/959/219 992/958/219 993/960/220
f 1028/959/219 993/960/220 1027/961/221
f 1027/961/221 993/960/220 994/962/222
f 1027/961/221 994/962/222 1026/963/222
f 1026/963/222 994/962/222 995/964/223
f 1026/963/222 995/964/223 1025/965/223
f 1025/965/223 995/964/223 996/966/224
f 1025/965/223 996/966/224 1024/967/224
f 1024/967/224 996/966/224 997/968/225
f 1024/967/224 997/968/225 1023/969/225
f 1023/969/225 997/968/225 998/970/226
f 1023/969/225 998/970/226 1022/971/227
f 1022/971/227 998/970/226 999/972/228
f 1022/971/227 999/972/228 1021/973/229
f 1021/973/229 999/972/228 1000/974/230
f 1021/973/229 1000/974/230 1020/975/231
f 1020/975/231 1000/974/230 1001/976/232
f 1020/975/231 1001/976/232 1019/977/232
f 1019/977/232 1001/976/232 1002/978/233
f 1019/977/232 1002/978/233 1018/979/234
f 1018/979/234 1002/978/233 1003/980/235
f 1018/979/234 1003/980/235 1017/981/236
f 1017/981/236 1003/980/235 1004/982/237
f 1017/981/236 1004/982/237 1016/983/237
f 1016/983/237 1004/982/237 1005/984/238
f 1016/983/237 1005/984/238 1015/985/238
f 1015/985/238 1005/984/238 1006/986/239
f 1015/985/238 1006/986/239 1014/987/240
f 1014/987/240 1006/986/239 1007/988/241
f 1014/987/240 1007/988/241 1013/989/242
f 1013/989/242 1007/988/241 1008/990/243
f 1013/989/242 1008/990/243 1012/991/67
f 1012/991/67 1008/990/243 1009/992/244
f 1012/991/67 1009/992/244 1011/993/245
f 1011/993/245 1009/992/244 945/994/159
f 1011/993/245 945/994/159 1010/995/159
f 1076/996/70 1122/997/70 1075/998/35
f 1075/998/35 1122/997/70 1099/999/35
f 1075/1000/35 1099/1001/35 1098/1002/69
f 1098/1002/69 1099/1001/35 1100/1003/69
f 1098/1002/69 1100/1003/69 1097/1004/88
f 1097/1004/88 1100/1003/69 1101/1005/88
f 1097/1004/88 1101/1005/88 1096/1006/87
f 1096/1006/87 1101/1005/88 1102/1007/87
f 1096/1006/87 1102/1007/87 1095/1008/86
f 1095/1008/86 1102/1007/87 1103/1009/86
f 1095/1008/86 1103/1009/86 1094/1010/85
f 1094/1010/85 1103/1009/86 1104/1011/85
f 1094/1010/85 1104/1011/85 1093/1012/84
f 1093/1012/84 1104/1011/85 1105/1013/84
f 1093/1012/84 1105/1013/84 1092/1014/83
f 1092/1014/83 1105/1013/84 1106/1015/83
f 1092/1014/83 1106/1015/83 1091/1016/46
f 1091/1016/46 1106/1015/83 1107/1017/46
f 1091/1016/46 1107/1017/46 1090/1018/82
f 1090/1018/82 1107/1017/46 1108/1019/82
f 1090/1018/82 1108/1019/82 1089/1020/81
f 1089/1020/81 1108/1019/82 1109/1021/81
f 1089/1020/81 1109/1021/81 1088/1022/80
f 1088/1022/80 1109/1021/81 1110/1023/80
f 1088/1022/80 1110/1023/80 1087/1024/3
f 1087/1024/3 1110/1023/80 1111/1025/3
f 1087/1024/3 1111/1025/3 1086/1026/79
f 1086/1026/79 1111/1025/3 1112/1027/79
f 1086/1026/79 1112/1027/79 1085/1028/78
f 1085/1028/78 1112/1027/79 1113/1029/78
f 1085/1028/78 1113/1029/78 1084/1030/77
f 1084/1030/77 1113/1029/78 1114/1031/77
f 1084/1030/77 1114/1031/77 1083/1032/59
f 1083/1032/59 1114/1031/77 1115/1033/59
f 1083/1032/59 1115/1033/59 1082/1034/76
f 1082/1034/76 1115/1033/59 1116/1035/76
f 1082/1034/76 1116/1035/76 1081/1036/75
f 1081/1036/75 1116/1035/76 1117/1037/75
f 1081/1036/75 1117/1037/75 1080/1038/74
f 1080/1038/74 1117/1037/75 1118/1039/74
f 1080/1038/74 1118/1039/74 1079/1040/73
f 1079/1040/73 1118/1039/74 1119/1041/73
f 1079/1040/73 1119/1041/73 1078/1042/72
f 1078/1042/72 1119/1041/73 1120/1043/72
f 1078/1042/72 1120/1043/72 1077/1044/71
f 1077/1044/71 1120/1043/72 1121/1045/71
f 1077/1044/71 1121/1045/71 1076/996/70
f 1076/996/70 1121/1045/71 1122/997/70
f 1124/1046/246 1194/1047/246 1123/1048/35
f 1123/1048/35 1194/1047/246 1159/1049/35
f 1123/1050/35 1159/1051/35 1158/1052/247
f 1158/1052/247 1159/1051/35 1160/1053/247
f 1158/1052/247 1160/1053/247 1157/1054/248
f 1157/1054/248 1160/1053/247 1161/1055/248
f 1157/1054/248 1161/1055/248 1156/1056/88
f 1156/1056/88 1161/1055/248 1162/1057/88
f 1156/1056/88 1162/1057/88 1155/1058/249
f 1155/1058/249 1162/1057/88 1163/1059/249
f 1155/1058/249 1163/1059/249 1154/1060/250
f 1154/1060/250 1163/1059/249 1164/1061/250
f 1154/1060/250 1164/1061/250 1153/1062/86
f 1153/1062/86 1164/1061/250 1165/1063/86
f 1153/1062/86 1165/1063/86 1152/1064/251
f 1152/1064/251 1165/1063/86 1166/1065/251
f 1152/1064/251 1166/1065/251 1151/1066/252
f 1151/1066/252 1166/1065/251 1167/1067/252
f 1151/1066/252 1167/1067/252 1150/1068/84
f 1150/1068/84 1167/1067/252 1168/1069/84
f 1150/1068/84 1168/1069/84 1149/1070/253
f 1149/1070/253 1168/1069/84 1169/1071/253
f 1149/1070/253 1169/1071/253 1148/1072/254
f 1148/1072/254 1169/1071/253 1170/1073/254
f 1148/1072/254 1170/1073/254 1147/1074/46
f 1147/1074/46 1170/1073/254 1171/1075/46
f 1147/1074/46 1171/1075/46 1146/1076/255
f 1146/1076/255 1171/1075/46 1172/1077/255
f 1146/1076/255 1172/1077/255 1145/1078/256
f 1145/1078/256 1172/1077/255 1173/1079/256
f 1145/1078/256 1173/1079/256 1144/1080/81
f 1144/1080/81 1173/1079/256 1174/1081/81
f 1144/1080/81 1174/1081/81 1143/1082/257
f 1143/1082/257 1174/1081/81 1175/1083/257
f 1143/1082/257 1175/1083/257 1142/1084/258
f 1142/1084/258 1175/1083/257 1176/1085/258
f 1142/1084/258 1176/1085/258 1141/1024/3
f 1141/1024/3 1176/1085/258 1177/1025/3
f 1141/1024/3 1177/1025/3 1140/1086/259
f 1140/1086/259 1177/1025/3 1178/1087/259
f 1140/1086/259 1178/1087/259 1139/1088/260
f 1139/1088/260 1178/1087/259 1179/1089/260
f 1139/1088/260 1179/1089/260 1138/1090/78
f 1138/1090/78 1179/1089/260 1180/1091/78
f 1138/1090/78 1180/1091/78 1137/1092/261
f 1137/1092/261 1180/1091/78 1181/1093/261
f 1137/1092/261 1181/1093/261 1136/1094/262
f 1136/1094/262 1181/1093/261 1182/1095/262
f 1136/1094/262 1182/1095/262 1135/1096/59
f 1135/1096/59 1182/1095/262 1183/1097/59
f 1135/1096/59 1183/1097/59 1134/1098/263
f 1134/1098/263 1183/1097/59 1184/1099/263
f 1134/1098/263 1184/1099/263 1133/1100/264
f 1133/1100/264 1184/1099/263 1185/1101/264
f 1133/1100/264 1185/1101/264 1132/1102/75
f 1132/1102/75 1185/1101/264 1186/1103/75
f 1132/1102/75 1186/1103/75 1131/1104/265
f 1131/1104/265 1186/1103/75 1187/1105/265
f 1131/1104/265 1187/1105/265 1130/1106/266
f 1130/1106/266 1187/1105/265 1188/1107/266
f 1130/1106/266 1188/1107/266 1129/1108/73
f 1129/1108/73 1188/1107/266 1189/1109/73
f 1129/1108/73 1189/1109/73 1128/1110/267
f 1128/1110/267 1189/1109/73 1190/1111/267
f 1128/1110/267 1190/1111/267 1127/1112/268
f 1127/1112/268 1190/1111/267 1191/1113/268
f 1127/1112/268 1191/1113/268 1126/1114/71
f 1126/1114/71 1191/1113/268 1192/1115/71
f 1126/1114/71 1192/1115/71 1125/1116/269
f 1125/1116/269 1192/1115/71 1193/1117/269
f 1125/1116/269 1193/1117/269 1124/1046/246
f 1124/1046/246 1193/1117/269 1194/1047/246
f 1196/996/70 1242/997/70 1195/998/35
f 1195/998/35 1242/997/70 1219/999/35
f 1195/1000/35 1219/1001/35 1218/1002/69
f 1218/1002/69 1219/1001/35 1220/1003/69
f 1218/1002/69 1220/1003/69 1217/1004/88
f 1217/1004/88 1220/1003/69 1221/1005/88
f 1217/1004/88 1221/1005/88 1216/1006/87
f 1216/1006/87 1221/1005/88 1222/1007/87
f 1216/1006/87 1222/1007/87 1215/1008/86
f 1215/1008/86 1222/1007/87 1223/1009/86
f 1215/1008/86 1223/1009/86 1214/1010/85
f 1214/1010/85 1223/1009/86 1224/1011/85
f 1214/1010/85 1224/1011/85 1213/1012/84
f 1213/1012/84 1224/1011/85 1225/1013/84
f 1213/1012/84 1225/1013/84 1212/1014/83
f 1212/1014/83 1225/1013/84 1226/1015/83
f 1212/1014/83 1226/1015/83 1211/1016/46
f 1211/1016/46 1226/1015/83 1227/1017/46
f 1211/1016/46 1227/1017/46 1210/1018/82
f 1210/1018/82 1227/1017/46 1228/1019/82
f 1210/1018/82 1228/1019/82 1209/1020/81
f 1209/1020/81 1228/1019/82 1229/1021/81
f 1209/1020/81 1229/1021/81 1208/1022/80
f 1208/1022/80 1229/1021/81 1230/1023/80
f 1208/1022/80 1230/1023/80 1207/1024/3
f 1207/1024/3 1230/1023/80 1231/1025/3
f 1207/1024/3 1231/1025/3 1206/1026/79
f 1206/1026/79 1231/1025/3 1232/1027/79
f 1206/1026/79 1232/1027/79 1205/1028/78
f 1205/1028/78 1232/1027/79 1233/1029/78
f 1205/1028/78 1233/1029/78 1204/1030/77
f 1204/1030/77 1233/1029/78 1234/1031/77
f 1204/1030/77 1234/1031/77 1203/1032/59
f 1203/1032/59 1234/1031/77 1235/1033/59
f 1203/1032/59 1235/1033/59 1202/1034/76
f 1202/1034/76 1235/1033/59 1236/1035/76
f 1202/1034/76 1236/1035/76 1201/1036/75
f 1201/1036/75 1236/1035/76 1237/1037/75
f 1201/1036/75 1237/1037/75 1200/1038/74
f 1200/1038/74 1237/1037/75 1238/1039/74
f 1200/1038/74 1238/1039/74 1199/1040/73
f 1199/1040/73 1238/1039/74 1239/1041/73
f 1199/1040/73 1239/1041/73 1198/1042/72
f 1198/1042/72 1239/1041/73 1240/1043/72
f 1198/1042/72 1240/1043/72 1197/1044/71
f 1197/1044/71 1240/1043/72 1241/1045/71
f 1197/1044/71 1241/1045/71 1196/996/70
f 1196/996/70 1241/1045/71 1242/997/70
f 1243/1025/270 1244/1118/271 1320/995/270
f 1320/995/270 1244/1118/271 1396/1119/272
f 1396/1119/272 1244/1118/271 1245/1120/273
f 1396/1119/272 1245/1120/273 1395/1121/274
f 1395/1121/274 1245/1120/273 1246/1122/275
f 1395/1121/274 1246/1122/275 1394/1123/275
f 1394/1123/275 1246/1122/275 1247/1124/276
f 1394/1123/275 1247/1124/276 1393/1125/276
f 1393/1125/276 1247/1124/276 1248/1126/277
f 1393/1125/276 1248/1126/277 1392/1127/278
f 1392/1127/278 1248/1126/277 1249/1128/279
f 1392/1127/278 1249/1128/279 1391/1129/279
f 1391/1129/279 1249/1128/279 1250/1130/280
f 1391/1129/279 1250/1130/280 1390/1131/281
f 1390/1131/281 1250/1130/280 1251/1132/282
f 1390/1131/281 1251/1132/282 1389/1133/282
f 1389/1133/282 1251/1132/282 1252/1134/283
f 1389/1133/282 1252/1134/283 1388/1135/283
f 1388/1135/283 1252/1134/283 1253/1136/284
f 1388/1135/283 1253/1136/284 1387/1137/284
f 1387/1137/284 1253/1136/284 1254/1138/285
f 1387/1137/284 1254/1138/285 1386/1139/285
f 1386/1139/285 1254/1138/285 1255/1140/286
f 1386/1139/285 1255/1140/286 1385/1141/286
f 1385/1141/286 1255/1140/286 1256/1142/287
f 1385/1141/286 1256/1142/287 1384/1143/288
f 1384/1143/288 1256/1142/287 1257/1144/289
f 1384/1143/288 1257/1144/289 1383/1145/290
f 1383/1145/290 1257/1144/289 1258/1146/291
f 1383/1145/290 1258/1146/291 1382/1147/291
f 1382/1147/291 1258/1146/291 1259/1148/292
f 1382/1147/291 1259/1148/292 1381/1149/292
f 1381/1149/292 1259/1148/292 1260/1150/293
f 1381/1149/292 1260/1150/293 1380/1151/293
f 1380/1151/293 1260/1150/293 1261/1152/294
f 1380/1151/293 1261/1152/294 1379/1153/294
f 1379/1153/294 1261/1152/294 1262/1154/295
f 1379/1153/294 1262/1154/295 1378/1155/295
f 1378/1155/295 1262/1154/295 1263/1156/296
f 1378/1155/295 1263/1156/296 1377/1157/296
f 1377/1157/296 1263/1156/296 1264/1158/297
f 1377/1157/296 1264/1158/297 1376/1159/297
f 1376/1159/297 1264/1158/297 1265/1160/298
f 1376/1159/297 1265/1160/298 1375/1161/298
f 1375/1161/298 1265/1160/298 1266/1162/299
f 1375/1161/298 1266/1162/299 1374/1163/299
f 1374/1163/299 1266/1162/299 1267/1164/300
f 1374/1163/299 1267/1164/300 1373/1165/300
f 1373/1165/300 1267/1164/300 1268/1166/301
f 1373/1165/300 1268/1166/301 1372/1167/302
f 1372/1167/302 1268/1166/301 1269/1168/303
f 1372/1167/302 1269/1168/303 1371/1169/303
f 1371/1169/303 1269/1168/303 1270/1170/304
f 1371/1169/303 1270/1170/304 1370/1171/305
f 1370/1171/305 1270/1170/304 1271/1172/306
f 1370/1171/305 1271/1172/306 1369/1173/307
f 1369/1173/307 1271/1172/306 1272/1174/308
f 1369/1173/307 1272/1174/308 1368/1175/308
f 1368/1175/308 1272/1174/308 1273/1176/309
f 1368/1175/308 1273/1176/309 1367/1177/309
f 1367/1177/309 1273/1176/309 1274/1178/310
f 1367/1177/309 1274/1178/310 1366/1179/310
f 1366/1179/310 1274/1178/310 1275/1180/311
f 1366/1179/310 1275/1180/311 1365/1181/311
f 1365/1181/311 1275/1180/311 1276/1182/312
f 1365/1181/311 1276/1182/312 1364/1183/312
f 1364/1183/312 1276/1182/312 1277/1184/313
f 1364/1183/312 1277/1184/313 1363/1185/313
f 1363/1185/313 1277/1184/313 1278/1186/314
f 1363/1185/313 1278/1186/314 1362/1187/314
f 1362/1187/314 1278/1186/314 1279/1188/315
f 1362/1187/314 1279/1188/315 1361/1189/315
f 1361/1189/315 1279/1188/315 1280/1190/316
f 1361/1189/315 1280/1190/316 1360/1191/316
f 1360/1191/316 1280/1190/316 1281/1192/317
f 1360/1191/316 1281/1192/317 1359/1193/317
f 1359/1193/317 1281/1192/317 1282/1194/318
f 1359/1193/317 1282/1194/318 1358/1195/319
f 1358/1195/319 1282/1194/318 1283/1196/320
f 1358/1195/319 1283/1196/320 1357/1197/320
f 1357/1197/320 1283/1196/320 1284/1198/321
f 1357/1197/320 1284/1198/321 1356/1199/322
f 1356/1199/322 1284/1198/321 1285/1200/323
f 1356/1199/322 1285/1200/323 1355/1201/323
f 1355/1201/323 1285/1200/323 1286/1202/324
f 1355/1201/323 1286/1202/324 1354/1203/324
f 1354/1203/324 1286/1202/324 1287/1204/325
f 1354/1203/324 1287/1204/325 1353/1205/325
f 1353/1205/325 1287/1204/325 1288/1206/326
f 1353/1205/325 1288/1206/326 1352/1207/326
f 1352/1207/326 1288/1206/326 1289/1208/327
f 1352/1207/326 1289/1208/327 1351/1209/327
f 1351/1209/327 1289/1208/327 1290/1210/328
f 1351/1209/327 1290/1210/328 1350/1211/328
f 1350/1211/328 1290/1210/328 1291/1212/329
f 1350/1211/328 1291/1212/329 1349/1213/329
f 1349/1213/329 1291/1212/329 1292/1214/330
f 1349/1213/329 1292/1214/330 1348/1215/330
f 1348/1215/330 1292/1214/330 1293/1216/331
f 1348/1215/330 1293/1216/331 1347/1217/331
f 1347/1217/331 1293/1216/331 1294/1218/332
f 1347/1217/331 1294/1218/332 1346/1219/333
f 1346/1219/333 1294/1218/332 1295/1220/334
f 1346/1219/333 1295/1220/334 1345/1221/335
f 1345/1221/335 1295/1220/334 1296/1222/336
f 1345/1221/335 1296/1222/336 1344/1223/336
f 1344/1223/336 1296/1222/336 1297/1224/337
f 1344/1223/336 1297/1224/337 1343/1225/337
f 1343/1225/337 1297/1224/337 1298/1226/338
f 1343/1225/337 1298/1226/338 1342/1227/339
f 1342/1227/339 1298/1226/338 1299/1228/340
f 1342/1227/339 1299/1228/340 1341/1229/341
f 1341/1229/341 1299/1228/340 1300/1230/342
f 1341/1229/341 1300/1230/342 1340/1231/343
f 1340/1231/343 1300/1230/342 1301/1232/344
f 1340/1231/343 1301/1232/344 1339/1233/344
f 1339/1233/344 1301/1232/344 1302/1234/345
f 1339/1233/344 1302/1234/345 1338/1235/345
f 1338/1235/345 1302/1234/345 1303/1236/346
f 1338/1235/345 1303/1236/346 1337/1237/346
f 1337/1237/346 1303/1236/346 1304/1238/347
f 1337/1237/346 1304/1238/347 1336/1239/347
f 1336/1239/347 1304/1238/347 1305/1240/348
f 1336/1239/347 1305/1240/348 1335/1241/349
f 1335/1241/349 1305/1240/348 1306/1242/350
f 1335/1241/349 1306/1242/350 1334/1243/350
f 1334/1243/350 1306/1242/350 1307/1244/351
f 1334/1243/350 1307/1244/351 1333/1245/351
f 1333/1245/351 1307/1244/351 1308/1246/269
f 1333/1245/351 1308/1246/269 1332/1247/269
f 1332/1247/269 1308/1246/269 1309/1248/352
f 1332/1247/269 1309/1248/352 1331/1249/352
f 1331/1249/352 1309/1248/352 1310/1250/353
f 1331/1249/352 1310/1250/353 1330/1251/354
f 1330/1251/354 1310/1250/353 1311/1252/355
f 1330/1251/354 1311/1252/355 1329/1253/355
f 1329/1253/355 1311/1252/355 1312/1254/356
f 1329/1253/355 1312/1254/356 1328/1255/357
f 1328/1255/357 1312/1254/356 1313/1256/358
f 1328/1255/357 1313/1256/358 1327/1257/359
f 1327/1257/359 1313/1256/358 1314/1258/360
f 1327/1257/359 1314/1258/360 1326/1259/360
f 1326/1259/360 1314/1258/360 1315/1260/361
f 1326/1259/360 1315/1260/361 1325/1261/361
f 1325/1261/361 1315/1260/361 1316/1262/362
f 1325/1261/361 1316/1262/362 1324/1263/362
f 1324/1263/362 1316/1262/362 1317/1264/363
f 1324/1263/362 1317/1264/363 1323/1265/363
f 1323/1265/363 1317/1264/363 1318/1266/364
f 1323/1265/363 1318/1266/364 1322/1267/364
f 1322/1267/364 1318/1266/364 1319/1268/365
f 1322/1267/364 1319/1268/365 1321/1269/365
f 1321/1269/365 1319/1268/365 1243/1270/270
f 1321/1269/365 1243/1270/270 1320/1271/270
f 1398/996/70 1444/997/70 1397/998/35
f 1397/998/35 1444/997/70 1421/999/35
f 1397/1000/35 1421/1001/35 1420/1002/69
f 1420/1002/69 1421/1001/35 1422/1003/69
f 1420/1002/69 1422/1003/69 1419/1004/88
f 1419/1004/88 1422/1003/69 1423/1005/88
f 1419/1004/88 1423/1005/88 1418/1006/87
f 1418/1006/87 1423/1005/88 1424/1007/87
f 1418/1006/87 1424/1007/87 1417/1008/86
f 1417/1008/86 1424/1007/87 1425/1009/86
f 1417/1008/86 1425/1009/86 1416/1010/85
f 1416/1010/85 1425/1009/86 1426/1011/85
f 1416/1010/85 1426/1011/85 1415/1012/84
f 1415/1012/84 1426/1011/85 1427/1013/84
f 1415/1012/84 1427/1013/84 1414/1014/83
f 1414/1014/83 1427/1013/84 1428/1015/83
f 1414/1014/83 1428/1015/83 1413/1016/46
f 1413/1016/46 1428/1015/83 1429/1017/46
f 1413/1016/46 1429/1017/46 1412/1018/82
f 1412/1018/82 1429/1017/46 1430/1019/82
f 1412/1018/82 1430/1019/82 1411/1020/81
f 1411/1020/81 1430/1019/82 1431/1021/81
f 1411/1020/81 1431/1021/81 1410/1022/80
f 1410/1022/80 1431/1021/81 1432/1023/80
f 1410/1022/80 1432/1023/80 1409/1024/3
f 1409/1024/3 1432/1023/80 1433/1025/3
f 1409/1024/3 1433/1025/3 1408/1026/79
f 1408/1026/79 1433/1025/3 1434/1027/79
f 1408/1026/79 1434/1027/79 1407/1028/78
f 1407/1028/78 1434/1027/79 1435/1029/78
f 1407/1028/78 1435/1029/78 1406/1030/77
f 1406/1030/77 1435/1029/78 1436/1031/77
f 1406/1030/77 1436/1031/77 1405/1032/59
f 1405/1032/59 1436/1031/77 1437/1033/59
f 1405/1032/59 1437/1033/59 1404/1034/76
f 1404/1034/76 1437/1033/59 1438/1035/76
f 1404/1034/76 1438/1035/76 1403/1036/75
f 1403/1036/75 1438/1035/76 1439/1037/75
f 1403/1036/75 1439/1037/75 1402/1038/74
f 1402/1038/74 1439/1037/75 1440/1039/74
f 1402/1038/74 1440/1039/74 1401/1040/73
f 1401/1040/73 1440/1039/74 1441/1041/73
f 1401/1040/73 1441/1041/73 1400/1042/72
f 1400/1042/72 1441/1041/73 1442/1043/72
f 1400/1042/72 1442/1043/72 1399/1044/71
f 1399/1044/71 1442/1043/72 1443/1045/71
f 1399/1044/71 1443/1045/71 1398/996/70
f 1398/996/70 1443/1045/71 1444/997/70
f 1446/1272/34 1510/1273/34 1445/1274/35
f 1445/1274/35 1510/1273/34 1478/1275/35
f 1445/1276/35 1478/1277/35 1477/1278/36
f 1477/1278/36 1478/1277/35 1479/1279/36
f 1477/1278/36 1479/1279/36 1476/1280/37
f 1476/1280/37 1479/1279/36 1480/1281/37
f 1476/1280/37 1480/1281/37 1475/1282/38
f 1475/1282/38 1480/1281/37 1481/1283/38
f 1475/1282/38 1481/1283/38 1474/1284/39
f 1474/1284/39 1481/1283/38 1482/1285/39
f 1474/1284/39 1482/1285/39 1473/1286/40
f 1473/1286/40 1482/1285/39 1483/1287/40
f 1473/1286/40 1483/1287/40 1472/1288/41
f 1472/1288/41 1483/1287/40 1484/1289/41
f 1472/1288/41 1484/1289/41 1471/1290/42
f 1471/1290/42 1484/1289/41 1485/1291/42
f 1471/1290/42 1485/1291/42 1470/1292/43
f 1470/1292/43 1485/1291/42 1486/1293/43
f 1470/1292/43 1486/1293/43 1469/1294/44
f 1469/1294/44 1486/1293/43 1487/1295/44
f 1469/1294/44 1487/1295/44 1468/1296/45
f 1468/1296/45 1487/1295/44 1488/1297/45
f 1468/1296/45 1488/1297/45 1467/1298/46
f 1467/1298/46 1488/1297/45 1489/1299/46
f 1467/1298/46 1489/1299/46 1466/1300/48
f 1466/1300/48 1489/1299/46 1490/1301/47
f 1466/1300/48 1490/1301/47 1465/1302/49
f 1465/1302/49 1490/1301/47 1491/1303/49
f 1465/1302/49 1491/1303/49 1464/1304/50
f 1464/1304/50 1491/1303/49 1492/1305/50
f 1464/1304/50 1492/1305/50 1463/1306/51
f 1463/1306/51 1492/1305/50 1493/1307/51
f 1463/1306/51 1493/1307/51 1462/1308/52
f 1462/1308/52 1493/1307/51 1494/1309/52
f 1462/1308/52 1494/1309/52 1461/1310/53
f 1461/1310/53 1494/1309/52 1495/1311/53
f 1461/1310/53 1495/1311/53 1460/1312/54
f 1460/1312/54 1495/1311/53 1496/1313/54
f 1460/1312/54 1496/1313/54 1459/1314/55
f 1459/1314/55 1496/1313/54 1497/1315/55
f 1459/1314/55 1497/1315/55 1458/1316/56
f 1458/1316/56 1497/1315/55 1498/1317/56
f 1458/1316/56 1498/1317/56 1457/1318/58
f 1457/1318/58 1498/1317/56 1499/1319/57
f 1457/1318/58 1499/1319/57 1456/1320/59
f 1456/1320/59 1499/1319/57 1500/1321/59
f 1456/1320/59 1500/1321/59 1455/1322/60
f 1455/1322/60 1500/1321/59 1501/1323/60
f 1455/1322/60 1501/1323/60 1454/1324/61
f 1454/1324/61 1501/1323/60 1502/1325/61
f 1454/1324/61 1502/1325/61 1453/1326/62
f 1453/1326/62 1502/1325/61 1503/1327/62
f 1453/1326/62 1503/1327/62 1452/1328/63
f 1452/1328/63 1503/1327/62 1504/1329/63
f 1452/1328/63 1504/1329/63 1451/1330/64
f 1451/1330/64 1504/1329/63 1505/1331/64
f 1451/1330/64 1505/1331/64 1450/1332/65
f 1450/1332/65 1505/1331/64 1506/1333/65
f 1450/1332/65 1506/1333/65 1449/1334/66
f 1449/1334/66 1506/1333/65 1507/1335/66
f 1449/1334/66 1507/1335/66 1448/1336/67
f 1448/1336/67 1507/1335/66 1508/1337/67
f 1448/1336/67 1508/1337/67 1447/1338/68
f 1447/1338/68 1508/1337/67 1509/1339/68
f 1447/1338/68 1509/1339/68 1446/1272/34
f 1446/1272/34 1509/1339/68 1510/1273/34
f 1512/1340/366 487/1341/366 1511/1342/35
f 1511/1342/35 487/1341/366 486/1343/35
f 1511/1344/35 486/1345/35 1537/1346/367
f 1537/1346/367 486/1345/35 512/1347/367
f 1537/1346/367 512/1347/367 1536/1348/368
f 1536/1348/368 512/1347/367 511/1349/368
f 1536/1348/368 511/1349/368 1535/1070/249
f 1535/1070/249 511/1349/368 510/1071/369
f 1535/1070/249 510/1071/369 1534/1350/370
f 1534/1350/370 510/1071/369 509/1351/370
f 1534/1350/370 509/1351/370 1533/1352/371
f 1533/1352/371 509/1351/370 508/1353/371
f 1533/1352/371 508/1353/371 1532/1354/252
f 1532/1354/252 508/1353/371 507/1355/372
f 1532/1354/252 507/1355/372 1531/1356/373
f 1531/1356/373 507/1355/372 506/1357/373
f 1531/1356/373 506/1357/373 1530/1358/374
f 1530/1358/374 506/1357/373 505/1359/374
f 1530/1358/374 505/1359/374 1529/1360/46
f 1529/1360/46 505/1359/374 504/1361/46
f 1529/1360/46 504/1361/46 1528/1362/375
f 1528/1362/375 504/1361/46 503/1363/375
f 1528/1362/375 503/1363/375 1527/1364/376
f 1527/1364/376 503/1363/375 502/1365/376
f 1527/1364/376 502/1365/376 1526/1366/257
f 1526/1366/257 502/1365/376 501/1367/257
f 1526/1366/257 501/1367/257 1525/1368/377
f 1525/1368/377 501/1367/257 500/1369/377
f 1525/1368/377 500/1369/377 1524/1370/378
f 1524/1370/378 500/1369/377 499/1371/378
f 1524/1370/378 499/1371/378 1523/1372/260
f 1523/1372/260 499/1371/378 498/1373/260
f 1523/1372/260 498/1373/260 1522/1374/379
f 1522/1374/379 498/1373/260 497/1375/379
f 1522/1374/379 497/1375/379 1521/1376/380
f 1521/1376/380 497/1375/379 496/1377/380
f 1521/1376/380 496/1377/380 1520/1378/59
f 1520/1378/59 496/1377/380 495/1379/59
f 1520/1378/59 495/1379/59 1519/1380/381
f 1519/1380/381 495/1379/59 494/1381/381
f 1519/1380/381 494/1381/381 1518/1382/382
f 1518/1382/382 494/1381/381 493/1383/382
f 1518/1382/382 493/1383/382 1517/1384/265
f 1517/1384/265 493/1383/382 492/1385/265
f 1517/1384/265 492/1385/265 1516/1386/383
f 1516/1386/383 492/1385/265 491/1387/383
f 1516/1386/383 491/1387/383 1515/1388/384
f 1515/1388/384 491/1387/383 490/1389/384
f 1515/1388/384 490/1389/384 1514/1100/268
f 1514/1100/268 490/1389/384 489/1101/268
f 1514/1100/268 489/1101/268 1513/1390/385
f 1513/1390/385 489/1101/268 488/1391/385
f 1513/1390/385 488/1391/385 1512/1340/366
f 1512/1340/366 488/1391/385 487/1341/366
f 1538/1025/386 1539/1392/387 1597/995/386
f 1597/995/386 1539/1392/387 1596/1393/388
f 1596/1393/388 1539/1392/387 1540/1394/389
f 1596/1393/388 1540/1394/389 1595/1395/390
f 1595/1395/390 1540/1394/389 1541/1396/391
f 1595/1395/390 1541/1396/391 1594/1397/392
f 1594/1397/392 1541/1396/391 1542/1398/393
f 1594/1397/392 1542/1398/393 1593/1399/394
f 1593/1399/394 1542/1398/393 1543/1400/395
f 1593/1399/394 1543/1400/395 1592/1401/396
f 1592/1401/396 1543/1400/395 1544/1402/397
f 1592/1401/396 1544/1402/397 1545/1403/398
f 1592/1401/396 1545/1403/398 1591/1404/399
f 1591/1404/399 1545/1403/398 1546/1405/400
f 1591/1404/399 1546/1405/400 1590/1406/401
f 1590/1406/401 1546/1405/400 1547/1407/402
f 1590/1406/401 1547/1407/402 1589/1408/403
f 1589/1408/403 1547/1407/402 1548/1409/404
f 1589/1408/403 1548/1409/404 1588/1410/405
f 1588/1410/405 1548/1409/404 1549/1411/406
f 1588/1410/405 1549/1411/406 1587/1412/407
f 1587/1412/407 1549/1411/406 1550/1413/408
f 1587/1412/407 1550/1413/408 1551/1414/409
f 1587/1412/407 1551/1414/409 1586/1415/410
f 1586/1415/410 1551/1414/409 1552/1416/411
f 1586/1415/410 1552/1416/411 1585/1417/412
f 1585/1417/412 1552/1416/411 1553/1418/413
f 1585/1417/412 1553/1418/413 1584/1419/414
f 1584/1419/414 1553/1418/413 1554/1420/415
f 1584/1419/414 1554/1420/415 1583/1421/416
f 1583/1421/416 1554/1420/415 1555/1422/417
f 1583/1421/416 1555/1422/417 1582/1423/418
f 1582/1423/418 1555/1422/417 1556/1424/419
f 1582/1423/418 1556/1424/419 1581/1425/420
f 1581/1425/420 1556/1424/419 1557/1426/421
f 1581/1425/420 1557/1426/421 1580/1427/422
f 1580/1427/422 1557/1426/421 1558/1428/423
f 1580/1427/422 1558/1428/423 1579/1429/424
f 1579/1429/424 1558/1428/423 1559/1430/425
f 1579/1429/424 1559/1430/425 1578/1431/426
f 1578/1431/426 1559/1430/425 1560/1432/427
f 1578/1431/426 1560/1432/427 1561/1433/428
f 1578/1431/426 1561/1433/428 1577/1434/429
f 1577/1434/429 1561/1433/428 1562/1435/430
f 1577/1434/429 1562/1435/430 1576/1436/431
f 1576/1436/431 1562/1435/430 1563/1437/432
f 1576/1436/431 1563/1437/432 1575/1438/433
f 1575/1438/433 1563/1437/432 1564/1439/434
f 1575/1438/433 1564/1439/434 1574/1440/435
f 1574/1440/435 1564/1439/434 1565/1441/436
f 1574/1440/435 1565/1441/436 1573/1442/437
f 1573/1442/437 1565/1441/436 1566/1443/438
f 1573/1442/437 1566/1443/438 1572/1444/439
f 1572/1444/439 1566/1443/438 1567/1445/440
f 1572/1444/439 1567/1445/440 1571/1446/441
f 1571/1446/441 1567/1445/440 1568/1447/442
f 1571/1446/441 1568/1447/442 1570/1448/443
f 1570/1448/443 1568/1447/442 1569/1449/444
f 1570/1448/443 1569/1449/444 900/1450/445
f 900/1450/445 1569/1449/444 901/1451/445
f 106/1452/35 105/1453/35 1599/995/35
f 1599/995/35 105/1453/35 1598/1454/35
f 91/1455/446 1600/1456/446 92/1457/447
f 92/1457/447 1600/1456/446 1601/1458/447
f 92/1457/447 1601/1458/447 93/1459/448
f 93/1459/448 1601/1458/447 1602/1460/448
f 93/1459/448 1602/1460/448 94/1461/449
f 94/1461/449 1602/1460/448 1603/1462/449
f 94/1461/449 1603/1462/449 95/1463/450
f 95/1463/450 1603/1462/449 1604/1464/450
f 95/1463/450 1604/1464/450 96/1465/451
f 96/1465/451 1604/1464/450 1605/1466/451
f 96/1465/451 1605/1466/451 97/1467/35
f 97/1467/35 1605/1466/451 1606/1000/35
f 97/1467/35 1606/1000/35 98/1468/452
f 98/1468/452 1606/1000/35 1607/1469/452
f 98/1468/452 1607/1469/452 99/1470/453
f 99/1470/453 1607/1469/452 1608/1471/453
f 99/1470/453 1608/1471/453 100/1472/454
f 100/1472/454 1608/1471/453 1609/1473/454
f 100/1472/454 1609/1473/454 101/1474/455
f 101/1474/455 1609/1473/454 1610/1475/455
f 101/1474/455 1610/1475/455 102/1476/456
f 102/1476/456 1610/1475/455 1611/1477/456
f 102/1476/456 1611/1477/456 103/1478/457
f 103/1478/457 1611/1477/456 1612/1479/457
f 536/1480/1 1431/1481/1 513/1482/1
f 513/1482/1 1431/1481/1 1430/1483/1
f 513/1482/1 1430/1483/1 1637/1484/1
f 1637/1484/1 1430/1483/1 1429/1485/1
f 1637/1484/1 1429/1485/1 1636/1486/1
f 1636/1486/1 1429/1485/1 1428/1487/1
f 1636/1486/1 1428/1487/1 1427/1488/1
f 1431/1481/1 536/1480/1 1432/1489/1
f 1432/1489/1 536/1480/1 535/1490/1
f 1432/1489/1 535/1490/1 534/1491/1
f 1432/1489/1 534/1491/1 1433/1492/1
f 1433/1492/1 534/1491/1 533/1493/1
f 1433/1492/1 533/1493/1 1434/1494/1
f 1434/1494/1 533/1493/1 532/1495/1
f 1434/1494/1 532/1495/1 971/1496/1
f 971/1496/1 532/1495/1 972/1497/1
f 972/1497/1 532/1495/1 531/1498/1
f 972/1497/1 531/1498/1 530/1499/1
f 972/1497/1 530/1499/1 973/1500/1
f 973/1500/1 530/1499/1 529/1501/1
f 973/1500/1 529/1501/1 974/1502/1
f 974/1502/1 529/1501/1 564/1503/1
f 974/1502/1 564/1503/1 563/1504/1
f 529/1501/1 528/1505/1 564/1503/1
f 564/1503/1 528/1505/1 565/1506/1
f 565/1506/1 528/1505/1 527/1507/1
f 565/1506/1 527/1507/1 566/1508/1
f 566/1508/1 527/1507/1 567/1509/1
f 567/1509/1 527/1507/1 526/1510/1
f 567/1509/1 526/1510/1 1639/1511/1
f 1639/1511/1 526/1510/1 525/1512/1
f 1639/1511/1 525/1512/1 524/1513/1
f 524/1513/1 523/1514/1 1639/1511/1
f 1639/1511/1 523/1514/1 1638/1515/1
f 1638/1515/1 523/1514/1 522/1516/1
f 1638/1515/1 522/1516/1 521/1517/1
f 521/1517/1 520/1518/1 1638/1515/1
f 1638/1515/1 520/1518/1 519/1519/1
f 1638/1515/1 519/1519/1 518/1520/1
f 518/1520/1 517/1521/1 1638/1515/1
f 1638/1515/1 517/1521/1 1637/1484/1
f 1637/1484/1 517/1521/1 516/1522/1
f 1637/1484/1 516/1522/1 515/1523/1
f 515/1523/1 514/1524/1 1637/1484/1
f 1637/1484/1 514/1524/1 513/1482/1
f 584/1525/1 977/1526/1 561/1527/1
f 561/1527/1 977/1526/1 976/1528/1
f 561/1527/1 976/1528/1 562/1529/1
f 562/1529/1 976/1528/1 975/1530/1
f 562/1529/1 975/1530/1 563/1504/1
f 563/1504/1 975/1530/1 974/1502/1
f 584/1525/1 583/1531/1 977/1526/1
f 977/1526/1 583/1531/1 978/1532/1
f 978/1532/1 583/1531/1 582/1533/1
f 978/1532/1 582/1533/1 1486/1534/1
f 1486/1534/1 582/1533/1 1487/1535/1
f 1487/1535/1 582/1533/1 581/1536/1
f 1487/1535/1 581/1536/1 580/1537/1
f 1487/1535/1 580/1537/1 1488/1538/1
f 1488/1538/1 580/1537/1 579/1539/1
f 1488/1538/1 579/1539/1 578/1540/1
f 1488/1538/1 578/1540/1 1489/1541/1
f 1489/1541/1 578/1540/1 577/1542/1
f 1489/1541/1 577/1542/1 576/1543/1
f 1489/1541/1 576/1543/1 1490/1544/1
f 1490/1544/1 576/1543/1 575/1545/1
f 1490/1544/1 575/1545/1 1491/1546/1
f 1491/1546/1 575/1545/1 574/1547/1
f 1491/1546/1 574/1547/1 614/1548/1
f 614/1548/1 574/1547/1 615/1549/1
f 615/1549/1 574/1547/1 573/1550/1
f 615/1549/1 573/1550/1 616/1551/1
f 616/1551/1 573/1550/1 617/1552/1
f 617/1552/1 573/1550/1 1613/1553/1
f 617/1552/1 1613/1553/1 618/1554/1
f 618/1554/1 1613/1553/1 619/1555/1
f 619/1555/1 1613/1553/1 620/1556/1
f 620/1556/1 1613/1553/1 1174/1557/1
f 620/1556/1 1174/1557/1 621/1558/1
f 621/1558/1 1174/1557/1 1173/1559/1
f 621/1558/1 1173/1559/1 1172/1560/1
f 573/1550/1 572/1561/1 1613/1553/1
f 1613/1553/1 572/1561/1 1642/1562/1
f 1642/1562/1 572/1561/1 571/1563/1
f 1642/1562/1 571/1563/1 1641/1564/1
f 1641/1564/1 571/1563/1 570/1565/1
f 1641/1564/1 570/1565/1 569/1566/1
f 1641/1564/1 569/1566/1 1640/1567/1
f 1640/1567/1 569/1566/1 568/1568/1
f 1640/1567/1 568/1568/1 567/1509/1
f 632/1569/1 1495/1570/1 609/1571/1
f 609/1571/1 1495/1570/1 1494/1572/1
f 609/1571/1 1494/1572/1 610/1573/1
f 610/1573/1 1494/1572/1 611/1574/1
f 611/1574/1 1494/1572/1 1493/1575/1
f 611/1574/1 1493/1575/1 612/1576/1
f 612/1576/1 1493/1575/1 1492/1577/1
f 612/1576/1 1492/1577/1 613/1578/1
f 613/1578/1 1492/1577/1 614/1548/1
f 614/1548/1 1492/1577/1 1491/1546/1
f 632/1569/1 631/1579/1 1495/1570/1
f 1495/1570/1 631/1579/1 1496/1580/1
f 1496/1580/1 631/1579/1 630/1581/1
f 1496/1580/1 630/1581/1 1167/1582/1
f 1167/1582/1 630/1581/1 629/1583/1
f 1167/1582/1 629/1583/1 1168/1584/1
f 1168/1584/1 629/1583/1 628/1585/1
f 1168/1584/1 628/1585/1 627/1586/1
f 1168/1584/1 627/1586/1 1169/1587/1
f 1169/1587/1 627/1586/1 626/1588/1
f 1169/1587/1 626/1588/1 625/1589/1
f 1169/1587/1 625/1589/1 1170/1590/1
f 1170/1590/1 625/1589/1 624/1591/1
f 1170/1590/1 624/1591/1 623/1592/1
f 1170/1590/1 623/1592/1 1171/1593/1
f 1171/1593/1 623/1592/1 622/1594/1
f 1171/1593/1 622/1594/1 1172/1560/1
f 1172/1560/1 622/1594/1 621/1558/1
f 776/1595/1 950/1596/1 753/1597/1
f 753/1597/1 950/1596/1 949/1598/1
f 753/1597/1 949/1598/1 948/1599/1
f 950/1596/1 776/1595/1 951/1600/1
f 951/1600/1 776/1595/1 775/1601/1
f 951/1600/1 775/1601/1 952/1602/1
f 952/1602/1 775/1601/1 774/1603/1
f 952/1602/1 774/1603/1 953/1604/1
f 953/1604/1 774/1603/1 1237/1605/1
f 953/1604/1 1237/1605/1 954/1606/1
f 954/1606/1 1237/1605/1 1236/1607/1
f 954/1606/1 1236/1607/1 955/1608/1
f 955/1608/1 1236/1607/1 1235/1609/1
f 955/1608/1 1235/1609/1 956/1610/1
f 956/1610/1 1235/1609/1 1234/1611/1
f 956/1610/1 1234/1611/1 1233/1612/1
f 1237/1605/1 774/1603/1 1238/1613/1
f 1238/1613/1 774/1603/1 773/1614/1
f 1238/1613/1 773/1614/1 1239/1615/1
f 1239/1615/1 773/1614/1 772/1616/1
f 1239/1615/1 772/1616/1 1240/1617/1
f 1240/1617/1 772/1616/1 771/1618/1
f 1240/1617/1 771/1618/1 1545/1619/1
f 1545/1619/1 771/1618/1 1546/1620/1
f 1546/1620/1 771/1618/1 770/1621/1
f 1546/1620/1 770/1621/1 1547/1622/1
f 1547/1622/1 770/1621/1 769/1623/1
f 1547/1622/1 769/1623/1 768/1624/1
f 1547/1622/1 768/1624/1 1548/1625/1
f 1548/1625/1 768/1624/1 767/1626/1
f 1548/1625/1 767/1626/1 1549/1627/1
f 1549/1627/1 767/1626/1 766/1628/1
f 1549/1627/1 766/1628/1 1550/1629/1
f 1550/1629/1 766/1628/1 765/1630/1
f 1550/1629/1 765/1630/1 1551/1631/1
f 1551/1631/1 765/1630/1 764/1632/1
f 1551/1631/1 764/1632/1 1552/1633/1
f 1552/1633/1 764/1632/1 763/1634/1
f 1552/1633/1 763/1634/1 762/1635/1
f 761/1636/1 818/1637/1 762/1635/1
f 762/1635/1 818/1637/1 1553/1638/1
f 762/1635/1 1553/1638/1 1552/1633/1
f 818/1637/1 761/1636/1 819/1639/1
f 819/1639/1 761/1636/1 760/1640/1
f 819/1639/1 760/1640/1 820/1641/1
f 820/1641/1 760/1640/1 759/1642/1
f 820/1641/1 759/1642/1 821/1643/1
f 821/1643/1 759/1642/1 758/1644/1
f 821/1643/1 758/1644/1 822/1645/1
f 822/1645/1 758/1644/1 757/1646/1
f 822/1645/1 757/1646/1 1009/1647/1
f 1009/1647/1 757/1646/1 945/1648/1
f 945/1648/1 757/1646/1 756/1649/1
f 945/1648/1 756/1649/1 946/1650/1
f 946/1650/1 756/1649/1 755/1651/1
f 946/1650/1 755/1651/1 947/1652/1
f 947/1652/1 755/1651/1 754/1653/1
f 947/1652/1 754/1653/1 948/1599/1
f 948/1599/1 754/1653/1 753/1597/1
f 824/1654/1 1248/1655/1 801/1656/1
f 801/1656/1 1248/1655/1 1247/1657/1
f 801/1656/1 1247/1657/1 1246/1658/1
f 823/1659/1 1007/1660/1 824/1654/1
f 824/1654/1 1007/1660/1 1006/1661/1
f 824/1654/1 1006/1661/1 1249/1662/1
f 1249/1662/1 1006/1661/1 1005/1663/1
f 1249/1662/1 1005/1663/1 1250/1664/1
f 1250/1664/1 1005/1663/1 1004/1665/1
f 1250/1664/1 1004/1665/1 1251/1666/1
f 1251/1666/1 1004/1665/1 1003/1667/1
f 1251/1666/1 1003/1667/1 1002/1668/1
f 822/1645/1 1009/1647/1 823/1659/1
f 823/1659/1 1009/1647/1 1008/1669/1
f 823/1659/1 1008/1669/1 1007/1660/1
f 818/1637/1 817/1670/1 1553/1638/1
f 1553/1638/1 817/1670/1 1554/1671/1
f 1554/1671/1 817/1670/1 816/1672/1
f 1554/1671/1 816/1672/1 1555/1673/1
f 1555/1673/1 816/1672/1 815/1674/1
f 1555/1673/1 815/1674/1 1556/1675/1
f 1556/1675/1 815/1674/1 814/1676/1
f 1556/1675/1 814/1676/1 813/1677/1
f 1556/1675/1 813/1677/1 1557/1678/1
f 1557/1678/1 813/1677/1 812/1679/1
f 1557/1678/1 812/1679/1 1558/1680/1
f 1558/1680/1 812/1679/1 811/1681/1
f 1558/1680/1 811/1681/1 1559/1682/1
f 1559/1682/1 811/1681/1 810/1683/1
f 1559/1682/1 810/1683/1 809/1684/1
f 1559/1682/1 809/1684/1 1560/1685/1
f 1560/1685/1 809/1684/1 808/1686/1
f 1560/1685/1 808/1686/1 1561/1687/1
f 1561/1687/1 808/1686/1 807/1688/1
f 1561/1687/1 807/1688/1 1562/1689/1
f 1562/1689/1 807/1688/1 662/1690/1
f 1562/1689/1 662/1690/1 661/1691/1
f 807/1688/1 806/1692/1 662/1690/1
f 662/1690/1 806/1692/1 1315/1693/1
f 662/1690/1 1315/1693/1 1314/1694/1
f 1315/1693/1 806/1692/1 1316/1695/1
f 1316/1695/1 806/1692/1 805/1696/1
f 1316/1695/1 805/1696/1 1317/1697/1
f 1317/1697/1 805/1696/1 1318/1698/1
f 1318/1698/1 805/1696/1 804/1699/1
f 1318/1698/1 804/1699/1 1319/1700/1
f 1319/1700/1 804/1699/1 1243/1701/1
f 1243/1701/1 804/1699/1 803/1702/1
f 1243/1701/1 803/1702/1 1244/1703/1
f 1244/1703/1 803/1702/1 802/1704/1
f 1244/1703/1 802/1704/1 1245/1705/1
f 1245/1705/1 802/1704/1 1246/1658/1
f 1246/1658/1 802/1704/1 801/1656/1
f 1614/1706/1 1177/1707/1 1613/1553/1
f 1613/1553/1 1177/1707/1 1176/1708/1
f 1613/1553/1 1176/1708/1 1175/1709/1
f 1615/1710/1 1182/1711/1 1614/1706/1
f 1614/1706/1 1182/1711/1 1181/1712/1
f 1614/1706/1 1181/1712/1 1180/1713/1
f 1182/1711/1 1615/1710/1 1183/1714/1
f 1183/1714/1 1615/1710/1 1616/1715/1
f 1183/1714/1 1616/1715/1 1184/1716/1
f 1184/1716/1 1616/1715/1 1617/1717/1
f 1184/1716/1 1617/1717/1 1185/1718/1
f 1185/1718/1 1617/1717/1 1618/1719/1
f 1185/1718/1 1618/1719/1 1186/1720/1
f 1186/1720/1 1618/1719/1 1619/1721/1
f 1186/1720/1 1619/1721/1 1187/1722/1
f 1187/1722/1 1619/1721/1 1620/1723/1
f 1187/1722/1 1620/1723/1 1188/1724/1
f 1188/1724/1 1620/1723/1 1276/1725/1
f 1188/1724/1 1276/1725/1 1275/1726/1
f 1621/1727/1 939/1728/1 1620/1723/1
f 1620/1723/1 939/1728/1 938/1729/1
f 1620/1723/1 938/1729/1 1276/1725/1
f 1276/1725/1 938/1729/1 1277/1730/1
f 1277/1730/1 938/1729/1 937/1731/1
f 1277/1730/1 937/1731/1 1278/1732/1
f 1278/1732/1 937/1731/1 936/1733/1
f 1278/1732/1 936/1733/1 1279/1734/1
f 1279/1734/1 936/1733/1 1280/1735/1
f 1280/1735/1 936/1733/1 935/1736/1
f 1280/1735/1 935/1736/1 1281/1737/1
f 1281/1737/1 935/1736/1 1282/1738/1
f 1282/1738/1 935/1736/1 934/1739/1
f 1282/1738/1 934/1739/1 1283/1740/1
f 1283/1740/1 934/1739/1 933/1741/1
f 1283/1740/1 933/1741/1 1284/1742/1
f 1284/1742/1 933/1741/1 1285/1743/1
f 1285/1743/1 933/1741/1 932/1744/1
f 1285/1743/1 932/1744/1 1286/1745/1
f 1286/1745/1 932/1744/1 931/1746/1
f 1286/1745/1 931/1746/1 1287/1747/1
f 1287/1747/1 931/1746/1 1288/1748/1
f 1288/1748/1 931/1746/1 930/1749/1
f 1288/1748/1 930/1749/1 1289/1750/1
f 1289/1750/1 930/1749/1 929/1751/1
f 1289/1750/1 929/1751/1 1290/1752/1
f 1290/1752/1 929/1751/1 928/1753/1
f 1290/1752/1 928/1753/1 1291/1754/1
f 1291/1754/1 928/1753/1 1292/1755/1
f 1292/1755/1 928/1753/1 927/1756/1
f 1292/1755/1 927/1756/1 1293/1757/1
f 1293/1757/1 927/1756/1 1294/1758/1
f 1294/1758/1 927/1756/1 926/1759/1
f 1294/1758/1 926/1759/1 1295/1760/1
f 1295/1760/1 926/1759/1 1296/1761/1
f 1296/1761/1 926/1759/1 925/1762/1
f 1296/1761/1 925/1762/1 1297/1763/1
f 1297/1763/1 925/1762/1 718/1764/1
f 1297/1763/1 718/1764/1 1298/1765/1
f 1298/1765/1 718/1764/1 717/1766/1
f 1298/1765/1 717/1766/1 1299/1767/1
f 1299/1767/1 717/1766/1 1300/1768/1
f 1300/1768/1 717/1766/1 716/1769/1
f 1300/1768/1 716/1769/1 1301/1770/1
f 1301/1770/1 716/1769/1 715/1771/1
f 1301/1770/1 715/1771/1 1302/1772/1
f 1302/1772/1 715/1771/1 1303/1773/1
f 1303/1773/1 715/1771/1 714/1774/1
f 1303/1773/1 714/1774/1 1304/1775/1
f 1304/1775/1 714/1774/1 713/1776/1
f 1304/1775/1 713/1776/1 1305/1777/1
f 1305/1777/1 713/1776/1 712/1778/1
f 1305/1777/1 712/1778/1 1306/1779/1
f 1306/1779/1 712/1778/1 711/1780/1
f 1306/1779/1 711/1780/1 1307/1781/1
f 1307/1781/1 711/1780/1 710/1782/1
f 1307/1781/1 710/1782/1 709/1783/1
f 939/1728/1 1621/1727/1 940/1784/1
f 940/1784/1 1621/1727/1 1622/1785/1
f 940/1784/1 1622/1785/1 941/1786/1
f 941/1786/1 1622/1785/1 1623/1787/1
f 941/1786/1 1623/1787/1 1624/1788/1
f 941/1786/1 1624/1788/1 942/1789/1
f 942/1789/1 1624/1788/1 1625/1790/1
f 942/1789/1 1625/1790/1 1626/1791/1
f 1627/1792/1 943/1793/1 1626/1791/1
f 1626/1791/1 943/1793/1 942/1789/1
f 925/1762/1 924/1794/1 718/1764/1
f 718/1764/1 924/1794/1 719/1795/1
f 719/1795/1 924/1794/1 923/1796/1
f 719/1795/1 923/1796/1 922/1797/1
f 719/1795/1 922/1797/1 720/1798/1
f 720/1798/1 922/1797/1 921/1799/1
f 720/1798/1 921/1799/1 920/1800/1
f 920/1800/1 919/1801/1 720/1798/1
f 720/1798/1 919/1801/1 918/1802/1
f 720/1798/1 918/1802/1 917/1803/1
f 917/1803/1 916/1804/1 720/1798/1
f 720/1798/1 916/1804/1 721/1805/1
f 721/1805/1 916/1804/1 915/1806/1
f 721/1805/1 915/1806/1 914/1807/1
f 914/1807/1 913/1808/1 721/1805/1
f 721/1805/1 913/1808/1 722/1809/1
f 722/1809/1 913/1808/1 912/1810/1
f 722/1809/1 912/1810/1 911/1811/1
f 722/1809/1 911/1811/1 723/1812/1
f 723/1812/1 911/1811/1 910/1813/1
f 723/1812/1 910/1813/1 724/1814/1
f 724/1814/1 910/1813/1 909/1815/1
f 724/1814/1 909/1815/1 908/1816/1
f 724/1814/1 908/1816/1 725/1817/1
f 725/1817/1 908/1816/1 907/1818/1
f 725/1817/1 907/1818/1 726/1819/1
f 726/1819/1 907/1818/1 906/1820/1
f 726/1819/1 906/1820/1 727/1821/1
f 727/1821/1 906/1820/1 905/1822/1
f 727/1821/1 905/1822/1 728/1823/1
f 728/1823/1 905/1822/1 904/1824/1
f 728/1823/1 904/1824/1 705/1825/1
f 705/1825/1 904/1824/1 903/1826/1
f 705/1825/1 903/1826/1 706/1827/1
f 706/1827/1 903/1826/1 902/1828/1
f 706/1827/1 902/1828/1 901/1829/1
f 1569/1830/1 674/1831/1 901/1829/1
f 901/1829/1 674/1831/1 707/1832/1
f 901/1829/1 707/1832/1 706/1827/1
f 1568/1833/1 676/1834/1 1569/1830/1
f 1569/1830/1 676/1834/1 675/1835/1
f 1569/1830/1 675/1835/1 674/1831/1
f 1567/1836/1 678/1837/1 1568/1833/1
f 1568/1833/1 678/1837/1 677/1838/1
f 1568/1833/1 677/1838/1 676/1834/1
f 678/1837/1 1567/1836/1 679/1839/1
f 679/1839/1 1567/1836/1 1566/1840/1
f 679/1839/1 1566/1840/1 680/1841/1
f 680/1841/1 1566/1840/1 657/1842/1
f 657/1842/1 1566/1840/1 1565/1843/1
f 657/1842/1 1565/1843/1 658/1844/1
f 658/1844/1 1565/1843/1 1564/1845/1
f 658/1844/1 1564/1845/1 659/1846/1
f 659/1846/1 1564/1845/1 660/1847/1
f 660/1847/1 1564/1845/1 1563/1848/1
f 660/1847/1 1563/1848/1 661/1691/1
f 661/1691/1 1563/1848/1 1562/1689/1
f 1240/1617/1 1545/1619/1 1241/1849/1
f 1241/1849/1 1545/1619/1 1544/1850/1
f 1241/1849/1 1544/1850/1 1242/1851/1
f 1242/1851/1 1544/1850/1 1543/1852/1
f 1242/1851/1 1543/1852/1 1219/1853/1
f 1219/1853/1 1543/1852/1 1542/1854/1
f 1219/1853/1 1542/1854/1 1541/1855/1
f 1219/1853/1 1541/1855/1 1220/1856/1
f 1220/1856/1 1541/1855/1 1540/1857/1
f 1220/1856/1 1540/1857/1 1221/1858/1
f 1221/1858/1 1540/1857/1 1539/1859/1
f 1221/1858/1 1539/1859/1 1222/1860/1
f 1222/1860/1 1539/1859/1 1538/1861/1
f 1222/1860/1 1538/1861/1 1223/1862/1
f 1223/1862/1 1538/1861/1 1628/1863/1
f 1223/1862/1 1628/1863/1 1224/1864/1
f 1224/1864/1 1628/1863/1 1225/1865/1
f 1225/1865/1 1628/1863/1 1629/1866/1
f 1225/1865/1 1629/1866/1 1226/1867/1
f 1226/1867/1 1629/1866/1 1227/1868/1
f 1227/1868/1 1629/1866/1 1630/1869/1
f 1227/1868/1 1630/1869/1 1228/1870/1
f 1228/1870/1 1630/1869/1 1229/1871/1
f 1229/1871/1 1630/1869/1 1100/1872/1
f 1229/1871/1 1100/1872/1 1099/1873/1
f 1630/1869/1 1631/1874/1 1100/1872/1
f 1100/1872/1 1631/1874/1 1101/1875/1
f 1101/1875/1 1631/1874/1 1102/1876/1
f 1102/1876/1 1631/1874/1 1103/1877/1
f 1103/1877/1 1631/1874/1 1632/1878/1
f 1103/1877/1 1632/1878/1 1104/1879/1
f 1104/1879/1 1632/1878/1 1105/1880/1
f 1105/1880/1 1632/1878/1 1633/1881/1
f 1105/1880/1 1633/1881/1 1106/1882/1
f 1106/1882/1 1633/1881/1 1107/1883/1
f 1107/1883/1 1633/1881/1 1108/1884/1
f 1108/1884/1 1633/1881/1 1634/1885/1
f 1108/1884/1 1634/1885/1 1109/1886/1
f 1109/1886/1 1634/1885/1 1422/1887/1
f 1109/1886/1 1422/1887/1 1110/1888/1
f 1110/1888/1 1422/1887/1 1421/1889/1
f 1110/1888/1 1421/1889/1 1111/1890/1
f 1111/1890/1 1421/1889/1 1444/1891/1
f 1111/1890/1 1444/1891/1 964/1892/1
f 964/1892/1 1444/1891/1 965/1893/1
f 965/1893/1 1444/1891/1 1443/1894/1
f 965/1893/1 1443/1894/1 1442/1895/1
f 1422/1887/1 1634/1885/1 1423/1896/1
f 1423/1896/1 1634/1885/1 1635/1897/1
f 1423/1896/1 1635/1897/1 1424/1898/1
f 1424/1898/1 1635/1897/1 1425/1899/1
f 1425/1899/1 1635/1897/1 1426/1900/1
f 1426/1900/1 1635/1897/1 1636/1486/1
f 1426/1900/1 1636/1486/1 1427/1488/1
f 1639/1511/1 1640/1567/1 567/1509/1
f 1251/1666/1 1002/1668/1 1252/1901/1
f 1252/1901/1 1002/1668/1 1001/1902/1
f 1252/1901/1 1001/1902/1 1253/1903/1
f 1253/1903/1 1001/1902/1 1000/1904/1
f 1253/1903/1 1000/1904/1 1254/1905/1
f 1254/1905/1 1000/1904/1 999/1906/1
f 1254/1905/1 999/1906/1 1255/1907/1
f 1255/1907/1 999/1906/1 998/1908/1
f 1255/1907/1 998/1908/1 1256/1909/1
f 1256/1909/1 998/1908/1 997/1910/1
f 1256/1909/1 997/1910/1 1257/1911/1
f 1257/1911/1 997/1910/1 453/1912/1
f 1257/1911/1 453/1912/1 485/1913/1
f 997/1910/1 996/1914/1 453/1912/1
f 453/1912/1 996/1914/1 454/1915/1
f 454/1915/1 996/1914/1 995/1916/1
f 454/1915/1 995/1916/1 455/1917/1
f 455/1917/1 995/1916/1 994/1918/1
f 455/1917/1 994/1918/1 456/1919/1
f 456/1919/1 994/1918/1 993/1920/1
f 456/1919/1 993/1920/1 457/1921/1
f 457/1921/1 993/1920/1 992/1922/1
f 457/1921/1 992/1922/1 458/1923/1
f 458/1923/1 992/1922/1 991/1924/1
f 458/1923/1 991/1924/1 459/1925/1
f 459/1925/1 991/1924/1 990/1926/1
f 459/1925/1 990/1926/1 460/1927/1
f 460/1927/1 990/1926/1 989/1928/1
f 460/1927/1 989/1928/1 461/1929/1
f 461/1929/1 989/1928/1 462/1930/1
f 462/1930/1 989/1928/1 988/1931/1
f 462/1930/1 988/1931/1 463/1932/1
f 463/1932/1 988/1931/1 987/1933/1
f 463/1932/1 987/1933/1 464/1934/1
f 464/1934/1 987/1933/1 986/1935/1
f 464/1934/1 986/1935/1 1478/1936/1
f 1478/1936/1 986/1935/1 1479/1937/1
f 1479/1937/1 986/1935/1 985/1938/1
f 1479/1937/1 985/1938/1 1480/1939/1
f 1480/1939/1 985/1938/1 984/1940/1
f 1480/1939/1 984/1940/1 1481/1941/1
f 1481/1941/1 984/1940/1 983/1942/1
f 1481/1941/1 983/1942/1 1482/1943/1
f 1482/1943/1 983/1942/1 982/1944/1
f 1482/1943/1 982/1944/1 1483/1945/1
f 1483/1945/1 982/1944/1 981/1946/1
f 1483/1945/1 981/1946/1 1484/1947/1
f 1484/1947/1 981/1946/1 980/1948/1
f 1484/1947/1 980/1948/1 1485/1949/1
f 1485/1949/1 980/1948/1 979/1950/1
f 1485/1949/1 979/1950/1 1486/1534/1
f 1486/1534/1 979/1950/1 978/1532/1
f 1434/1494/1 971/1496/1 1435/1951/1
f 1435/1951/1 971/1496/1 970/1952/1
f 1435/1951/1 970/1952/1 1436/1953/1
f 1436/1953/1 970/1952/1 969/1954/1
f 1436/1953/1 969/1954/1 1437/1955/1
f 1437/1955/1 969/1954/1 1438/1956/1
f 1438/1956/1 969/1954/1 968/1957/1
f 1438/1956/1 968/1957/1 1439/1958/1
f 1439/1958/1 968/1957/1 967/1959/1
f 1439/1958/1 967/1959/1 1440/1960/1
f 1440/1960/1 967/1959/1 1441/1961/1
f 1441/1961/1 967/1959/1 966/1962/1
f 1441/1961/1 966/1962/1 1442/1895/1
f 1442/1895/1 966/1962/1 965/1893/1
f 963/1963/1 1113/1964/1 964/1892/1
f 964/1892/1 1113/1964/1 1112/1965/1
f 964/1892/1 1112/1965/1 1111/1890/1
f 1113/1964/1 963/1963/1 1114/1966/1
f 1114/1966/1 963/1963/1 962/1967/1
f 1114/1966/1 962/1967/1 1115/1968/1
f 1115/1968/1 962/1967/1 1116/1969/1
f 1116/1969/1 962/1967/1 961/1970/1
f 1116/1969/1 961/1970/1 1117/1971/1
f 1117/1971/1 961/1970/1 1118/1972/1
f 1118/1972/1 961/1970/1 960/1973/1
f 1118/1972/1 960/1973/1 1119/1974/1
f 1119/1974/1 960/1973/1 959/1975/1
f 1119/1974/1 959/1975/1 1120/1976/1
f 1120/1976/1 959/1975/1 958/1977/1
f 1120/1976/1 958/1977/1 1121/1978/1
f 1121/1978/1 958/1977/1 1232/1979/1
f 1121/1978/1 1232/1979/1 1231/1980/1
f 958/1977/1 957/1981/1 1232/1979/1
f 1232/1979/1 957/1981/1 1233/1612/1
f 1233/1612/1 957/1981/1 956/1610/1
f 1122/1982/1 1231/1980/1 1099/1873/1
f 1099/1873/1 1231/1980/1 1230/1983/1
f 1099/1873/1 1230/1983/1 1229/1871/1
f 1122/1982/1 1121/1978/1 1231/1980/1
f 1194/1984/1 1268/1985/1 1159/1986/1
f 1159/1986/1 1268/1985/1 471/1987/1
f 1159/1986/1 471/1987/1 1160/1988/1
f 1160/1988/1 471/1987/1 470/1989/1
f 1160/1988/1 470/1989/1 1504/1990/1
f 1504/1990/1 470/1989/1 1505/1991/1
f 1505/1991/1 470/1989/1 469/1992/1
f 1505/1991/1 469/1992/1 1506/1993/1
f 1506/1993/1 469/1992/1 468/1994/1
f 1506/1993/1 468/1994/1 1507/1995/1
f 1507/1995/1 468/1994/1 467/1996/1
f 1507/1995/1 467/1996/1 1508/1997/1
f 1508/1997/1 467/1996/1 466/1998/1
f 1508/1997/1 466/1998/1 1509/1999/1
f 1509/1999/1 466/1998/1 465/2000/1
f 1509/1999/1 465/2000/1 1510/2001/1
f 1510/2001/1 465/2000/1 464/1934/1
f 1510/2001/1 464/1934/1 1478/1936/1
f 1193/2002/1 1270/2003/1 1194/1984/1
f 1194/1984/1 1270/2003/1 1269/2004/1
f 1194/1984/1 1269/2004/1 1268/1985/1
f 1270/2003/1 1193/2002/1 1271/2005/1
f 1271/2005/1 1193/2002/1 1192/2006/1
f 1271/2005/1 1192/2006/1 1272/2007/1
f 1272/2007/1 1192/2006/1 1191/2008/1
f 1272/2007/1 1191/2008/1 1273/2009/1
f 1273/2009/1 1191/2008/1 1190/2010/1
f 1273/2009/1 1190/2010/1 1274/2011/1
f 1274/2011/1 1190/2010/1 1189/2012/1
f 1274/2011/1 1189/2012/1 1275/1726/1
f 1275/1726/1 1189/2012/1 1188/1724/1
f 1180/1713/1 1179/2013/1 1614/1706/1
f 1614/1706/1 1179/2013/1 1178/2014/1
f 1614/1706/1 1178/2014/1 1177/1707/1
f 1175/1709/1 1174/1557/1 1613/1553/1
f 1496/1580/1 1167/1582/1 1497/2015/1
f 1497/2015/1 1167/1582/1 1166/2016/1
f 1497/2015/1 1166/2016/1 1498/2017/1
f 1498/2017/1 1166/2016/1 1165/2018/1
f 1498/2017/1 1165/2018/1 1499/2019/1
f 1499/2019/1 1165/2018/1 1164/2020/1
f 1499/2019/1 1164/2020/1 1500/2021/1
f 1500/2021/1 1164/2020/1 1163/2022/1
f 1500/2021/1 1163/2022/1 1501/2023/1
f 1501/2023/1 1163/2022/1 1162/2024/1
f 1501/2023/1 1162/2024/1 1502/2025/1
f 1502/2025/1 1162/2024/1 1161/2026/1
f 1502/2025/1 1161/2026/1 1503/2027/1
f 1503/2027/1 1161/2026/1 1160/1988/1
f 1503/2027/1 1160/1988/1 1504/1990/1
f 662/1690/1 1314/1694/1 663/2028/1
f 663/2028/1 1314/1694/1 1313/2029/1
f 663/2028/1 1313/2029/1 664/2030/1
f 664/2030/1 1313/2029/1 1312/2031/1
f 664/2030/1 1312/2031/1 665/2032/1
f 665/2032/1 1312/2031/1 666/2033/1
f 666/2033/1 1312/2031/1 1311/2034/1
f 666/2033/1 1311/2034/1 667/2035/1
f 667/2035/1 1311/2034/1 1310/2036/1
f 667/2035/1 1310/2036/1 668/2037/1
f 668/2037/1 1310/2036/1 1309/2038/1
f 668/2037/1 1309/2038/1 669/2039/1
f 669/2039/1 1309/2038/1 670/2040/1
f 670/2040/1 1309/2038/1 1308/2041/1
f 670/2040/1 1308/2041/1 671/2042/1
f 671/2042/1 1308/2041/1 1307/1781/1
f 671/2042/1 1307/1781/1 709/1783/1
f 471/1987/1 1268/1985/1 472/2043/1
f 472/2043/1 1268/1985/1 1267/2044/1
f 472/2043/1 1267/2044/1 473/2045/1
f 473/2045/1 1267/2044/1 1266/2046/1
f 473/2045/1 1266/2046/1 474/2047/1
f 474/2047/1 1266/2046/1 1265/2048/1
f 474/2047/1 1265/2048/1 475/2049/1
f 475/2049/1 1265/2048/1 1264/2050/1
f 475/2049/1 1264/2050/1 476/2051/1
f 476/2051/1 1264/2050/1 1263/2052/1
f 476/2051/1 1263/2052/1 477/2053/1
f 477/2053/1 1263/2052/1 1262/2054/1
f 477/2053/1 1262/2054/1 478/2055/1
f 478/2055/1 1262/2054/1 1261/2056/1
f 478/2055/1 1261/2056/1 479/2057/1
f 479/2057/1 1261/2056/1 480/2058/1
f 480/2058/1 1261/2056/1 1260/2059/1
f 480/2058/1 1260/2059/1 481/2060/1
f 481/2060/1 1260/2059/1 1259/2061/1
f 481/2060/1 1259/2061/1 482/2062/1
f 482/2062/1 1259/2061/1 483/2063/1
f 483/2063/1 1259/2061/1 1258/2064/1
f 483/2063/1 1258/2064/1 484/2065/1
f 484/2065/1 1258/2064/1 485/1913/1
f 485/1913/1 1258/2064/1 1257/1911/1
f 1249/1662/1 1248/1655/1 824/1654/1
f 671/2042/1 709/1783/1 672/2066/1
f 672/2066/1 709/1783/1 708/2067/1
f 672/2066/1 708/2067/1 673/2068/1
f 673/2068/1 708/2067/1 707/1832/1
f 673/2068/1 707/1832/1 674/1831/1
f 1614/2069/458 47/2070/458 1615/2071/459
f 1615/2071/459 47/2070/458 1655/2072/460
f 1615/2071/459 1655/2072/460 1616/2073/461
f 1616/2073/461 1655/2072/460 1656/2074/462
f 1616/2073/461 1656/2074/462 1617/2075/463
f 1617/2075/463 1656/2074/462 1657/2076/464
f 1617/2075/463 1657/2076/464 1618/2077/465
f 1618/2077/465 1657/2076/464 1658/2078/466
f 1618/2077/465 1658/2078/466 1619/2079/467
f 1619/2079/467 1658/2078/466 1659/2080/468
f 1619/2079/467 1659/2080/468 1620/2081/469
f 1620/2081/469 1659/2080/468 1660/2082/470
f 1620/2083/469 1660/2084/470 1621/2085/471
f 1621/2085/471 1660/2084/470 1661/2086/472
f 1621/2085/471 1661/2086/472 1622/2087/473
f 1622/2087/473 1661/2086/472 1662/2088/474
f 1622/2087/473 1662/2088/474 1623/2089/475
f 1623/2089/475 1662/2088/474 1663/2090/476
f 1623/2089/475 1663/2090/476 1624/2091/477
f 1624/2091/477 1663/2090/476 1664/2092/478
f 1624/2091/477 1664/2092/478 1625/2093/479
f 1625/2093/479 1664/2092/478 1665/2094/480
f 1625/2093/479 1665/2094/480 1626/2095/481
f 1626/2095/481 1665/2094/480 1666/2096/482
f 1626/2095/481 1666/2096/482 64/2097/483
f 64/2097/483 1666/2096/482 65/2098/484
f 65/2098/484 1666/2096/482 66/2099/485
f 66/2099/485 1666/2096/482 1667/2100/486
f 66/2099/485 1667/2100/486 67/2101/487
f 67/2101/487 1667/2100/486 1653/2102/488
f 1653/2102/488 1667/2100/486 1668/2103/489
f 1653/2102/488 1668/2103/489 1652/2104/490
f 1652/2104/490 1668/2103/489 1669/2105/491
f 1652/2104/490 1669/2105/491 1651/2106/492
f 1651/2106/492 1669/2105/491 1670/2107/493
f 1651/2106/492 1670/2107/493 1650/2108/494
f 1650/2108/494 1670/2107/493 1671/2109/495
f 1650/2108/494 1671/2109/495 1649/2110/496
f 1649/2110/496 1671/2109/495 1672/2111/497
f 1649/2110/496 1672/2111/497 1648/2112/3
f 1648/2112/3 1672/2111/497 1673/2113/498
f 1648/2112/3 1673/2113/498 1647/2114/499
f 1647/2114/499 1673/2113/498 1674/2115/500
f 1647/2114/499 1674/2115/500 1646/2116/501
f 1646/2116/501 1674/2115/500 1675/2117/502
f 1646/2116/501 1675/2117/502 1645/2118/503
f 1645/2118/503 1675/2117/502 1644/2119/504
f 1644/2119/504 1675/2117/502 1676/2120/505
f 1644/2119/504 1676/2120/505 1643/2121/506
f 1643/2121/506 1676/2120/505 1677/2122/507
f 1643/2121/506 1677/2122/507 44/2123/508
f 44/2123/508 1677/2122/507 1654/2124/458
f 44/2123/508 1654/2124/458 45/2125/509
f 45/2125/509 1654/2124/458 46/2126/510
f 46/2126/510 1654/2124/458 47/2070/458
f 47/2070/458 1654/2124/458 1655/2072/460
f 64/2097/483 1627/2127/483 1626/2095/481
f 1613/2128/35 48/2129/35 1614/2130/35
f 1614/2130/35 48/2129/35 47/2131/35
f 63/2132/35 943/2133/35 64/2134/35
f 64/2134/35 943/2133/35 1627/2135/35
f 357/2136/511 1695/2137/74 333/2138/512
f 333/2138/512 1695/2137/74 1696/2139/75
f 333/2138/512 1696/2139/75 1689/2140/513
f 1689/2140/513 1696/2139/75 1697/2141/76
f 1689/2140/513 1697/2141/76 1688/2142/514
f 1688/2142/514 1697/2141/76 1698/2143/59
f 1688/2142/514 1698/2143/59 1687/2144/515
f 1687/2144/515 1698/2143/59 1699/2145/77
f 1687/2144/515 1699/2145/77 1686/2146/516
f 1686/2146/516 1699/2145/77 1700/2147/78
f 1686/2146/516 1700/2147/78 1685/2148/517
f 1685/2148/517 1700/2147/78 1701/2149/79
f 1685/2148/517 1701/2149/79 1684/2150/518
f 1684/2150/518 1701/2149/79 1702/2112/3
f 1684/2150/518 1702/2112/3 1683/2151/519
f 1683/2151/519 1702/2112/3 1703/2152/80
f 1683/2151/519 1703/2152/80 1682/2153/520
f 1682/2153/520 1703/2152/80 1704/2154/81
f 1682/2153/520 1704/2154/81 1681/2155/521
f 1681/2155/521 1704/2154/81 1705/2156/82
f 1681/2155/521 1705/2156/82 1680/2157/522
f 1680/2157/522 1705/2156/82 1706/2158/46
f 1680/2157/522 1706/2158/46 1679/2159/523
f 1679/2159/523 1706/2158/46 1707/2160/83
f 1679/2159/523 1707/2160/83 1678/2161/524
f 1678/2161/524 1707/2160/83 1708/2162/84
f 1678/2161/524 1708/2162/84 346/2163/525
f 346/2163/525 1708/2162/84 1709/2164/526
f 346/2163/525 1709/2164/526 347/2165/527
f 347/2165/527 1709/2164/526 1710/2166/86
f 347/2165/527 1710/2166/86 348/2167/528
f 348/2167/528 1710/2166/86 1711/2168/87
f 348/2167/528 1711/2168/87 349/2169/529
f 349/2169/529 1711/2168/87 1712/2170/530
f 349/2169/529 1712/2170/530 350/2171/531
f 350/2171/531 1712/2170/530 1713/2172/532
f 350/2171/531 1713/2172/532 351/2173/533
f 351/2173/533 1713/2172/532 1690/2174/35
f 351/2173/533 1690/2174/35 352/2175/35
f 352/2176/35 1690/2177/35 353/2178/534
f 353/2178/534 1690/2177/35 1691/2179/535
f 353/2178/534 1691/2179/535 354/2180/536
f 354/2180/536 1691/2179/535 1692/2181/537
f 354/2180/536 1692/2181/537 355/2182/538
f 355/2182/538 1692/2181/537 1693/2183/539
f 355/2182/538 1693/2183/539 356/2184/540
f 356/2184/540 1693/2183/539 1694/2185/73
f 356/2184/540 1694/2185/73 357/2136/511
f 357/2136/511 1694/2185/73 1695/2137/74
f 332/2136/541 1731/2137/74 308/2138/542
f 308/2138/542 1731/2137/74 1732/2139/75
f 308/2138/542 1732/2139/75 1725/2140/513
f 1725/2140/513 1732/2139/75 1733/2141/76
f 1725/2140/513 1733/2141/76 1724/2142/543
f 1724/2142/543 1733/2141/76 1734/2143/59
f 1724/2142/543 1734/2143/59 1723/2144/515
f 1723/2144/515 1734/2143/59 1735/2145/77
f 1723/2144/515 1735/2145/77 1722/2146/516
f 1722/2146/516 1735/2145/77 1736/2147/78
f 1722/2146/516 1736/2147/78 1721/2148/544
f 1721/2148/544 1736/2147/78 1737/2149/79
f 1721/2148/544 1737/2149/79 1720/2150/518
f 1720/2150/518 1737/2149/79 1738/2112/3
f 1720/2150/518 1738/2112/3 1719/2151/519
f 1719/2151/519 1738/2112/3 1739/2152/80
f 1719/2151/519 1739/2152/80 1718/2153/545
f 1718/2153/545 1739/2152/80 1740/2154/81
f 1718/2153/545 1740/2154/81 1717/2155/521
f 1717/2155/521 1740/2154/81 1741/2156/82
f 1717/2155/521 1741/2156/82 1716/2157/522
f 1716/2157/522 1741/2156/82 1742/2158/46
f 1716/2157/522 1742/2158/46 1715/2159/523
f 1715/2159/523 1742/2158/46 1743/2160/83
f 1715/2159/523 1743/2160/83 1714/2161/524
f 1714/2161/524 1743/2160/83 1744/2162/84
f 1714/2161/524 1744/2162/84 321/2163/546
f 321/2163/546 1744/2162/84 1745/2164/85
f 321/2163/546 1745/2164/85 322/2165/527
f 322/2165/527 1745/2164/85 1746/2166/547
f 322/2165/527 1746/2166/547 323/2167/528
f 323/2167/528 1746/2166/547 1747/2168/87
f 323/2167/528 1747/2168/87 324/2169/548
f 324/2169/548 1747/2168/87 1748/2170/530
f 324/2169/548 1748/2170/530 325/2171/531
f 325/2171/531 1748/2170/530 1749/2172/532
f 325/2171/531 1749/2172/532 326/2173/533
f 326/2173/533 1749/2172/532 1726/2174/35
f 326/2173/533 1726/2174/35 327/2175/35
f 327/2176/35 1726/2177/35 328/2178/534
f 328/2178/534 1726/2177/35 1727/2179/549
f 328/2178/534 1727/2179/549 329/2180/550
f 329/2180/550 1727/2179/549 1728/2181/537
f 329/2180/550 1728/2181/537 330/2182/551
f 330/2182/551 1728/2181/537 1729/2183/72
f 330/2182/551 1729/2183/72 331/2184/552
f 331/2184/552 1729/2183/72 1730/2185/73
f 331/2184/552 1730/2185/73 332/2136/541
f 332/2136/541 1730/2185/73 1731/2137/74
f 307/2136/541 1767/2137/74 283/2138/512
f 283/2138/512 1767/2137/74 1768/2139/75
f 283/2138/512 1768/2139/75 1761/2140/513
f 1761/2140/513 1768/2139/75 1769/2141/76
f 1761/2140/513 1769/2141/76 1760/2142/543
f 1760/2142/543 1769/2141/76 1770/2143/59
f 1760/2142/543 1770/2143/59 1759/2144/515
f 1759/2144/515 1770/2143/59 1771/2145/77
f 1759/2144/515 1771/2145/77 1758/2146/516
f 1758/2146/516 1771/2145/77 1772/2147/78
f 1758/2146/516 1772/2147/78 1757/2148/517
f 1757/2148/517 1772/2147/78 1773/2149/79
f 1757/2148/517 1773/2149/79 1756/2150/518
f 1756/2150/518 1773/2149/79 1774/2112/3
f 1756/2150/518 1774/2112/3 1755/2151/519
f 1755/2151/519 1774/2112/3 1775/2152/80
f 1755/2151/519 1775/2152/80 1754/2153/520
f 1754/2153/520 1775/2152/80 1776/2154/81
f 1754/2153/520 1776/2154/81 1753/2155/521
f 1753/2155/521 1776/2154/81 1777/2156/82
f 1753/2155/521 1777/2156/82 1752/2157/522
f 1752/2157/522 1777/2156/82 1778/2158/46
f 1752/2157/522 1778/2158/46 1751/2159/523
f 1751/2159/523 1778/2158/46 1779/2160/83
f 1751/2159/523 1779/2160/83 1750/2161/524
f 1750/2161/524 1779/2160/83 1780/2162/84
f 1750/2161/524 1780/2162/84 296/2163/525
f 296/2163/525 1780/2162/84 1781/2164/85
f 296/2163/525 1781/2164/85 297/2165/527
f 297/2165/527 1781/2164/85 1782/2166/86
f 297/2165/527 1782/2166/86 298/2167/553
f 298/2167/553 1782/2166/86 1783/2168/87
f 298/2167/553 1783/2168/87 299/2169/548
f 299/2169/548 1783/2168/87 1784/2170/530
f 299/2169/548 1784/2170/530 300/2171/554
f 300/2171/554 1784/2170/530 1785/2172/532
f 300/2171/554 1785/2172/532 301/2173/533
f 301/2173/533 1785/2172/532 1762/2174/35
f 301/2173/533 1762/2174/35 302/2175/35
f 302/2176/35 1762/2177/35 303/2178/534
f 303/2178/534 1762/2177/35 1763/2179/535
f 303/2178/534 1763/2179/535 304/2180/536
f 304/2180/536 1763/2179/535 1764/2181/537
f 304/2180/536 1764/2181/537 305/2182/555
f 305/2182/555 1764/2181/537 1765/2183/72
f 305/2182/555 1765/2183/72 306/2184/552
f 306/2184/552 1765/2183/72 1766/2185/73
f 306/2184/552 1766/2185/73 307/2136/541
f 307/2136/541 1766/2185/73 1767/2137/74
f 282/2136/541 1803/2137/74 258/2138/542
f 258/2138/542 1803/2137/74 1804/2139/75
f 258/2138/542 1804/2139/75 1797/2140/513
f 1797/2140/513 1804/2139/75 1805/2141/76
f 1797/2140/513 1805/2141/76 1796/2142/543
f 1796/2142/543 1805/2141/76 1806/2143/59
f 1796/2142/543 1806/2143/59 1795/2144/515
f 1795/2144/515 1806/2143/59 1807/2145/77
f 1795/2144/515 1807/2145/77 1794/2146/516
f 1794/2146/516 1807/2145/77 1808/2147/78
f 1794/2146/516 1808/2147/78 1793/2148/544
f 1793/2148/544 1808/2147/78 1809/2149/79
f 1793/2148/544 1809/2149/79 1792/2150/518
f 1792/2150/518 1809/2149/79 1810/2112/3
f 1792/2150/518 1810/2112/3 1791/2151/519
f 1791/2151/519 1810/2112/3 1811/2152/80
f 1791/2151/519 1811/2152/80 1790/2153/545
f 1790/2153/545 1811/2152/80 1812/2154/81
f 1790/2153/545 1812/2154/81 1789/2155/521
f 1789/2155/521 1812/2154/81 1813/2156/82
f 1789/2155/521 1813/2156/82 1788/2157/522
f 1788/2157/522 1813/2156/82 1814/2158/46
f 1788/2157/522 1814/2158/46 1787/2159/523
f 1787/2159/523 1814/2158/46 1815/2160/83
f 1787/2159/523 1815/2160/83 1786/2161/524
f 1786/2161/524 1815/2160/83 1816/2162/84
f 1786/2161/524 1816/2162/84 271/2163/525
f 271/2163/525 1816/2162/84 1817/2164/556
f 271/2163/525 1817/2164/556 272/2165/527
f 272/2165/527 1817/2164/556 1818/2166/86
f 272/2165/527 1818/2166/86 273/2167/528
f 273/2167/528 1818/2166/86 1819/2168/87
f 273/2167/528 1819/2168/87 274/2169/529
f 274/2169/529 1819/2168/87 1820/2170/530
f 274/2169/529 1820/2170/530 275/2171/531
f 275/2171/531 1820/2170/530 1821/2172/557
f 275/2171/531 1821/2172/557 276/2173/533
f 276/2173/533 1821/2172/557 1798/2174/35
f 276/2173/533 1798/2174/35 277/2175/35
f 277/2176/35 1798/2177/35 278/2178/534
f 278/2178/534 1798/2177/35 1799/2179/549
f 278/2178/534 1799/2179/549 279/2180/558
f 279/2180/558 1799/2179/549 1800/2181/537
f 279/2180/558 1800/2181/537 280/2182/551
f 280/2182/551 1800/2181/537 1801/2183/72
f 280/2182/551 1801/2183/72 281/2184/559
f 281/2184/559 1801/2183/72 1802/2185/73
f 281/2184/559 1802/2185/73 282/2136/541
f 282/2136/541 1802/2185/73 1803/2137/74
f 257/2136/541 1839/2137/74 233/2138/512
f 233/2138/512 1839/2137/74 1840/2139/75
f 233/2138/512 1840/2139/75 1833/2140/513
f 1833/2140/513 1840/2139/75 1841/2141/76
f 1833/2140/513 1841/2141/76 1832/2142/543
f 1832/2142/543 1841/2141/76 1842/2143/59
f 1832/2142/543 1842/2143/59 1831/2144/515
f 1831/2144/515 1842/2143/59 1843/2145/77
f 1831/2144/515 1843/2145/77 1830/2146/516
f 1830/2146/516 1843/2145/77 1844/2147/78
f 1830/2146/516 1844/2147/78 1829/2148/517
f 1829/2148/517 1844/2147/78 1845/2149/79
f 1829/2148/517 1845/2149/79 1828/2150/518
f 1828/2150/518 1845/2149/79 1846/2112/3
f 1828/2150/518 1846/2112/3 1827/2151/519
f 1827/2151/519 1846/2112/3 1847/2152/80
f 1827/2151/519 1847/2152/80 1826/2153/520
f 1826/2153/520 1847/2152/80 1848/2154/81
f 1826/2153/520 1848/2154/81 1825/2155/521
f 1825/2155/521 1848/2154/81 1849/2156/82
f 1825/2155/521 1849/2156/82 1824/2157/522
f 1824/2157/522 1849/2156/82 1850/2158/46
f 1824/2157/522 1850/2158/46 1823/2159/523
f 1823/2159/523 1850/2158/46 1851/2160/83
f 1823/2159/523 1851/2160/83 1822/2161/524
f 1822/2161/524 1851/2160/83 1852/2162/84
f 1822/2161/524 1852/2162/84 246/2163/546
f 246/2163/546 1852/2162/84 1853/2164/85
f 246/2163/546 1853/2164/85 247/2165/560
f 247/2165/560 1853/2164/85 1854/2166/86
f 247/2165/560 1854/2166/86 248/2167/561
f 248/2167/561 1854/2166/86 1855/2168/562
f 248/2167/561 1855/2168/562 249/2169/548
f 249/2169/548 1855/2168/562 1856/2170/530
f 249/2169/548 1856/2170/530 250/2171/531
f 250/2171/531 1856/2170/530 1857/2172/532
f 250/2171/531 1857/2172/532 251/2173/533
f 251/2173/533 1857/2172/532 1834/2174/35
f 251/2173/533 1834/2174/35 252/2175/35
f 252/2176/35 1834/2177/35 253/2178/534
f 253/2178/534 1834/2177/35 1835/2179/535
f 253/2178/534 1835/2179/535 254/2180/536
f 254/2180/536 1835/2179/535 1836/2181/537
f 254/2180/536 1836/2181/537 255/2182/555
f 255/2182/555 1836/2181/537 1837/2183/72
f 255/2182/555 1837/2183/72 256/2184/559
f 256/2184/559 1837/2183/72 1838/2185/73
f 256/2184/559 1838/2185/73 257/2136/541
f 257/2136/541 1838/2185/73 1839/2137/74
f 1858/2186/35 1859/2187/35 90/2188/35
f 90/2188/35 1859/2187/35 1600/2189/35
f 90/2188/35 1600/2189/35 91/2190/35
f 1861/2191/563 1862/2192/564 1860/2193/563
f 1860/2193/563 1862/2192/564 1879/2194/565
f 1879/2194/565 1862/2192/564 43/2195/566
f 1879/2194/565 43/2195/566 1878/2196/567
f 1878/2196/567 43/2195/566 48/2197/568
f 1878/2196/567 48/2197/568 1877/2198/569
f 1877/2198/569 48/2197/568 1642/2199/569
f 1877/2198/569 1642/2199/569 1641/2200/570
f 48/2197/568 1613/2201/568 1642/2199/569
f 1877/2198/569 1641/2200/570 1876/2202/570
f 1876/2202/570 1641/2200/570 1640/2203/571
f 1876/2202/570 1640/2203/571 1875/2204/571
f 1875/2204/571 1640/2203/571 1639/2205/572
f 1875/2204/571 1639/2205/572 1874/2206/572
f 1874/2206/572 1639/2205/572 1638/2207/573
f 1874/2206/572 1638/2207/573 1873/2208/573
f 1873/2208/573 1638/2207/573 1637/2209/574
f 1873/2208/573 1637/2209/574 1872/2210/574
f 1872/2210/574 1637/2209/574 1636/2211/575
f 1872/2210/574 1636/2211/575 1871/2212/575
f 1871/2212/575 1636/2211/575 1635/2213/576
f 1871/2212/575 1635/2213/576 1870/2214/576
f 1870/2214/576 1635/2213/576 1634/2215/577
f 1870/2214/576 1634/2215/577 1869/2216/577
f 1869/2216/577 1634/2215/577 1633/2217/578
f 1869/2216/577 1633/2217/578 1868/2218/578
f 1868/2218/578 1633/2217/578 1632/2219/579
f 1868/2218/578 1632/2219/579 1867/2220/579
f 1867/2220/579 1632/2219/579 1631/2221/580
f 1867/2220/579 1631/2221/580 1866/2222/580
f 1866/2222/580 1631/2221/580 1630/2223/581
f 1866/2222/580 1630/2223/581 1865/2224/581
f 1865/2224/581 1630/2223/581 1629/2225/582
f 1865/2224/581 1629/2225/582 1864/2226/582
f 1864/2226/582 1629/2225/582 1628/2227/583
f 1864/2226/582 1628/2227/583 1863/2228/584
f 1863/2228/584 1628/2227/583 1538/1025/585
f 1863/2228/584 1538/1025/585 1597/995/585
f 1881/2229/35 78/2230/35 1880/2231/35
f 1880/2231/35 78/2230/35 1612/2232/35
f 1612/2232/35 78/2230/35 103/2233/35
f 1883/2234/586 1884/2235/587 1882/2236/586
f 1882/2236/586 1884/2235/587 1896/2237/588
f 1896/2237/588 1884/2235/587 1885/2238/589
f 1896/2237/588 1885/2238/589 1895/2239/590
f 1895/2239/590 1885/2238/589 1886/2240/591
f 1895/2239/590 1886/2240/591 1894/2241/592
f 1894/2241/592 1886/2240/591 1893/2242/593
f 1893/2242/593 1886/2240/591 1887/2243/594
f 1893/2242/593 1887/2243/594 1892/2244/595
f 1892/2244/595 1887/2243/594 1888/2245/596
f 1892/2244/595 1888/2245/596 52/2246/93
f 52/2246/93 1888/2245/596 1889/2247/597
f 52/2246/93 1889/2247/597 53/2248/598
f 53/2248/598 1889/2247/597 1890/2249/599
f 53/2248/598 1890/2249/599 49/2250/600
f 49/2250/600 1890/2249/599 1891/1025/601
f 49/2250/600 1891/1025/601 69/2251/602
f 69/2251/602 1891/1025/601 70/1452/601
f 30/2252/603 1897/2253/603 31/2254/604
f 31/2254/604 1897/2253/603 1898/2255/604
f 31/2254/604 1898/2255/604 1899/2256/605
f 31/2254/604 1899/2256/605 32/2257/605
f 32/2257/605 1899/2256/605 1900/2258/606
f 32/2257/605 1900/2258/606 33/2259/606
f 33/2259/606 1900/2258/606 1901/2260/607
f 33/2259/606 1901/2260/607 34/2261/607
f 34/2261/607 1901/2260/607 1902/2262/608
f 34/2261/607 1902/2262/608 35/2263/608
f 35/2263/608 1902/2262/608 1903/1025/35
f 35/2263/608 1903/1025/35 36/2112/35
f 36/2112/35 1903/1025/35 1904/2264/609
f 36/2112/35 1904/2264/609 37/2265/609
f 37/2265/609 1904/2264/609 1905/2266/610
f 37/2265/609 1905/2266/610 38/2267/610
f 38/2267/610 1905/2266/610 1906/2268/611
f 38/2267/610 1906/2268/611 39/2269/611
f 39/2269/611 1906/2268/611 1907/2270/612
f 39/2269/611 1907/2270/612 40/2271/612
f 40/2271/612 1907/2270/612 1908/2272/613
f 40/2271/612 1908/2272/613 41/2273/613
f 41/2273/613 1908/2272/613 42/2274/614
f 42/2274/614 1908/2272/613 1909/2275/614
f 1910/1453/3 1911/1452/3 1913/2276/3
f 1913/2276/3 1911/1452/3 1912/1025/3
f 1914/2277/524 1932/2278/84 221/2279/525
f 221/2279/525 1932/2278/84 1933/2280/526
f 221/2279/525 1933/2280/526 222/2281/527
f 222/2281/527 1933/2280/526 1934/2282/86
f 222/2281/527 1934/2282/86 223/2283/528
f 223/2283/528 1934/2282/86 1935/2284/87
f 223/2283/528 1935/2284/87 224/2285/529
f 224/2285/529 1935/2284/87 1936/2286/530
f 224/2285/529 1936/2286/530 225/2287/531
f 225/2287/531 1936/2286/530 1937/2288/532
f 225/2287/531 1937/2288/532 226/2289/533
f 226/2289/533 1937/2288/532 1938/2290/35
f 226/2289/533 1938/2290/35 227/994/35
f 227/994/35 1938/2290/35 228/2291/534
f 228/2291/534 1938/2290/35 1939/2292/535
f 228/2291/534 1939/2292/535 229/2293/536
f 229/2293/536 1939/2292/535 1940/2294/537
f 229/2293/536 1940/2294/537 230/2295/538
f 230/2295/538 1940/2294/537 1941/2296/539
f 230/2295/538 1941/2296/539 231/2297/540
f 231/2297/540 1941/2296/539 1942/2298/73
f 231/2297/540 1942/2298/73 232/2299/511
f 232/2299/511 1942/2298/73 1943/2300/74
f 232/2299/511 1943/2300/74 208/2301/512
f 208/2301/512 1943/2300/74 1944/2302/75
f 208/2301/512 1944/2302/75 1925/2303/513
f 1925/2303/513 1944/2302/75 1945/2304/76
f 1925/2303/513 1945/2304/76 1924/2305/514
f 1924/2305/514 1945/2304/76 1946/2306/59
f 1924/2305/514 1946/2306/59 1923/2307/515
f 1923/2307/515 1946/2306/59 1947/2308/77
f 1923/2307/515 1947/2308/77 1922/2309/516
f 1922/2309/516 1947/2308/77 1948/2310/78
f 1922/2309/516 1948/2310/78 1921/2311/517
f 1921/2311/517 1948/2310/78 1949/2312/79
f 1921/2311/517 1949/2312/79 1920/2313/518
f 1920/2313/518 1949/2312/79 1926/2314/3
f 1920/2313/518 1926/2314/3 1919/2315/519
f 1919/2316/519 1926/2317/3 1927/2318/80
f 1919/2316/519 1927/2318/80 1918/2319/520
f 1918/2319/520 1927/2318/80 1928/2320/81
f 1918/2319/520 1928/2320/81 1917/2321/521
f 1917/2321/521 1928/2320/81 1929/2322/82
f 1917/2321/521 1929/2322/82 1916/2323/522
f 1916/2323/522 1929/2322/82 1930/2324/46
f 1916/2323/522 1930/2324/46 1915/2325/523
f 1915/2325/523 1930/2324/46 1931/2326/83
f 1915/2325/523 1931/2326/83 1914/2277/524
f 1914/2277/524 1931/2326/83 1932/2278/84
f 1950/2277/524 1968/2278/84 196/2279/525
f 196/2279/525 1968/2278/84 1969/2280/85
f 196/2279/525 1969/2280/85 197/2281/527
f 197/2281/527 1969/2280/85 1970/2282/547
f 197/2281/527 1970/2282/547 198/2283/528
f 198/2283/528 1970/2282/547 1971/2284/87
f 198/2283/528 1971/2284/87 199/2285/615
f 199/2285/615 1971/2284/87 1972/2286/530
f 199/2285/615 1972/2286/530 200/2287/531
f 200/2287/531 1972/2286/530 1973/2288/532
f 200/2287/531 1973/2288/532 201/2289/533
f 201/2289/533 1973/2288/532 1974/2290/35
f 201/2289/533 1974/2290/35 202/994/35
f 202/994/35 1974/2290/35 203/2291/534
f 203/2291/534 1974/2290/35 1975/2292/549
f 203/2291/534 1975/2292/549 204/2293/536
f 204/2293/536 1975/2292/549 1976/2294/537
f 204/2293/536 1976/2294/537 205/2295/551
f 205/2295/551 1976/2294/537 1977/2296/72
f 205/2295/551 1977/2296/72 206/2297/552
f 206/2297/552 1977/2296/72 1978/2298/73
f 206/2297/552 1978/2298/73 207/2299/541
f 207/2299/541 1978/2298/73 1979/2300/74
f 207/2299/541 1979/2300/74 183/2301/512
f 183/2301/512 1979/2300/74 1980/2302/75
f 183/2301/512 1980/2302/75 1961/2303/513
f 1961/2303/513 1980/2302/75 1981/2304/76
f 1961/2303/513 1981/2304/76 1960/2305/543
f 1960/2305/543 1981/2304/76 1982/2306/59
f 1960/2305/543 1982/2306/59 1959/2307/515
f 1959/2307/515 1982/2306/59 1983/2308/77
f 1959/2307/515 1983/2308/77 1958/2309/616
f 1958/2309/616 1983/2308/77 1984/2310/617
f 1958/2309/616 1984/2310/617 1957/2311/544
f 1957/2311/544 1984/2310/617 1985/2312/79
f 1957/2311/544 1985/2312/79 1956/2313/518
f 1956/2313/518 1985/2312/79 1962/2314/3
f 1956/2313/518 1962/2314/3 1955/2315/519
f 1955/2316/519 1962/2317/3 1963/2318/80
f 1955/2316/519 1963/2318/80 1954/2319/545
f 1954/2319/545 1963/2318/80 1964/2320/618
f 1954/2319/545 1964/2320/618 1953/2321/521
f 1953/2321/521 1964/2320/618 1965/2322/82
f 1953/2321/521 1965/2322/82 1952/2323/522
f 1952/2323/522 1965/2322/82 1966/2324/46
f 1952/2323/522 1966/2324/46 1951/2325/523
f 1951/2325/523 1966/2324/46 1967/2326/83
f 1951/2325/523 1967/2326/83 1950/2277/524
f 1950/2277/524 1967/2326/83 1968/2278/84
f 1986/2277/619 2004/2278/84 171/2279/525
f 171/2279/525 2004/2278/84 2005/2280/85
f 171/2279/525 2005/2280/85 172/2281/527
f 172/2281/527 2005/2280/85 2006/2282/86
f 172/2281/527 2006/2282/86 173/2283/553
f 173/2283/553 2006/2282/86 2007/2284/87
f 173/2283/553 2007/2284/87 174/2285/548
f 174/2285/548 2007/2284/87 2008/2286/530
f 174/2285/548 2008/2286/530 175/2287/554
f 175/2287/554 2008/2286/530 2009/2288/532
f 175/2287/554 2009/2288/532 176/2289/533
f 176/2289/533 2009/2288/532 2010/2290/35
f 176/2289/533 2010/2290/35 177/994/35
f 177/994/35 2010/2290/35 178/2291/534
f 178/2291/534 2010/2290/35 2011/2292/535
f 178/2291/534 2011/2292/535 179/2293/536
f 179/2293/536 2011/2292/535 2012/2294/537
f 179/2293/536 2012/2294/537 180/2295/555
f 180/2295/555 2012/2294/537 2013/2296/72
f 180/2295/555 2013/2296/72 181/2297/552
f 181/2297/552 2013/2296/72 2014/2298/73
f 181/2297/552 2014/2298/73 182/2299/541
f 182/2299/541 2014/2298/73 2015/2300/74
f 182/2299/541 2015/2300/74 158/2301/512
f 158/2301/512 2015/2300/74 2016/2302/75
f 158/2301/512 2016/2302/75 1997/2303/513
f 1997/2303/513 2016/2302/75 2017/2304/76
f 1997/2303/513 2017/2304/76 1996/2305/543
f 1996/2305/543 2017/2304/76 2018/2306/59
f 1996/2305/543 2018/2306/59 1995/2307/515
f 1995/2307/515 2018/2306/59 2019/2308/77
f 1995/2307/515 2019/2308/77 1994/2309/516
f 1994/2309/516 2019/2308/77 2020/2310/78
f 1994/2309/516 2020/2310/78 1993/2311/517
f 1993/2311/517 2020/2310/78 2021/2312/79
f 1993/2311/517 2021/2312/79 1992/2313/518
f 1992/2313/518 2021/2312/79 1998/2314/3
f 1992/2313/518 1998/2314/3 1991/2315/519
f 1991/2316/519 1998/2317/3 1999/2318/80
f 1991/2316/519 1999/2318/80 1990/2319/520
f 1990/2319/520 1999/2318/80 2000/2320/81
f 1990/2319/520 2000/2320/81 1989/2321/521
f 1989/2321/521 2000/2320/81 2001/2322/82
f 1989/2321/521 2001/2322/82 1988/2323/522
f 1988/2323/522 2001/2322/82 2002/2324/46
f 1988/2323/522 2002/2324/46 1987/2325/523
f 1987/2325/523 2002/2324/46 2003/2326/83
f 1987/2325/523 2003/2326/83 1986/2277/619
f 1986/2277/619 2003/2326/83 2004/2278/84
f 2022/2277/524 2040/2278/84 146/2279/525
f 146/2279/525 2040/2278/84 2041/2280/85
f 146/2279/525 2041/2280/85 147/2281/527
f 147/2281/527 2041/2280/85 2042/2282/86
f 147/2281/527 2042/2282/86 148/2283/528
f 148/2283/528 2042/2282/86 2043/2284/87
f 148/2283/528 2043/2284/87 149/2285/548
f 149/2285/548 2043/2284/87 2044/2286/530
f 149/2285/548 2044/2286/530 150/2287/531
f 150/2287/531 2044/2286/530 2045/2288/532
f 150/2287/531 2045/2288/532 151/2289/533
f 151/2289/533 2045/2288/532 2046/2290/620
f 151/2289/533 2046/2290/620 152/994/35
f 152/994/35 2046/2290/620 153/2291/534
f 153/2291/534 2046/2290/620 2047/2292/535
f 153/2291/534 2047/2292/535 154/2293/536
f 154/2293/536 2047/2292/535 2048/2294/537
f 154/2293/536 2048/2294/537 155/2295/555
f 155/2295/555 2048/2294/537 2049/2296/539
f 155/2295/555 2049/2296/539 156/2297/559
f 156/2297/559 2049/2296/539 2050/2298/73
f 156/2297/559 2050/2298/73 157/2299/541
f 157/2299/541 2050/2298/73 2051/2300/74
f 157/2299/541 2051/2300/74 133/2301/542
f 133/2301/542 2051/2300/74 2052/2302/75
f 133/2301/542 2052/2302/75 2033/2303/513
f 2033/2303/513 2052/2302/75 2053/2304/76
f 2033/2303/513 2053/2304/76 2032/2305/543
f 2032/2305/543 2053/2304/76 2054/2306/59
f 2032/2305/543 2054/2306/59 2031/2307/515
f 2031/2307/515 2054/2306/59 2055/2308/77
f 2031/2307/515 2055/2308/77 2030/2309/616
f 2030/2309/616 2055/2308/77 2056/2310/617
f 2030/2309/616 2056/2310/617 2029/2311/544
f 2029/2311/544 2056/2310/617 2057/2312/79
f 2029/2311/544 2057/2312/79 2028/2313/518
f 2028/2313/518 2057/2312/79 2034/2314/3
f 2028/2313/518 2034/2314/3 2027/2315/519
f 2027/2316/519 2034/2317/3 2035/2318/80
f 2027/2316/519 2035/2318/80 2026/2319/545
f 2026/2319/545 2035/2318/80 2036/2320/618
f 2026/2319/545 2036/2320/618 2025/2321/621
f 2025/2321/621 2036/2320/618 2037/2322/82
f 2025/2321/621 2037/2322/82 2024/2323/522
f 2024/2323/522 2037/2322/82 2038/2324/46
f 2024/2323/522 2038/2324/46 2023/2325/523
f 2023/2325/523 2038/2324/46 2039/2326/83
f 2023/2325/523 2039/2326/83 2022/2277/524
f 2022/2277/524 2039/2326/83 2040/2278/84
f 2058/2277/524 2076/2278/84 121/2279/546
f 121/2279/546 2076/2278/84 2077/2280/85
f 121/2279/546 2077/2280/85 122/2281/560
f 122/2281/560 2077/2280/85 2078/2282/86
f 122/2281/560 2078/2282/86 123/2283/561
f 123/2283/561 2078/2282/86 2079/2284/562
f 123/2283/561 2079/2284/562 124/2285/548
f 124/2285/548 2079/2284/562 2080/2286/530
f 124/2285/548 2080/2286/530 125/2287/531
f 125/2287/531 2080/2286/530 2081/2288/532
f 125/2287/531 2081/2288/532 126/2289/533
f 126/2289/533 2081/2288/532 2082/2290/35
f 126/2289/533 2082/2290/35 127/994/35
f 127/994/35 2082/2290/35 128/2291/534
f 128/2291/534 2082/2290/35 2083/2292/535
f 128/2291/534 2083/2292/535 129/2293/536
f 129/2293/536 2083/2292/535 2084/2294/537
f 129/2293/536 2084/2294/537 130/2295/555
f 130/2295/555 2084/2294/537 2085/2296/72
f 130/2295/555 2085/2296/72 131/2297/559
f 131/2297/559 2085/2296/72 2086/2298/73
f 131/2297/559 2086/2298/73 132/2299/541
f 132/2299/541 2086/2298/73 2087/2300/74
f 132/2299/541 2087/2300/74 108/2301/512
f 108/2301/512 2087/2300/74 2088/2302/75
f 108/2301/512 2088/2302/75 2069/2303/513
f 2069/2303/513 2088/2302/75 2089/2304/76
f 2069/2303/513 2089/2304/76 2068/2305/543
f 2068/2305/543 2089/2304/76 2090/2306/59
f 2068/2305/543 2090/2306/59 2067/2307/515
f 2067/2307/515 2090/2306/59 2091/2308/77
f 2067/2307/515 2091/2308/77 2066/2309/516
f 2066/2309/516 2091/2308/77 2092/2310/78
f 2066/2309/516 2092/2310/78 2065/2311/517
f 2065/2311/517 2092/2310/78 2093/2312/79
f 2065/2311/517 2093/2312/79 2064/2313/518
f 2064/2313/518 2093/2312/79 2070/2314/3
f 2064/2313/518 2070/2314/3 2063/2315/519
f 2063/2316/519 2070/2317/3 2071/2318/80
f 2063/2316/519 2071/2318/80 2062/2319/520
f 2062/2319/520 2071/2318/80 2072/2320/81
f 2062/2319/520 2072/2320/81 2061/2321/521
f 2061/2321/521 2072/2320/81 2073/2322/82
f 2061/2321/521 2073/2322/82 2060/2323/522
f 2060/2323/522 2073/2322/82 2074/2324/46
f 2060/2323/522 2074/2324/46 2059/2325/523
f 2059/2325/523 2074/2324/46 2075/2326/83
f 2059/2325/523 2075/2326/83 2058/2277/524
f 2058/2277/524 2075/2326/83 2076/2278/84
f 1882/2327/35 17/2328/35 1883/2329/35
f 1883/2329/35 17/2328/35 1909/2330/35
f 1909/2330/35 17/2328/35 42/2331/35
f 1881/2332/622 1880/2333/623 2119/2334/624
f 2119/2334/624 1880/2333/623 2118/2335/625
f 2118/2335/625 1880/2333/623 74/2336/626
f 74/2336/626 1880/2333/623 75/2337/627
f 75/2337/627 1880/2333/623 76/2338/628
f 76/2338/628 1880/2333/623 77/2339/629
f 77/2339/629 1880/2333/623 2094/2340/630
f 77/2339/629 2094/2340/630 2117/2341/631
f 2117/2341/631 2094/2340/630 2095/2342/632
f 2117/2341/631 2095/2342/632 2116/2343/633
f 2116/2343/633 2095/2342/632 2096/2344/634
f 2116/2343/633 2096/2344/634 2115/2345/635
f 2115/2345/635 2096/2344/634 2097/2346/636
f 2115/2345/635 2097/2346/636 2114/2347/637
f 2114/2347/637 2097/2346/636 2098/2348/638
f 2114/2347/637 2098/2348/638 2113/2349/639
f 2113/2349/639 2098/2348/638 2099/999/3
f 2113/2349/639 2099/999/3 2112/2350/3
f 2112/2350/3 2099/999/3 2111/2351/640
f 2111/2351/640 2099/999/3 2100/2352/641
f 2111/2351/640 2100/2352/641 2110/2353/642
f 2110/2353/642 2100/2352/641 2101/2354/643
f 2110/2353/642 2101/2354/643 2109/2355/644
f 2109/2355/644 2101/2354/643 2102/2356/645
f 2109/2355/644 2102/2356/645 2108/2357/646
f 2108/2357/646 2102/2356/645 2103/2358/647
f 2108/2357/646 2103/2358/647 2107/2359/648
f 2107/2359/648 2103/2358/647 2104/2360/649
f 2107/2359/648 2104/2360/649 5/2361/650
f 5/2361/650 2104/2360/649 1859/2362/651
f 5/2361/650 1859/2362/651 6/2363/652
f 6/2363/652 1859/2362/651 7/2364/653
f 7/2364/653 1859/2362/651 1/2365/654
f 1/2365/654 1859/2362/651 2106/2366/655
f 2106/2366/655 1859/2362/651 2105/2367/656
f 2105/2367/656 1859/2362/651 1858/2368/657
f 1861/2369/3 1860/2370/3 9/2371/3
f 9/2371/3 1860/2370/3 2120/2372/3
f 9/2371/3 2120/2372/3 10/2373/3
f 849/2374/3 68/2375/3 850/2376/3
f 850/2376/3 68/2375/3 1891/995/3
f 1891/995/3 68/2375/3 70/1452/3
f 16/2377/658 15/2378/659 2121/2379/660
f 2121/2379/660 15/2378/659 2122/2380/661
f 2122/2380/661 15/2378/659 14/2381/662
f 2122/2380/661 14/2381/662 2120/2382/663
f 2120/2382/663 14/2381/662 8/2383/664
f 2120/2382/663 8/2383/664 10/2384/663
f 682/2385/665 681/2386/665 1573/2387/665
f 1573/2387/665 681/2386/665 704/2388/665
f 1573/2387/665 704/2388/665 1574/2389/665
f 1574/2389/665 704/2388/665 703/2390/665
f 1574/2389/665 703/2390/665 702/2391/665
f 1574/2389/665 702/2391/665 1575/2392/665
f 1575/2392/665 702/2391/665 701/2393/665
f 1575/2392/665 701/2393/665 1576/2394/665
f 1576/2394/665 701/2393/665 700/2395/665
f 1576/2394/665 700/2395/665 1327/2396/665
f 1327/2396/665 700/2395/665 699/2397/665
f 1327/2396/665 699/2397/665 1328/2398/665
f 1328/2398/665 699/2397/665 698/2399/665
f 1328/2398/665 698/2399/665 1329/2400/665
f 1329/2400/665 698/2399/665 697/2401/665
f 1329/2400/665 697/2401/665 696/2402/665
f 1329/2400/665 696/2402/665 1330/2403/665
f 1330/2403/665 696/2402/665 695/2404/665
f 1330/2403/665 695/2404/665 694/2405/665
f 1330/2403/665 694/2405/665 1331/2406/665
f 1331/2406/665 694/2405/665 693/2407/665
f 1331/2406/665 693/2407/665 1332/2408/665
f 1332/2408/665 693/2407/665 692/2409/665
f 1332/2408/665 692/2409/665 691/2410/665
f 1332/2408/665 691/2410/665 1333/2411/665
f 1333/2411/665 691/2410/665 690/2412/665
f 1333/2411/665 690/2412/665 748/2413/665
f 748/2413/665 690/2412/665 749/2414/665
f 749/2414/665 690/2412/665 689/2415/665
f 749/2414/665 689/2415/665 750/2416/665
f 750/2416/665 689/2415/665 688/2417/665
f 750/2416/665 688/2417/665 1570/2418/665
f 1570/2418/665 688/2417/665 687/2419/665
f 1570/2418/665 687/2419/665 1571/2420/665
f 1571/2420/665 687/2419/665 686/2421/665
f 1571/2420/665 686/2421/665 685/2422/665
f 1571/2420/665 685/2422/665 1572/2423/665
f 1572/2423/665 685/2422/665 684/2424/665
f 1572/2423/665 684/2424/665 683/2425/665
f 1572/2423/665 683/2425/665 1573/2387/665
f 1573/2387/665 683/2425/665 682/2385/665
f 752/2426/665 899/2427/665 729/2428/665
f 729/2428/665 899/2427/665 898/2429/665
f 729/2428/665 898/2429/665 730/2430/665
f 730/2430/665 898/2429/665 897/2431/665
f 730/2430/665 897/2431/665 731/2432/665
f 731/2432/665 897/2431/665 896/2433/665
f 731/2432/665 896/2433/665 732/2434/665
f 732/2434/665 896/2433/665 895/2435/665
f 732/2434/665 895/2435/665 733/2436/665
f 733/2436/665 895/2435/665 894/2437/665
f 733/2436/665 894/2437/665 734/2438/665
f 734/2438/665 894/2437/665 893/2439/665
f 734/2438/665 893/2439/665 735/2440/665
f 735/2440/665 893/2439/665 892/2441/665
f 735/2440/665 892/2441/665 891/2442/665
f 899/2427/665 752/2426/665 900/2443/665
f 900/2443/665 752/2426/665 751/2444/665
f 900/2443/665 751/2444/665 1570/2418/665
f 1570/2418/665 751/2444/665 750/2416/665
f 1333/2411/665 748/2413/665 1334/2445/665
f 1334/2445/665 748/2413/665 747/2446/665
f 1334/2445/665 747/2446/665 1335/2447/665
f 1335/2447/665 747/2446/665 746/2448/665
f 1335/2447/665 746/2448/665 1336/2449/665
f 1336/2449/665 746/2448/665 1337/2450/665
f 1337/2450/665 746/2448/665 745/2451/665
f 1337/2450/665 745/2451/665 1338/2452/665
f 1338/2452/665 745/2451/665 744/2453/665
f 1338/2452/665 744/2453/665 1339/2454/665
f 1339/2454/665 744/2453/665 743/2455/665
f 1339/2454/665 743/2455/665 1340/2456/665
f 1340/2456/665 743/2455/665 742/2457/665
f 1340/2456/665 742/2457/665 1341/2458/665
f 1341/2458/665 742/2457/665 741/2459/665
f 1341/2458/665 741/2459/665 1342/2460/665
f 1342/2460/665 741/2459/665 1343/2461/665
f 1343/2461/665 741/2459/665 740/2462/665
f 1343/2461/665 740/2462/665 1344/2463/665
f 1344/2463/665 740/2462/665 875/2464/665
f 1344/2463/665 875/2464/665 1345/2465/665
f 1345/2465/665 875/2464/665 874/2466/665
f 1345/2465/665 874/2466/665 1346/2467/665
f 1346/2467/665 874/2466/665 873/2468/665
f 1346/2467/665 873/2468/665 1347/2469/665
f 1347/2469/665 873/2468/665 1348/2470/665
f 1348/2470/665 873/2468/665 872/2471/665
f 1348/2470/665 872/2471/665 1349/2472/665
f 1349/2472/665 872/2471/665 1350/2473/665
f 1350/2473/665 872/2471/665 871/2474/665
f 1350/2473/665 871/2474/665 1351/2475/665
f 1351/2475/665 871/2474/665 870/2476/665
f 1351/2475/665 870/2476/665 1352/2477/665
f 1352/2477/665 870/2476/665 1353/2478/665
f 1353/2478/665 870/2476/665 869/2479/665
f 1353/2478/665 869/2479/665 1354/2480/665
f 1354/2480/665 869/2479/665 868/2481/665
f 1354/2480/665 868/2481/665 1355/2482/665
f 1355/2482/665 868/2481/665 867/2483/665
f 1355/2482/665 867/2483/665 1356/2484/665
f 1356/2484/665 867/2483/665 1357/2485/665
f 1357/2485/665 867/2483/665 866/2486/665
f 1357/2485/665 866/2486/665 1358/2487/665
f 1358/2487/665 866/2486/665 865/2488/665
f 1358/2487/665 865/2488/665 1359/2489/665
f 1359/2489/665 865/2488/665 1360/2490/665
f 1360/2490/665 865/2488/665 864/2491/665
f 1360/2490/665 864/2491/665 1361/2492/665
f 1361/2492/665 864/2491/665 863/2493/665
f 1361/2492/665 863/2493/665 1362/2494/665
f 1362/2494/665 863/2493/665 1660/2495/665
f 1362/2494/665 1660/2495/665 1363/2496/665
f 1363/2496/665 1660/2495/665 1364/2497/665
f 1364/2497/665 1660/2495/665 1659/2498/665
f 1364/2497/665 1659/2498/665 1365/2499/665
f 1365/2499/665 1659/2498/665 1130/2500/665
f 1365/2499/665 1130/2500/665 1366/2501/665
f 1366/2501/665 1130/2500/665 1129/2502/665
f 1366/2501/665 1129/2502/665 1367/2503/665
f 1367/2503/665 1129/2502/665 1128/2504/665
f 1367/2503/665 1128/2504/665 1368/2505/665
f 1368/2505/665 1128/2504/665 1127/2506/665
f 1368/2505/665 1127/2506/665 1369/2507/665
f 1369/2507/665 1127/2506/665 1126/2508/665
f 1369/2507/665 1126/2508/665 1370/2509/665
f 1370/2509/665 1126/2508/665 1125/2510/665
f 1370/2509/665 1125/2510/665 1371/2511/665
f 1371/2511/665 1125/2510/665 1124/2512/665
f 1371/2511/665 1124/2512/665 1372/2513/665
f 1372/2513/665 1124/2512/665 1123/2514/665
f 1372/2513/665 1123/2514/665 1373/2515/665
f 1373/2515/665 1123/2514/665 1523/2516/665
f 1373/2515/665 1523/2516/665 1374/2517/665
f 1374/2517/665 1523/2516/665 1522/2518/665
f 1374/2517/665 1522/2518/665 1375/2519/665
f 1375/2519/665 1522/2518/665 1521/2520/665
f 1375/2519/665 1521/2520/665 1376/2521/665
f 1376/2521/665 1521/2520/665 1520/2522/665
f 1376/2521/665 1520/2522/665 1377/2523/665
f 1377/2523/665 1520/2522/665 1519/2524/665
f 1377/2523/665 1519/2524/665 1518/2525/665
f 740/2462/665 739/2526/665 875/2464/665
f 875/2464/665 739/2526/665 876/2527/665
f 876/2527/665 739/2526/665 877/2528/665
f 877/2528/665 739/2526/665 738/2529/665
f 877/2528/665 738/2529/665 878/2530/665
f 878/2530/665 738/2529/665 879/2531/665
f 879/2531/665 738/2529/665 737/2532/665
f 879/2531/665 737/2532/665 880/2533/665
f 880/2533/665 737/2532/665 881/2534/665
f 881/2534/665 737/2532/665 882/2535/665
f 882/2535/665 737/2532/665 883/2536/665
f 883/2536/665 737/2532/665 884/2537/665
f 884/2537/665 737/2532/665 885/2538/665
f 885/2538/665 737/2532/665 886/2539/665
f 886/2539/665 737/2532/665 887/2540/665
f 887/2540/665 737/2532/665 888/2541/665
f 888/2541/665 737/2532/665 889/2542/665
f 889/2542/665 737/2532/665 736/2543/665
f 889/2542/665 736/2543/665 890/2544/665
f 890/2544/665 736/2543/665 891/2442/665
f 891/2442/665 736/2543/665 735/2440/665
f 1588/2545/665 785/2546/665 1589/2547/665
f 1589/2547/665 785/2546/665 784/2548/665
f 1589/2547/665 784/2548/665 1590/2549/665
f 1590/2549/665 784/2548/665 783/2550/665
f 1590/2549/665 783/2550/665 1199/2551/665
f 1199/2551/665 783/2550/665 782/2552/665
f 1199/2551/665 782/2552/665 1200/2553/665
f 1200/2553/665 782/2552/665 781/2554/665
f 1200/2553/665 781/2554/665 1067/2555/665
f 1067/2555/665 781/2554/665 780/2556/665
f 1067/2555/665 780/2556/665 1068/2557/665
f 1068/2557/665 780/2556/665 779/2558/665
f 1068/2557/665 779/2558/665 1069/2559/665
f 1069/2559/665 779/2558/665 778/2560/665
f 1069/2559/665 778/2560/665 1070/2561/665
f 1070/2561/665 778/2560/665 777/2562/665
f 1070/2561/665 777/2562/665 1071/2563/665
f 1071/2563/665 777/2562/665 800/2564/665
f 1071/2563/665 800/2564/665 1072/2565/665
f 1072/2565/665 800/2564/665 799/2566/665
f 1072/2565/665 799/2566/665 1073/2567/665
f 1073/2567/665 799/2566/665 798/2568/665
f 1073/2567/665 798/2568/665 1074/2569/665
f 1074/2569/665 798/2568/665 1010/2570/665
f 1010/2570/665 798/2568/665 797/2571/665
f 1010/2570/665 797/2571/665 796/2572/665
f 1587/2573/665 787/2574/665 1588/2545/665
f 1588/2545/665 787/2574/665 786/2575/665
f 1588/2545/665 786/2575/665 785/2546/665
f 1586/2576/665 789/2577/665 1587/2573/665
f 1587/2573/665 789/2577/665 788/2578/665
f 1587/2573/665 788/2578/665 787/2574/665
f 1585/2579/665 791/2580/665 1586/2576/665
f 1586/2576/665 791/2580/665 790/2581/665
f 1586/2576/665 790/2581/665 789/2577/665
f 1584/2582/665 793/2583/665 1585/2579/665
f 1585/2579/665 793/2583/665 792/2584/665
f 1585/2579/665 792/2584/665 791/2580/665
f 1583/2585/665 832/2586/665 1584/2582/665
f 1584/2582/665 832/2586/665 831/2587/665
f 1584/2582/665 831/2587/665 794/2588/665
f 794/2588/665 831/2587/665 830/2589/665
f 794/2588/665 830/2589/665 795/2590/665
f 795/2590/665 830/2589/665 829/2591/665
f 795/2590/665 829/2591/665 796/2572/665
f 796/2572/665 829/2591/665 1011/2592/665
f 796/2572/665 1011/2592/665 1010/2570/665
f 1582/2593/665 834/2594/665 1583/2585/665
f 1583/2585/665 834/2594/665 833/2595/665
f 1583/2585/665 833/2595/665 832/2586/665
f 1581/2596/665 836/2597/665 1582/2593/665
f 1582/2593/665 836/2597/665 835/2598/665
f 1582/2593/665 835/2598/665 834/2594/665
f 1580/2599/665 838/2600/665 1581/2596/665
f 1581/2596/665 838/2600/665 837/2601/665
f 1581/2596/665 837/2601/665 836/2597/665
f 1579/2602/665 840/2603/665 1580/2599/665
f 1580/2599/665 840/2603/665 839/2604/665
f 1580/2599/665 839/2604/665 838/2600/665
f 1578/2605/665 842/2606/665 1579/2602/665
f 1579/2602/665 842/2606/665 841/2607/665
f 1579/2602/665 841/2607/665 840/2603/665
f 842/2606/665 1578/2605/665 843/2608/665
f 843/2608/665 1578/2605/665 1577/2609/665
f 843/2608/665 1577/2609/665 1324/2610/665
f 1324/2610/665 1577/2609/665 1325/2611/665
f 1325/2611/665 1577/2609/665 1326/2612/665
f 1326/2612/665 1577/2609/665 1576/2394/665
f 1326/2612/665 1576/2394/665 1327/2396/665
f 1660/2495/665 863/2493/665 1661/2613/665
f 1661/2613/665 863/2493/665 862/2614/665
f 1661/2613/665 862/2614/665 1662/2615/665
f 1662/2615/665 862/2614/665 861/2616/665
f 1662/2615/665 861/2616/665 1663/2617/665
f 1663/2617/665 861/2616/665 860/2618/665
f 1663/2617/665 860/2618/665 1664/2619/665
f 1664/2619/665 860/2618/665 859/2620/665
f 1664/2619/665 859/2620/665 1665/2621/665
f 1665/2621/665 859/2620/665 858/2622/665
f 1665/2621/665 858/2622/665 1666/2623/665
f 1666/2623/665 858/2622/665 1667/2624/665
f 1667/2624/665 858/2622/665 857/2625/665
f 1667/2624/665 857/2625/665 1668/2626/665
f 1668/2626/665 857/2625/665 856/2627/665
f 1668/2626/665 856/2627/665 1727/2628/665
f 1727/2628/665 856/2627/665 1728/2629/665
f 1728/2629/665 856/2627/665 1729/2630/665
f 1729/2630/665 856/2627/665 855/2631/665
f 1729/2630/665 855/2631/665 1730/2632/665
f 1730/2632/665 855/2631/665 1731/2633/665
f 1731/2633/665 855/2631/665 854/2634/665
f 1731/2633/665 854/2634/665 1732/2635/665
f 1732/2635/665 854/2634/665 1733/2636/665
f 1733/2636/665 854/2634/665 853/2637/665
f 1733/2636/665 853/2637/665 1734/2638/665
f 1734/2638/665 853/2637/665 852/2639/665
f 1734/2638/665 852/2639/665 1735/2640/665
f 1735/2640/665 852/2639/665 1736/2641/665
f 1736/2641/665 852/2639/665 851/2642/665
f 1736/2641/665 851/2642/665 1737/2643/665
f 1737/2643/665 851/2642/665 850/2644/665
f 1737/2643/665 850/2644/665 1738/2645/665
f 1738/2645/665 850/2644/665 1974/2646/665
f 1738/2645/665 1974/2646/665 1739/2647/665
f 1739/2647/665 1974/2646/665 1973/2648/665
f 1739/2647/665 1973/2648/665 1740/2649/665
f 1740/2649/665 1973/2648/665 1972/2650/665
f 1740/2649/665 1972/2650/665 1880/2651/665
f 1880/2651/665 1972/2650/665 1971/2652/665
f 1880/2651/665 1971/2652/665 2094/2653/665
f 2094/2653/665 1971/2652/665 1970/2654/665
f 2094/2653/665 1970/2654/665 2095/2655/665
f 2095/2655/665 1970/2654/665 1969/2656/665
f 2095/2655/665 1969/2656/665 1903/2657/665
f 1903/2657/665 1969/2656/665 1968/2658/665
f 1903/2657/665 1968/2658/665 1904/2659/665
f 1904/2659/665 1968/2658/665 1967/2660/665
f 1904/2659/665 1967/2660/665 1966/2661/665
f 1891/2662/665 1890/2663/665 850/2644/665
f 850/2644/665 1890/2663/665 1975/2664/665
f 850/2644/665 1975/2664/665 1974/2646/665
f 1975/2664/665 1890/2663/665 1976/2665/665
f 1976/2665/665 1890/2663/665 1889/2666/665
f 1976/2665/665 1889/2666/665 1977/2667/665
f 1977/2667/665 1889/2666/665 1888/2668/665
f 1977/2667/665 1888/2668/665 1978/2669/665
f 1978/2669/665 1888/2668/665 1979/2670/665
f 1979/2670/665 1888/2668/665 1887/2671/665
f 1979/2670/665 1887/2671/665 1980/2672/665
f 1980/2672/665 1887/2671/665 1981/2673/665
f 1981/2673/665 1887/2671/665 1886/2674/665
f 1981/2673/665 1886/2674/665 1982/2675/665
f 1982/2675/665 1886/2674/665 1983/2676/665
f 1983/2676/665 1886/2674/665 1885/2677/665
f 1983/2676/665 1885/2677/665 1984/2678/665
f 1984/2678/665 1885/2677/665 1884/2679/665
f 1984/2678/665 1884/2679/665 1985/2680/665
f 1985/2680/665 1884/2679/665 1908/2681/665
f 1985/2680/665 1908/2681/665 1907/2682/665
f 1883/2683/665 1909/2684/665 1884/2679/665
f 1884/2679/665 1909/2684/665 1908/2681/665
f 1906/2685/665 1963/2686/665 1907/2682/665
f 1907/2682/665 1963/2686/665 1962/2687/665
f 1907/2682/665 1962/2687/665 1985/2680/665
f 1963/2686/665 1906/2685/665 1964/2688/665
f 1964/2688/665 1906/2685/665 1905/2689/665
f 1964/2688/665 1905/2689/665 1965/2690/665
f 1965/2690/665 1905/2689/665 1966/2661/665
f 1966/2661/665 1905/2689/665 1904/2659/665
f 1903/2657/665 1902/2691/665 2095/2655/665
f 2095/2655/665 1902/2691/665 2096/2692/665
f 2096/2692/665 1902/2691/665 1901/2693/665
f 2096/2692/665 1901/2693/665 2097/2694/665
f 2097/2694/665 1901/2693/665 1900/2695/665
f 2097/2694/665 1900/2695/665 2098/2696/665
f 2098/2696/665 1900/2695/665 1899/2697/665
f 2098/2696/665 1899/2697/665 2099/2698/665
f 2099/2698/665 1899/2697/665 1898/2699/665
f 2099/2698/665 1898/2699/665 2055/2700/665
f 2055/2700/665 1898/2699/665 1897/2701/665
f 2055/2700/665 1897/2701/665 2056/2702/665
f 2056/2702/665 1897/2701/665 2057/2703/665
f 2057/2703/665 1897/2701/665 2034/2704/665
f 2034/2704/665 1897/2701/665 2035/2705/665
f 2035/2705/665 1897/2701/665 1912/2706/665
f 2035/2705/665 1912/2706/665 2036/2707/665
f 2036/2707/665 1912/2706/665 2037/2708/665
f 2037/2708/665 1912/2706/665 2038/2709/665
f 2038/2709/665 1912/2706/665 2039/2710/665
f 2039/2710/665 1912/2706/665 2040/2711/665
f 2040/2711/665 1912/2706/665 2041/2712/665
f 2041/2712/665 1912/2706/665 2042/2713/665
f 2042/2713/665 1912/2706/665 2043/2714/665
f 2043/2714/665 1912/2706/665 2044/2715/665
f 2044/2715/665 1912/2706/665 1599/2716/665
f 2044/2715/665 1599/2716/665 1812/2717/665
f 1812/2717/665 1599/2716/665 1813/2718/665
f 1813/2718/665 1599/2716/665 1814/2719/665
f 1814/2719/665 1599/2716/665 1815/2720/665
f 1815/2720/665 1599/2716/665 1816/2721/665
f 1816/2721/665 1599/2716/665 1817/2722/665
f 1817/2722/665 1599/2716/665 1818/2723/665
f 1818/2723/665 1599/2716/665 1819/2724/665
f 1819/2724/665 1599/2716/665 1139/2725/665
f 1819/2724/665 1139/2725/665 1820/2726/665
f 1820/2726/665 1139/2725/665 1138/2727/665
f 1820/2726/665 1138/2727/665 1821/2728/665
f 1821/2728/665 1138/2727/665 1137/2729/665
f 1821/2728/665 1137/2729/665 1798/2730/665
f 1798/2730/665 1137/2729/665 1799/2731/665
f 1799/2731/665 1137/2729/665 1136/2732/665
f 1799/2731/665 1136/2732/665 1800/2733/665
f 1800/2733/665 1136/2732/665 1654/2734/665
f 1800/2733/665 1654/2734/665 1801/2735/665
f 1801/2735/665 1654/2734/665 1677/2736/665
f 1801/2735/665 1677/2736/665 1606/2737/665
f 1606/2737/665 1677/2736/665 1676/2738/665
f 1606/2737/665 1676/2738/665 1607/2739/665
f 1607/2739/665 1676/2738/665 1675/2740/665
f 1607/2739/665 1675/2740/665 1608/2741/665
f 1608/2741/665 1675/2740/665 1674/2742/665
f 1608/2741/665 1674/2742/665 1609/2743/665
f 1609/2743/665 1674/2742/665 1673/2744/665
f 1609/2743/665 1673/2744/665 1610/2745/665
f 1610/2745/665 1673/2744/665 1743/2746/665
f 1610/2745/665 1743/2746/665 1611/2747/665
f 1611/2747/665 1743/2746/665 1742/2748/665
f 1611/2747/665 1742/2748/665 1741/2749/665
f 2121/2750/665 2070/2751/665 1897/2701/665
f 1897/2701/665 2070/2751/665 2093/2752/665
f 1897/2701/665 2093/2752/665 1913/2753/665
f 1913/2753/665 2093/2752/665 2092/2754/665
f 1913/2753/665 2092/2754/665 2091/2755/665
f 2122/2756/665 1929/2757/665 2121/2750/665
f 2121/2750/665 1929/2757/665 1928/2758/665
f 2121/2750/665 1928/2758/665 1927/2759/665
f 2120/2760/665 1860/2761/665 2122/2756/665
f 2122/2756/665 1860/2761/665 1934/2762/665
f 2122/2756/665 1934/2762/665 1933/2763/665
f 1879/2764/665 1706/2765/665 1860/2761/665
f 1860/2761/665 1706/2765/665 1705/2766/665
f 1860/2761/665 1705/2766/665 1704/2767/665
f 1878/2768/665 1711/2769/665 1879/2764/665
f 1879/2764/665 1711/2769/665 1710/2770/665
f 1879/2764/665 1710/2770/665 1709/2771/665
f 1877/2772/665 1691/2773/665 1878/2768/665
f 1878/2768/665 1691/2773/665 1690/2774/665
f 1878/2768/665 1690/2774/665 1713/2775/665
f 1876/2776/665 600/2777/665 1877/2772/665
f 1877/2772/665 600/2777/665 1785/2778/665
f 1877/2772/665 1785/2778/665 1784/2779/665
f 600/2777/665 1876/2776/665 601/2780/665
f 601/2780/665 1876/2776/665 1875/2781/665
f 601/2780/665 1875/2781/665 602/2782/665
f 602/2782/665 1875/2781/665 547/2783/665
f 602/2782/665 547/2783/665 603/2784/665
f 603/2784/665 547/2783/665 546/2785/665
f 603/2784/665 546/2785/665 604/2786/665
f 604/2786/665 546/2785/665 545/2787/665
f 604/2786/665 545/2787/665 605/2788/665
f 605/2788/665 545/2787/665 1047/2789/665
f 605/2788/665 1047/2789/665 606/2790/665
f 606/2790/665 1047/2789/665 1046/2791/665
f 606/2790/665 1046/2791/665 607/2792/665
f 607/2792/665 1046/2791/665 1045/2793/665
f 607/2792/665 1045/2793/665 608/2794/665
f 608/2794/665 1045/2793/665 1044/2795/665
f 608/2794/665 1044/2795/665 585/2796/665
f 585/2796/665 1044/2795/665 586/2797/665
f 586/2797/665 1044/2795/665 1043/2798/665
f 586/2797/665 1043/2798/665 587/2799/665
f 587/2799/665 1043/2798/665 588/2800/665
f 588/2800/665 1043/2798/665 1042/2801/665
f 588/2800/665 1042/2801/665 589/2802/665
f 589/2802/665 1042/2801/665 1469/2803/665
f 589/2802/665 1469/2803/665 590/2804/665
f 590/2804/665 1469/2803/665 591/2805/665
f 591/2805/665 1469/2803/665 1468/2806/665
f 591/2805/665 1468/2806/665 592/2807/665
f 592/2807/665 1468/2806/665 1467/2808/665
f 592/2807/665 1467/2808/665 593/2809/665
f 593/2809/665 1467/2808/665 594/2810/665
f 594/2810/665 1467/2808/665 1466/2811/665
f 594/2810/665 1466/2811/665 595/2812/665
f 595/2812/665 1466/2811/665 1465/2813/665
f 595/2812/665 1465/2813/665 651/2814/665
f 651/2814/665 1465/2813/665 652/2815/665
f 652/2815/665 1465/2813/665 1464/2816/665
f 652/2815/665 1464/2816/665 653/2817/665
f 653/2817/665 1464/2816/665 1463/2818/665
f 653/2817/665 1463/2818/665 654/2819/665
f 654/2819/665 1463/2818/665 655/2820/665
f 655/2820/665 1463/2818/665 1462/2821/665
f 655/2820/665 1462/2821/665 656/2822/665
f 656/2822/665 1462/2821/665 633/2823/665
f 633/2823/665 1462/2821/665 1461/2824/665
f 633/2823/665 1461/2824/665 634/2825/665
f 634/2825/665 1461/2824/665 635/2826/665
f 635/2826/665 1461/2824/665 1460/2827/665
f 635/2826/665 1460/2827/665 636/2828/665
f 636/2828/665 1460/2827/665 637/2829/665
f 637/2829/665 1460/2827/665 1459/2830/665
f 637/2829/665 1459/2830/665 1151/2831/665
f 1151/2831/665 1459/2830/665 1458/2832/665
f 1151/2831/665 1458/2832/665 1152/2833/665
f 1152/2833/665 1458/2832/665 1457/2834/665
f 1152/2833/665 1457/2834/665 1153/2835/665
f 1153/2835/665 1457/2834/665 1456/2836/665
f 1153/2835/665 1456/2836/665 1154/2837/665
f 1154/2837/665 1456/2836/665 1455/2838/665
f 1154/2837/665 1455/2838/665 1155/2839/665
f 1155/2839/665 1455/2838/665 1454/2840/665
f 1155/2839/665 1454/2840/665 1156/2841/665
f 1156/2841/665 1454/2840/665 1453/2842/665
f 1156/2841/665 1453/2842/665 1157/2843/665
f 1157/2843/665 1453/2842/665 1452/2844/665
f 1157/2843/665 1452/2844/665 1158/2845/665
f 1158/2845/665 1452/2844/665 1523/2516/665
f 1158/2845/665 1523/2516/665 1123/2514/665
f 547/2783/665 1875/2781/665 548/2846/665
f 548/2846/665 1875/2781/665 1874/2847/665
f 548/2846/665 1874/2847/665 549/2848/665
f 549/2848/665 1874/2847/665 550/2849/665
f 550/2849/665 1874/2847/665 551/2850/665
f 551/2850/665 1874/2847/665 552/2851/665
f 552/2851/665 1874/2847/665 1873/2852/665
f 552/2851/665 1873/2852/665 553/2853/665
f 553/2853/665 1873/2852/665 554/2854/665
f 554/2854/665 1873/2852/665 555/2855/665
f 555/2855/665 1873/2852/665 556/2856/665
f 556/2856/665 1873/2852/665 557/2857/665
f 557/2857/665 1873/2852/665 1872/2858/665
f 557/2857/665 1872/2858/665 558/2859/665
f 558/2859/665 1872/2858/665 559/2860/665
f 559/2860/665 1872/2858/665 560/2861/665
f 560/2861/665 1872/2858/665 1412/2862/665
f 560/2861/665 1412/2862/665 537/2863/665
f 537/2863/665 1412/2862/665 1411/2864/665
f 537/2863/665 1411/2864/665 538/2865/665
f 538/2865/665 1411/2864/665 539/2866/665
f 539/2866/665 1411/2864/665 1410/2867/665
f 539/2866/665 1410/2867/665 540/2868/665
f 540/2868/665 1410/2867/665 541/2869/665
f 541/2869/665 1410/2867/665 1409/2870/665
f 541/2869/665 1409/2870/665 542/2871/665
f 542/2871/665 1409/2870/665 1408/2872/665
f 542/2871/665 1408/2872/665 543/2873/665
f 543/2873/665 1408/2872/665 1049/2874/665
f 543/2873/665 1049/2874/665 1048/2875/665
f 1412/2862/665 1872/2858/665 1413/2876/665
f 1413/2876/665 1872/2858/665 1871/2877/665
f 1413/2876/665 1871/2877/665 1414/2878/665
f 1414/2878/665 1871/2877/665 1415/2879/665
f 1415/2879/665 1871/2877/665 1416/2880/665
f 1416/2880/665 1871/2877/665 1870/2881/665
f 1416/2880/665 1870/2881/665 1417/2882/665
f 1417/2882/665 1870/2881/665 1418/2883/665
f 1418/2883/665 1870/2881/665 1869/2884/665
f 1418/2883/665 1869/2884/665 1419/2885/665
f 1419/2885/665 1869/2884/665 1420/2886/665
f 1420/2886/665 1869/2884/665 1089/2887/665
f 1420/2886/665 1089/2887/665 1088/2888/665
f 1868/2889/665 1091/2890/665 1869/2884/665
f 1869/2884/665 1091/2890/665 1090/2891/665
f 1869/2884/665 1090/2891/665 1089/2887/665
f 1867/2892/665 1093/2893/665 1868/2889/665
f 1868/2889/665 1093/2893/665 1092/2894/665
f 1868/2889/665 1092/2894/665 1091/2890/665
f 1866/2895/665 1095/2896/665 1867/2892/665
f 1867/2892/665 1095/2896/665 1094/2897/665
f 1867/2892/665 1094/2897/665 1093/2893/665
f 1865/2898/665 1097/2899/665 1866/2895/665
f 1866/2895/665 1097/2899/665 1096/2900/665
f 1866/2895/665 1096/2900/665 1095/2896/665
f 1864/2901/665 1211/2902/665 1865/2898/665
f 1865/2898/665 1211/2902/665 1210/2903/665
f 1865/2898/665 1210/2903/665 1098/2904/665
f 1098/2904/665 1210/2903/665 1209/2905/665
f 1098/2904/665 1209/2905/665 1075/2906/665
f 1075/2906/665 1209/2905/665 1208/2907/665
f 1075/2906/665 1208/2907/665 1076/2908/665
f 1076/2908/665 1208/2907/665 1207/2909/665
f 1076/2908/665 1207/2909/665 1077/2910/665
f 1077/2910/665 1207/2909/665 1206/2911/665
f 1077/2910/665 1206/2911/665 1078/2912/665
f 1078/2912/665 1206/2911/665 1061/2913/665
f 1078/2912/665 1061/2913/665 1079/2914/665
f 1079/2914/665 1061/2913/665 1060/2915/665
f 1079/2914/665 1060/2915/665 1080/2916/665
f 1080/2916/665 1060/2915/665 1059/2917/665
f 1080/2916/665 1059/2917/665 1081/2918/665
f 1081/2918/665 1059/2917/665 1082/2919/665
f 1082/2919/665 1059/2917/665 1058/2920/665
f 1082/2919/665 1058/2920/665 1083/2921/665
f 1083/2921/665 1058/2920/665 1057/2922/665
f 1083/2921/665 1057/2922/665 1084/2923/665
f 1084/2923/665 1057/2922/665 1085/2924/665
f 1085/2924/665 1057/2922/665 1056/2925/665
f 1085/2924/665 1056/2925/665 1086/2926/665
f 1086/2926/665 1056/2925/665 1399/2927/665
f 1086/2926/665 1399/2927/665 1398/2928/665
f 1863/2929/665 1213/2930/665 1864/2901/665
f 1864/2901/665 1213/2930/665 1212/2931/665
f 1864/2901/665 1212/2931/665 1211/2902/665
f 1597/2932/665 1215/2933/665 1863/2929/665
f 1863/2929/665 1215/2933/665 1214/2934/665
f 1863/2929/665 1214/2934/665 1213/2930/665
f 1597/2932/665 1596/2935/665 1215/2933/665
f 1215/2933/665 1596/2935/665 1216/2936/665
f 1216/2936/665 1596/2935/665 1595/2937/665
f 1216/2936/665 1595/2937/665 1217/2938/665
f 1217/2938/665 1595/2937/665 1218/2939/665
f 1218/2939/665 1595/2937/665 1594/2940/665
f 1218/2939/665 1594/2940/665 1195/2941/665
f 1195/2941/665 1594/2940/665 1593/2942/665
f 1195/2941/665 1593/2942/665 1196/2943/665
f 1196/2943/665 1593/2942/665 1592/2944/665
f 1196/2943/665 1592/2944/665 1197/2945/665
f 1197/2945/665 1592/2944/665 1591/2946/665
f 1197/2945/665 1591/2946/665 1198/2947/665
f 1198/2947/665 1591/2946/665 1590/2549/665
f 1198/2947/665 1590/2549/665 1199/2551/665
f 1612/2948/665 1611/2747/665 1880/2651/665
f 1880/2651/665 1611/2747/665 1741/2749/665
f 1880/2651/665 1741/2749/665 1740/2649/665
f 1801/2735/665 1606/2737/665 1802/2949/665
f 1802/2949/665 1606/2737/665 1605/2950/665
f 1802/2949/665 1605/2950/665 1803/2951/665
f 1803/2951/665 1605/2950/665 1604/2952/665
f 1803/2951/665 1604/2952/665 1804/2953/665
f 1804/2953/665 1604/2952/665 1805/2954/665
f 1805/2954/665 1604/2952/665 1603/2955/665
f 1805/2954/665 1603/2955/665 1806/2956/665
f 1806/2956/665 1603/2955/665 1807/2957/665
f 1807/2957/665 1603/2955/665 1602/2958/665
f 1807/2957/665 1602/2958/665 1808/2959/665
f 1808/2959/665 1602/2958/665 1601/2960/665
f 1808/2959/665 1601/2960/665 1809/2961/665
f 1809/2961/665 1601/2960/665 1810/2962/665
f 1810/2962/665 1601/2960/665 1859/2963/665
f 1810/2962/665 1859/2963/665 1811/2964/665
f 1811/2964/665 1859/2963/665 2045/2965/665
f 1811/2964/665 2045/2965/665 1812/2717/665
f 1812/2717/665 2045/2965/665 2044/2715/665
f 1601/2960/665 1600/2966/665 1859/2963/665
f 2045/2965/665 1859/2963/665 2046/2967/665
f 2046/2967/665 1859/2963/665 2104/2968/665
f 2046/2967/665 2104/2968/665 2047/2969/665
f 2047/2969/665 2104/2968/665 2103/2970/665
f 2047/2969/665 2103/2970/665 2048/2971/665
f 2048/2971/665 2103/2970/665 2049/2972/665
f 2049/2972/665 2103/2970/665 2102/2973/665
f 2049/2972/665 2102/2973/665 2050/2974/665
f 2050/2974/665 2102/2973/665 2051/2975/665
f 2051/2975/665 2102/2973/665 2101/2976/665
f 2051/2975/665 2101/2976/665 2052/2977/665
f 2052/2977/665 2101/2976/665 2053/2978/665
f 2053/2978/665 2101/2976/665 2100/2979/665
f 2053/2978/665 2100/2979/665 2054/2980/665
f 2054/2980/665 2100/2979/665 2099/2698/665
f 2054/2980/665 2099/2698/665 2055/2700/665
f 1598/2981/665 1143/2982/665 1599/2716/665
f 1599/2716/665 1143/2982/665 1142/2983/665
f 1599/2716/665 1142/2983/665 1141/2984/665
f 1913/2753/665 1843/2985/665 1598/2981/665
f 1598/2981/665 1843/2985/665 1842/2986/665
f 1598/2981/665 1842/2986/665 1841/2987/665
f 1913/2753/665 1912/2706/665 1897/2701/665
f 2091/2755/665 2090/2988/665 1913/2753/665
f 1913/2753/665 2090/2988/665 2089/2989/665
f 1913/2753/665 2089/2989/665 2088/2990/665
f 2088/2990/665 2087/2991/665 1913/2753/665
f 1913/2753/665 2087/2991/665 2086/2992/665
f 1913/2753/665 2086/2992/665 2085/2993/665
f 2084/2994/665 1844/2995/665 2085/2993/665
f 2085/2993/665 1844/2995/665 1843/2985/665
f 2085/2993/665 1843/2985/665 1913/2753/665
f 1844/2995/665 2084/2994/665 1845/2996/665
f 1845/2996/665 2084/2994/665 2083/2997/665
f 1845/2996/665 2083/2997/665 1846/2998/665
f 1846/2998/665 2083/2997/665 2082/2999/665
f 1846/2998/665 2082/2999/665 1847/3000/665
f 1847/3000/665 2082/2999/665 2081/3001/665
f 1847/3000/665 2081/3001/665 1848/3002/665
f 1848/3002/665 2081/3001/665 2080/3003/665
f 1848/3002/665 2080/3003/665 1849/3004/665
f 1849/3004/665 2080/3003/665 2079/3005/665
f 1849/3004/665 2079/3005/665 1771/3006/665
f 1771/3006/665 2079/3005/665 2013/3007/665
f 1771/3006/665 2013/3007/665 1772/3008/665
f 1772/3008/665 2013/3007/665 2012/3009/665
f 1772/3008/665 2012/3009/665 1773/3010/665
f 1773/3010/665 2012/3009/665 2011/3011/665
f 1773/3010/665 2011/3011/665 1774/3012/665
f 1774/3012/665 2011/3011/665 2010/3013/665
f 1774/3012/665 2010/3013/665 1775/3014/665
f 1775/3014/665 2010/3013/665 2009/3015/665
f 1775/3014/665 2009/3015/665 1776/3016/665
f 1776/3016/665 2009/3015/665 2008/3017/665
f 1776/3016/665 2008/3017/665 1777/3018/665
f 1777/3018/665 2008/3017/665 2007/3019/665
f 1777/3018/665 2007/3019/665 1699/3020/665
f 1699/3020/665 2007/3019/665 1941/3021/665
f 1699/3020/665 1941/3021/665 1700/3022/665
f 1700/3022/665 1941/3021/665 1940/3023/665
f 1700/3022/665 1940/3023/665 1701/3024/665
f 1701/3024/665 1940/3023/665 1939/3025/665
f 1701/3024/665 1939/3025/665 1702/3026/665
f 1702/3026/665 1939/3025/665 1938/3027/665
f 1702/3026/665 1938/3027/665 1703/3028/665
f 1703/3028/665 1938/3027/665 1937/3029/665
f 1703/3028/665 1937/3029/665 1860/2761/665
f 1860/2761/665 1937/3029/665 1936/3030/665
f 1860/2761/665 1936/3030/665 1935/3031/665
f 2013/3007/665 2079/3005/665 2014/3032/665
f 2014/3032/665 2079/3005/665 2078/3033/665
f 2014/3032/665 2078/3033/665 2015/3034/665
f 2015/3034/665 2078/3033/665 2077/3035/665
f 2015/3034/665 2077/3035/665 2016/3036/665
f 2016/3036/665 2077/3035/665 2076/3037/665
f 2016/3036/665 2076/3037/665 2075/3038/665
f 2016/3036/665 2075/3038/665 2017/3039/665
f 2017/3039/665 2075/3038/665 2074/3040/665
f 2017/3039/665 2074/3040/665 2018/3041/665
f 2018/3041/665 2074/3040/665 2073/3042/665
f 2018/3041/665 2073/3042/665 2019/3043/665
f 2019/3043/665 2073/3042/665 2072/3044/665
f 2019/3043/665 2072/3044/665 2020/3045/665
f 2020/3045/665 2072/3044/665 2071/3046/665
f 2020/3045/665 2071/3046/665 2021/3047/665
f 2021/3047/665 2071/3046/665 2070/2751/665
f 2021/3047/665 2070/2751/665 1998/3048/665
f 1998/3048/665 2070/2751/665 2121/2750/665
f 1998/3048/665 2121/2750/665 1999/3049/665
f 1999/3049/665 2121/2750/665 2000/3050/665
f 2000/3050/665 2121/2750/665 1948/3051/665
f 2000/3050/665 1948/3051/665 2001/3052/665
f 2001/3052/665 1948/3051/665 1947/3053/665
f 2001/3052/665 1947/3053/665 2002/3054/665
f 2002/3054/665 1947/3053/665 1946/3055/665
f 2002/3054/665 1946/3055/665 2003/3056/665
f 2003/3056/665 1946/3055/665 1945/3057/665
f 2003/3056/665 1945/3057/665 2004/3058/665
f 2004/3058/665 1945/3057/665 1944/3059/665
f 2004/3058/665 1944/3059/665 1943/3060/665
f 2007/3019/665 2006/3061/665 1941/3021/665
f 1941/3021/665 2006/3061/665 1942/3062/665
f 1942/3062/665 2006/3061/665 2005/3063/665
f 1942/3062/665 2005/3063/665 1943/3060/665
f 1943/3060/665 2005/3063/665 2004/3058/665
f 1927/2759/665 1926/3064/665 2121/2750/665
f 2121/2750/665 1926/3064/665 1949/3065/665
f 2121/2750/665 1949/3065/665 1948/3051/665
f 1935/3031/665 1934/2762/665 1860/2761/665
f 1933/2763/665 1932/3066/665 2122/2756/665
f 2122/2756/665 1932/3066/665 1931/3067/665
f 2122/2756/665 1931/3067/665 1930/3068/665
f 1930/3068/665 1929/2757/665 2122/2756/665
f 1673/2744/665 1672/3069/665 1743/2746/665
f 1743/2746/665 1672/3069/665 1744/3070/665
f 1744/3070/665 1672/3069/665 1745/3071/665
f 1745/3071/665 1672/3069/665 1671/3072/665
f 1745/3071/665 1671/3072/665 1746/3073/665
f 1746/3073/665 1671/3072/665 1747/3074/665
f 1747/3074/665 1671/3072/665 1670/3075/665
f 1747/3074/665 1670/3075/665 1748/3076/665
f 1748/3076/665 1670/3075/665 1669/3077/665
f 1748/3076/665 1669/3077/665 1749/3078/665
f 1749/3078/665 1669/3077/665 1726/3079/665
f 1726/3079/665 1669/3077/665 1668/2626/665
f 1726/3079/665 1668/2626/665 1727/2628/665
f 1130/2500/665 1659/2498/665 1131/3080/665
f 1131/3080/665 1659/2498/665 1658/3081/665
f 1131/3080/665 1658/3081/665 1132/3082/665
f 1132/3082/665 1658/3081/665 1657/3083/665
f 1132/3082/665 1657/3083/665 1133/3084/665
f 1133/3084/665 1657/3083/665 1656/3085/665
f 1133/3084/665 1656/3085/665 1134/3086/665
f 1134/3086/665 1656/3085/665 1655/3087/665
f 1134/3086/665 1655/3087/665 1135/3088/665
f 1135/3088/665 1655/3087/665 1654/2734/665
f 1135/3088/665 1654/2734/665 1136/2732/665
f 1200/2553/665 1067/2555/665 1201/3089/665
f 1201/3089/665 1067/2555/665 1066/3090/665
f 1201/3089/665 1066/3090/665 1065/3091/665
f 1201/3089/665 1065/3091/665 1202/3092/665
f 1202/3092/665 1065/3091/665 1064/3093/665
f 1202/3092/665 1064/3093/665 1203/3094/665
f 1203/3094/665 1064/3093/665 1204/3095/665
f 1204/3095/665 1064/3093/665 1063/3096/665
f 1204/3095/665 1063/3096/665 1205/3097/665
f 1205/3097/665 1063/3096/665 1062/3098/665
f 1205/3097/665 1062/3098/665 1206/2911/665
f 1206/2911/665 1062/3098/665 1061/2913/665
f 1056/2925/665 1055/3099/665 1399/2927/665
f 1399/2927/665 1055/3099/665 1400/3100/665
f 1400/3100/665 1055/3099/665 1054/3101/665
f 1400/3100/665 1054/3101/665 1401/3102/665
f 1401/3102/665 1054/3101/665 1402/3103/665
f 1402/3103/665 1054/3101/665 1053/3104/665
f 1402/3103/665 1053/3104/665 1403/3105/665
f 1403/3105/665 1053/3104/665 1052/3106/665
f 1403/3105/665 1052/3106/665 1404/3107/665
f 1404/3107/665 1052/3106/665 1051/3108/665
f 1404/3107/665 1051/3108/665 1405/3109/665
f 1405/3109/665 1051/3108/665 1406/3110/665
f 1406/3110/665 1051/3108/665 1050/3111/665
f 1406/3110/665 1050/3111/665 1407/3112/665
f 1407/3112/665 1050/3111/665 1049/2874/665
f 1407/3112/665 1049/2874/665 1408/2872/665
f 543/2873/665 1048/2875/665 544/3113/665
f 544/3113/665 1048/2875/665 1047/2789/665
f 544/3113/665 1047/2789/665 545/2787/665
f 1042/2801/665 1041/3114/665 1469/2803/665
f 1469/2803/665 1041/3114/665 1470/3115/665
f 1470/3115/665 1041/3114/665 1040/3116/665
f 1470/3115/665 1040/3116/665 1471/3117/665
f 1471/3117/665 1040/3116/665 1039/3118/665
f 1471/3117/665 1039/3118/665 1472/3119/665
f 1472/3119/665 1039/3118/665 1038/3120/665
f 1472/3119/665 1038/3120/665 1473/3121/665
f 1473/3121/665 1038/3120/665 1037/3122/665
f 1473/3121/665 1037/3122/665 1474/3123/665
f 1474/3123/665 1037/3122/665 1036/3124/665
f 1474/3123/665 1036/3124/665 1475/3125/665
f 1475/3125/665 1036/3124/665 1476/3126/665
f 1476/3126/665 1036/3124/665 1035/3127/665
f 1476/3126/665 1035/3127/665 1477/3128/665
f 1477/3128/665 1035/3127/665 1034/3129/665
f 1477/3128/665 1034/3129/665 1445/3130/665
f 1445/3130/665 1034/3129/665 1033/3131/665
f 1445/3130/665 1033/3131/665 1446/3132/665
f 1446/3132/665 1033/3131/665 1032/3133/665
f 1446/3132/665 1032/3133/665 1530/3134/665
f 1530/3134/665 1032/3133/665 1031/3135/665
f 1530/3134/665 1031/3135/665 1531/3136/665
f 1531/3136/665 1031/3135/665 1030/3137/665
f 1531/3136/665 1030/3137/665 1532/3138/665
f 1532/3138/665 1030/3137/665 1533/3139/665
f 1533/3139/665 1030/3137/665 1029/3140/665
f 1533/3139/665 1029/3140/665 1534/3141/665
f 1534/3141/665 1029/3140/665 1028/3142/665
f 1534/3141/665 1028/3142/665 1535/3143/665
f 1535/3143/665 1028/3142/665 1027/3144/665
f 1535/3143/665 1027/3144/665 1536/3145/665
f 1536/3145/665 1027/3144/665 1026/3146/665
f 1536/3145/665 1026/3146/665 1537/3147/665
f 1537/3147/665 1026/3146/665 1025/3148/665
f 1537/3147/665 1025/3148/665 1024/3149/665
f 1537/3147/665 1024/3149/665 1511/3150/665
f 1511/3150/665 1024/3149/665 1023/3151/665
f 1511/3150/665 1023/3151/665 1383/3152/665
f 1383/3152/665 1023/3151/665 1384/3153/665
f 1384/3153/665 1023/3151/665 1022/3154/665
f 1384/3153/665 1022/3154/665 1385/3155/665
f 1385/3155/665 1022/3154/665 1021/3156/665
f 1385/3155/665 1021/3156/665 1386/3157/665
f 1386/3157/665 1021/3156/665 1020/3158/665
f 1386/3157/665 1020/3158/665 1387/3159/665
f 1387/3159/665 1020/3158/665 1019/3160/665
f 1387/3159/665 1019/3160/665 1388/3161/665
f 1388/3161/665 1019/3160/665 1018/3162/665
f 1388/3161/665 1018/3162/665 1389/3163/665
f 1389/3163/665 1018/3162/665 1017/3164/665
f 1389/3163/665 1017/3164/665 1390/3165/665
f 1390/3165/665 1017/3164/665 1016/3166/665
f 1390/3165/665 1016/3166/665 826/3167/665
f 826/3167/665 1016/3166/665 1015/3168/665
f 826/3167/665 1015/3168/665 827/3169/665
f 827/3169/665 1015/3168/665 1014/3170/665
f 827/3169/665 1014/3170/665 828/3171/665
f 828/3171/665 1014/3170/665 1013/3172/665
f 828/3171/665 1013/3172/665 1012/3173/665
f 828/3171/665 1012/3173/665 829/2591/665
f 829/2591/665 1012/3173/665 1011/2592/665
f 1098/2904/665 1097/2899/665 1865/2898/665
f 1420/2886/665 1088/2888/665 1397/3174/665
f 1397/3174/665 1088/2888/665 1087/3175/665
f 1397/3174/665 1087/3175/665 1398/2928/665
f 1398/2928/665 1087/3175/665 1086/2926/665
f 1151/2831/665 1150/3176/665 637/2829/665
f 637/2829/665 1150/3176/665 638/3177/665
f 638/3177/665 1150/3176/665 639/3178/665
f 639/3178/665 1150/3176/665 1149/3179/665
f 639/3178/665 1149/3179/665 640/3180/665
f 640/3180/665 1149/3179/665 641/3181/665
f 641/3181/665 1149/3179/665 1148/3182/665
f 641/3181/665 1148/3182/665 642/3183/665
f 642/3183/665 1148/3182/665 1147/3184/665
f 642/3183/665 1147/3184/665 643/3185/665
f 643/3185/665 1147/3184/665 1598/2981/665
f 643/3185/665 1598/2981/665 644/3186/665
f 644/3186/665 1598/2981/665 645/3187/665
f 645/3187/665 1598/2981/665 646/3188/665
f 646/3188/665 1598/2981/665 1837/3189/665
f 646/3188/665 1837/3189/665 647/3190/665
f 647/3190/665 1837/3189/665 1836/3191/665
f 647/3190/665 1836/3191/665 648/3192/665
f 648/3192/665 1836/3191/665 1835/3193/665
f 648/3192/665 1835/3193/665 649/3194/665
f 649/3194/665 1835/3193/665 1834/3195/665
f 649/3194/665 1834/3195/665 650/3196/665
f 650/3196/665 1834/3195/665 1857/3197/665
f 650/3196/665 1857/3197/665 596/3198/665
f 596/3198/665 1857/3197/665 597/3199/665
f 597/3199/665 1857/3197/665 1856/3200/665
f 597/3199/665 1856/3200/665 1764/3201/665
f 1764/3201/665 1856/3200/665 1765/3202/665
f 1765/3202/665 1856/3200/665 1855/3203/665
f 1765/3202/665 1855/3203/665 1766/3204/665
f 1766/3204/665 1855/3203/665 1854/3205/665
f 1766/3204/665 1854/3205/665 1767/3206/665
f 1767/3206/665 1854/3205/665 1853/3207/665
f 1767/3206/665 1853/3207/665 1768/3208/665
f 1768/3208/665 1853/3207/665 1852/3209/665
f 1768/3208/665 1852/3209/665 1851/3210/665
f 1147/3184/665 1146/3211/665 1598/2981/665
f 1598/2981/665 1146/3211/665 1145/3212/665
f 1598/2981/665 1145/3212/665 1144/3213/665
f 1144/3213/665 1143/2982/665 1598/2981/665
f 1141/2984/665 1140/3214/665 1599/2716/665
f 1599/2716/665 1140/3214/665 1139/2725/665
f 1396/3215/665 846/3216/665 1320/3217/665
f 1320/3217/665 846/3216/665 845/3218/665
f 1320/3217/665 845/3218/665 1321/3219/665
f 1321/3219/665 845/3218/665 1322/3220/665
f 1322/3220/665 845/3218/665 844/3221/665
f 1322/3220/665 844/3221/665 1323/3222/665
f 1323/3222/665 844/3221/665 1324/2610/665
f 1324/2610/665 844/3221/665 843/2608/665
f 1396/3215/665 1395/3223/665 846/3216/665
f 846/3216/665 1395/3223/665 847/3224/665
f 847/3224/665 1395/3223/665 1394/3225/665
f 847/3224/665 1394/3225/665 848/3226/665
f 848/3226/665 1394/3225/665 1393/3227/665
f 848/3226/665 1393/3227/665 1392/3228/665
f 848/3226/665 1392/3228/665 825/3229/665
f 825/3229/665 1392/3228/665 1391/3230/665
f 825/3229/665 1391/3230/665 826/3167/665
f 826/3167/665 1391/3230/665 1390/3165/665
f 1511/3150/665 1383/3152/665 1512/3231/665
f 1512/3231/665 1383/3152/665 1382/3232/665
f 1512/3231/665 1382/3232/665 1513/3233/665
f 1513/3233/665 1382/3232/665 1381/3234/665
f 1513/3233/665 1381/3234/665 1514/3235/665
f 1514/3235/665 1381/3234/665 1515/3236/665
f 1515/3236/665 1381/3234/665 1380/3237/665
f 1515/3236/665 1380/3237/665 1516/3238/665
f 1516/3238/665 1380/3237/665 1379/3239/665
f 1516/3238/665 1379/3239/665 1517/3240/665
f 1517/3240/665 1379/3239/665 1378/3241/665
f 1517/3240/665 1378/3241/665 1518/2525/665
f 1518/2525/665 1378/3241/665 1377/2523/665
f 1523/2516/665 1452/2844/665 1524/3242/665
f 1524/3242/665 1452/2844/665 1451/3243/665
f 1524/3242/665 1451/3243/665 1525/3244/665
f 1525/3244/665 1451/3243/665 1450/3245/665
f 1525/3244/665 1450/3245/665 1526/3246/665
f 1526/3246/665 1450/3245/665 1449/3247/665
f 1526/3246/665 1449/3247/665 1527/3248/665
f 1527/3248/665 1449/3247/665 1448/3249/665
f 1527/3248/665 1448/3249/665 1528/3250/665
f 1528/3250/665 1448/3249/665 1447/3251/665
f 1528/3250/665 1447/3251/665 1529/3252/665
f 1529/3252/665 1447/3251/665 1446/3132/665
f 1529/3252/665 1446/3132/665 1530/3134/665
f 1713/2775/665 1712/3253/665 1878/2768/665
f 1878/2768/665 1712/3253/665 1711/2769/665
f 1709/2771/665 1708/3254/665 1879/2764/665
f 1879/2764/665 1708/3254/665 1707/3255/665
f 1879/2764/665 1707/3255/665 1706/2765/665
f 1704/2767/665 1703/3028/665 1860/2761/665
f 1777/3018/665 1699/3020/665 1778/3256/665
f 1778/3256/665 1699/3020/665 1698/3257/665
f 1778/3256/665 1698/3257/665 1779/3258/665
f 1779/3258/665 1698/3257/665 1697/3259/665
f 1779/3258/665 1697/3259/665 1780/3260/665
f 1780/3260/665 1697/3259/665 1696/3261/665
f 1780/3260/665 1696/3261/665 1695/3262/665
f 1780/3260/665 1695/3262/665 1781/3263/665
f 1781/3263/665 1695/3262/665 1694/3264/665
f 1781/3263/665 1694/3264/665 1782/3265/665
f 1782/3265/665 1694/3264/665 1693/3266/665
f 1782/3265/665 1693/3266/665 1783/3267/665
f 1783/3267/665 1693/3266/665 1692/3268/665
f 1783/3267/665 1692/3268/665 1784/2779/665
f 1784/2779/665 1692/3268/665 1877/2772/665
f 1692/3268/665 1691/2773/665 1877/2772/665
f 1785/2778/665 599/3269/665 1762/3270/665
f 1762/3270/665 599/3269/665 598/3271/665
f 1762/3270/665 598/3271/665 1763/3272/665
f 1763/3272/665 598/3271/665 597/3199/665
f 1763/3272/665 597/3199/665 1764/3201/665
f 1771/3006/665 1770/3273/665 1849/3004/665
f 1849/3004/665 1770/3273/665 1850/3274/665
f 1850/3274/665 1770/3273/665 1769/3275/665
f 1850/3274/665 1769/3275/665 1851/3210/665
f 1851/3210/665 1769/3275/665 1768/3208/665
f 1841/2987/665 1840/3276/665 1598/2981/665
f 1598/2981/665 1840/3276/665 1839/3277/665
f 1598/2981/665 1839/3277/665 1838/3278/665
f 1838/3278/665 1837/3189/665 1598/2981/665
f 794/2588/665 793/2583/665 1584/2582/665
f 595/2812/665 651/2814/665 596/3198/665
f 596/3198/665 651/2814/665 650/3196/665
f 600/2777/665 599/3269/665 1785/2778/665
f 16/3279/35 2121/3280/35 11/3281/35
f 11/3281/35 2121/3280/35 29/3282/35
f 29/3282/35 2121/3280/35 1897/3283/35
f 29/3282/35 1897/3283/35 30/3284/35
f 78/71/665 1881/72/665 2124/73/665
f 2124/73/665 1881/72/665 2119/74/665
f 2124/73/665 2119/74/665 2123/75/665
f 2123/75/665 2119/74/665 2118/76/665
f 2123/75/665 2118/76/665 74/77/665
f 8/8/665 14/9/665 2125/10/665
f 43/11/665 1862/3285/665 2127/13/665
f 2127/13/665 1862/3285/665 2126/14/665
f 2126/14/665 1862/3285/665 1861/15/665
f 2126/14/665 1861/15/665 9/16/665
f 2140/17/665 67/18/665 2139/19/665
f 2139/19/665 67/18/665 1653/20/665
f 2139/19/665 1653/20/665 2138/21/665
f 2138/21/665 1653/20/665 1652/22/665
f 2138/21/665 1652/22/665 2137/23/665
f 2137/23/665 1652/22/665 1651/24/665
f 2137/23/665 1651/24/665 2136/25/665
f 2136/25/665 1651/24/665 1650/26/665
f 2136/25/665 1650/26/665 2135/27/665
f 2135/27/665 1650/26/665 1649/28/665
f 2135/27/665 1649/28/665 2134/29/665
f 2134/29/665 1649/28/665 1648/30/665
f 2134/29/665 1648/30/665 1647/31/665
f 2134/29/665 1647/31/665 2133/32/665
f 2133/32/665 1647/31/665 1646/33/665
f 2133/32/665 1646/33/665 2132/34/665
f 2132/34/665 1646/33/665 1645/35/665
f 2132/34/665 1645/35/665 2131/36/665
f 2131/36/665 1645/35/665 1644/37/665
f 2131/36/665 1644/37/665 2130/38/665
f 2130/38/665 1644/37/665 1643/39/665
f 2130/38/665 1643/39/665 2129/40/665
f 2129/40/665 1643/39/665 44/41/665
f 2129/40/665 44/41/665 2128/42/665
f 29/43/665 2141/44/665 11/45/665
f 11/45/665 2141/44/665 2142/46/665
f 11/45/665 2142/46/665 2144/47/665
f 2144/47/665 2142/46/665 2143/48/665
f 68/49/665 849/50/665 2145/51/665
f 2145/51/665 849/50/665 944/52/665
f 2145/51/665 944/52/665 58/53/665
f 1896/3286/665 2148/55/665 1882/56/665
f 1882/56/665 2148/55/665 2149/57/665
f 1882/56/665 2149/57/665 2150/58/665
f 2148/55/665 1896/3286/665 2147/59/665
f 2147/59/665 1896/3286/665 1895/3287/665
f 2147/59/665 1895/3287/665 1894/3288/665
f 2147/59/665 1894/3288/665 2146/61/665
f 2146/61/665 1894/3288/665 1893/3289/665
f 2146/61/665 1893/3289/665 1892/3290/665
f 1892/3290/665 52/63/665 2146/61/665
f 2150/58/665 2151/64/665 1882/56/665
f 1882/56/665 2151/64/665 2152/65/665
f 1882/56/665 2152/65/665 2153/66/665
f 2153/66/665 17/67/665 1882/56/665
f 49/68/665 69/69/665 2154/70/665
f 2167/78/665 77/79/665 2166/80/665
f 2166/80/665 77/79/665 2117/81/665
f 2166/80/665 2117/81/665 2165/82/665
f 2165/82/665 2117/81/665 2116/83/665
f 2165/82/665 2116/83/665 2164/84/665
f 2164/84/665 2116/83/665 2115/85/665
f 2164/84/665 2115/85/665 2163/86/665
f 2163/86/665 2115/85/665 2114/87/665
f 2163/86/665 2114/87/665 2162/88/665
f 2162/88/665 2114/87/665 2113/89/665
f 2162/88/665 2113/89/665 2161/90/665
f 2161/90/665 2113/89/665 2112/91/665
f 2161/90/665 2112/91/665 2111/92/665
f 2161/90/665 2111/92/665 2160/93/665
f 2160/93/665 2111/92/665 2110/94/665
f 2160/93/665 2110/94/665 2159/95/665
f 2159/95/665 2110/94/665 2109/96/665
f 2159/95/665 2109/96/665 2158/97/665
f 2158/97/665 2109/96/665 2108/98/665
f 2158/97/665 2108/98/665 2157/99/665
f 2157/99/665 2108/98/665 2107/100/665
f 2157/99/665 2107/100/665 2156/101/665
f 2156/101/665 2107/100/665 5/102/665
f 2156/101/665 5/102/665 2155/103/665
f 90/7/665 2168/5/665 1858/6/665
f 1858/6/665 2168/5/665 2105/4/665
f 2105/4/665 2168/5/665 2169/3/665
f 2105/4/665 2169/3/665 2106/2/665
f 2106/2/665 2169/3/665 1/1/665
f 2170/104/665 2171/105/665 1910/106/665
f 1910/106/665 2171/105/665 1911/107/665
f 108/233/665 2069/234/665 2182/235/665
f 2182/235/665 2069/234/665 2068/236/665
f 2182/235/665 2068/236/665 2181/237/665
f 2181/237/665 2068/236/665 2067/238/665
f 2181/237/665 2067/238/665 2180/239/665
f 2180/239/665 2067/238/665 2066/240/665
f 2180/239/665 2066/240/665 2179/241/665
f 2179/241/665 2066/240/665 2065/242/665
f 2179/241/665 2065/242/665 2178/243/665
f 2178/243/665 2065/242/665 2064/244/665
f 2178/243/665 2064/244/665 2177/245/665
f 2177/245/665 2064/244/665 2063/246/665
f 2177/245/665 2063/246/665 2176/247/665
f 2176/247/665 2063/246/665 2062/248/665
f 2176/247/665 2062/248/665 2175/249/665
f 2175/249/665 2062/248/665 2061/250/665
f 2175/249/665 2061/250/665 2174/251/665
f 2174/251/665 2061/250/665 2060/252/665
f 2174/251/665 2060/252/665 2173/253/665
f 2173/253/665 2060/252/665 2059/254/665
f 2173/253/665 2059/254/665 2172/255/665
f 2172/255/665 2059/254/665 2058/256/665
f 2172/255/665 2058/256/665 121/257/665
f 133/258/665 2033/259/665 2193/260/665
f 2193/260/665 2033/259/665 2032/261/665
f 2193/260/665 2032/261/665 2192/262/665
f 2192/262/665 2032/261/665 2031/263/665
f 2192/262/665 2031/263/665 2191/264/665
f 2191/264/665 2031/263/665 2030/265/665
f 2191/264/665 2030/265/665 2190/266/665
f 2190/266/665 2030/265/665 2029/267/665
f 2190/266/665 2029/267/665 2189/268/665
f 2189/268/665 2029/267/665 2028/269/665
f 2189/268/665 2028/269/665 2188/270/665
f 2188/270/665 2028/269/665 2027/271/665
f 2188/270/665 2027/271/665 2187/272/665
f 2187/272/665 2027/271/665 2026/273/665
f 2187/272/665 2026/273/665 2186/274/665
f 2186/274/665 2026/273/665 2025/275/665
f 2186/274/665 2025/275/665 2185/276/665
f 2185/276/665 2025/275/665 2024/277/665
f 2185/276/665 2024/277/665 2184/278/665
f 2184/278/665 2024/277/665 2023/279/665
f 2184/278/665 2023/279/665 2183/280/665
f 2183/280/665 2023/279/665 2022/281/665
f 2183/280/665 2022/281/665 146/282/665
f 158/283/665 1997/284/665 2204/285/665
f 2204/285/665 1997/284/665 1996/286/665
f 2204/285/665 1996/286/665 2203/287/665
f 2203/287/665 1996/286/665 1995/288/665
f 2203/287/665 1995/288/665 2202/289/665
f 2202/289/665 1995/288/665 1994/290/665
f 2202/289/665 1994/290/665 2201/291/665
f 2201/291/665 1994/290/665 1993/292/665
f 2201/291/665 1993/292/665 2200/293/665
f 2200/293/665 1993/292/665 1992/294/665
f 2200/293/665 1992/294/665 2199/295/665
f 2199/295/665 1992/294/665 1991/296/665
f 2199/295/665 1991/296/665 2198/297/665
f 2198/297/665 1991/296/665 1990/298/665
f 2198/297/665 1990/298/665 2197/299/665
f 2197/299/665 1990/298/665 1989/300/665
f 2197/299/665 1989/300/665 2196/301/665
f 2196/301/665 1989/300/665 1988/302/665
f 2196/301/665 1988/302/665 2195/303/665
f 2195/303/665 1988/302/665 1987/304/665
f 2195/303/665 1987/304/665 2194/305/665
f 2194/305/665 1987/304/665 1986/306/665
f 2194/305/665 1986/306/665 171/307/665
f 183/308/665 1961/309/665 2215/310/665
f 2215/310/665 1961/309/665 1960/311/665
f 2215/310/665 1960/311/665 2214/312/665
f 2214/312/665 1960/311/665 1959/313/665
f 2214/312/665 1959/313/665 2213/314/665
f 2213/314/665 1959/313/665 1958/315/665
f 2213/314/665 1958/315/665 2212/316/665
f 2212/316/665 1958/315/665 1957/317/665
f 2212/316/665 1957/317/665 2211/318/665
f 2211/318/665 1957/317/665 1956/319/665
f 2211/318/665 1956/319/665 2210/320/665
f 2210/320/665 1956/319/665 1955/321/665
f 2210/320/665 1955/321/665 2209/322/665
f 2209/322/665 1955/321/665 1954/323/665
f 2209/322/665 1954/323/665 2208/324/665
f 2208/324/665 1954/323/665 1953/325/665
f 2208/324/665 1953/325/665 2207/326/665
f 2207/326/665 1953/325/665 1952/327/665
f 2207/326/665 1952/327/665 2206/328/665
f 2206/328/665 1952/327/665 1951/329/665
f 2206/328/665 1951/329/665 2205/330/665
f 2205/330/665 1951/329/665 1950/331/665
f 2205/330/665 1950/331/665 196/332/665
f 208/333/665 1925/334/665 2226/335/665
f 2226/335/665 1925/334/665 1924/336/665
f 2226/335/665 1924/336/665 2225/337/665
f 2225/337/665 1924/336/665 1923/338/665
f 2225/337/665 1923/338/665 2224/339/665
f 2224/339/665 1923/338/665 1922/340/665
f 2224/339/665 1922/340/665 2223/341/665
f 2223/341/665 1922/340/665 1921/342/665
f 2223/341/665 1921/342/665 2222/343/665
f 2222/343/665 1921/342/665 1920/344/665
f 2222/343/665 1920/344/665 2221/345/665
f 2221/345/665 1920/344/665 1919/346/665
f 2221/345/665 1919/346/665 2220/347/665
f 2220/347/665 1919/346/665 1918/348/665
f 2220/347/665 1918/348/665 2219/349/665
f 2219/349/665 1918/348/665 1917/350/665
f 2219/349/665 1917/350/665 2218/351/665
f 2218/351/665 1917/350/665 1916/352/665
f 2218/351/665 1916/352/665 2217/353/665
f 2217/353/665 1916/352/665 1915/354/665
f 2217/353/665 1915/354/665 2216/355/665
f 2216/355/665 1915/354/665 1914/356/665
f 2216/355/665 1914/356/665 221/357/665
f 233/108/665 1833/109/665 2237/110/665
f 2237/110/665 1833/109/665 1832/111/665
f 2237/110/665 1832/111/665 2236/112/665
f 2236/112/665 1832/111/665 1831/113/665
f 2236/112/665 1831/113/665 2235/114/665
f 2235/114/665 1831/113/665 1830/115/665
f 2235/114/665 1830/115/665 2234/116/665
f 2234/116/665 1830/115/665 1829/117/665
f 2234/116/665 1829/117/665 2233/118/665
f 2233/118/665 1829/117/665 1828/119/665
f 2233/118/665 1828/119/665 2232/120/665
f 2232/120/665 1828/119/665 1827/121/665
f 2232/120/665 1827/121/665 2231/122/665
f 2231/122/665 1827/121/665 1826/123/665
f 2231/122/665 1826/123/665 2230/124/665
f 2230/124/665 1826/123/665 1825/125/665
f 2230/124/665 1825/125/665 2229/126/665
f 2229/126/665 1825/125/665 1824/127/665
f 2229/126/665 1824/127/665 2228/128/665
f 2228/128/665 1824/127/665 1823/129/665
f 2228/128/665 1823/129/665 2227/130/665
f 2227/130/665 1823/129/665 1822/131/665
f 2227/130/665 1822/131/665 246/132/665
f 258/133/665 1797/134/665 2248/135/665
f 2248/135/665 1797/134/665 1796/136/665
f 2248/135/665 1796/136/665 2247/137/665
f 2247/137/665 1796/136/665 1795/138/665
f 2247/137/665 1795/138/665 2246/139/665
f 2246/139/665 1795/138/665 1794/140/665
f 2246/139/665 1794/140/665 2245/141/665
f 2245/141/665 1794/140/665 1793/142/665
f 2245/141/665 1793/142/665 2244/143/665
f 2244/143/665 1793/142/665 1792/144/665
f 2244/143/665 1792/144/665 2243/145/665
f 2243/145/665 1792/144/665 1791/146/665
f 2243/145/665 1791/146/665 2242/147/665
f 2242/147/665 1791/146/665 1790/148/665
f 2242/147/665 1790/148/665 2241/149/665
f 2241/149/665 1790/148/665 1789/150/665
f 2241/149/665 1789/150/665 2240/151/665
f 2240/151/665 1789/150/665 1788/152/665
f 2240/151/665 1788/152/665 2239/153/665
f 2239/153/665 1788/152/665 1787/154/665
f 2239/153/665 1787/154/665 2238/155/665
f 2238/155/665 1787/154/665 1786/156/665
f 2238/155/665 1786/156/665 271/157/665
f 283/158/665 1761/159/665 2259/160/665
f 2259/160/665 1761/159/665 1760/161/665
f 2259/160/665 1760/161/665 2258/162/665
f 2258/162/665 1760/161/665 1759/163/665
f 2258/162/665 1759/163/665 2257/164/665
f 2257/164/665 1759/163/665 1758/165/665
f 2257/164/665 1758/165/665 2256/166/665
f 2256/166/665 1758/165/665 1757/167/665
f 2256/166/665 1757/167/665 2255/168/665
f 2255/168/665 1757/167/665 1756/169/665
f 2255/168/665 1756/169/665 2254/170/665
f 2254/170/665 1756/169/665 1755/171/665
f 2254/170/665 1755/171/665 2253/172/665
f 2253/172/665 1755/171/665 1754/173/665
f 2253/172/665 1754/173/665 2252/174/665
f 2252/174/665 1754/173/665 1753/175/665
f 2252/174/665 1753/175/665 2251/176/665
f 2251/176/665 1753/175/665 1752/177/665
f 2251/176/665 1752/177/665 2250/178/665
f 2250/178/665 1752/177/665 1751/179/665
f 2250/178/665 1751/179/665 2249/180/665
f 2249/180/665 1751/179/665 1750/181/665
f 2249/180/665 1750/181/665 296/182/665
f 308/183/665 1725/184/665 2270/185/665
f 2270/185/665 1725/184/665 1724/186/665
f 2270/185/665 1724/186/665 2269/187/665
f 2269/187/665 1724/186/665 1723/188/665
f 2269/187/665 1723/188/665 2268/189/665
f 2268/189/665 1723/188/665 1722/190/665
f 2268/189/665 1722/190/665 2267/191/665
f 2267/191/665 1722/190/665 1721/192/665
f 2267/191/665 1721/192/665 2266/193/665
f 2266/193/665 1721/192/665 1720/194/665
f 2266/193/665 1720/194/665 2265/195/665
f 2265/195/665 1720/194/665 1719/196/665
f 2265/195/665 1719/196/665 2264/197/665
f 2264/197/665 1719/196/665 1718/198/665
f 2264/197/665 1718/198/665 2263/199/665
f 2263/199/665 1718/198/665 1717/200/665
f 2263/199/665 1717/200/665 2262/201/665
f 2262/201/665 1717/200/665 1716/202/665
f 2262/201/665 1716/202/665 2261/203/665
f 2261/203/665 1716/202/665 1715/204/665
f 2261/203/665 1715/204/665 2260/205/665
f 2260/205/665 1715/204/665 1714/206/665
f 2260/205/665 1714/206/665 321/207/665
f 333/208/665 1689/209/665 2281/210/665
f 2281/210/665 1689/209/665 1688/211/665
f 2281/210/665 1688/211/665 2280/212/665
f 2280/212/665 1688/211/665 1687/213/665
f 2280/212/665 1687/213/665 2279/214/665
f 2279/214/665 1687/213/665 1686/215/665
f 2279/214/665 1686/215/665 2278/216/665
f 2278/216/665 1686/215/665 1685/217/665
f 2278/216/665 1685/217/665 2277/218/665
f 2277/218/665 1685/217/665 1684/219/665
f 2277/218/665 1684/219/665 2276/220/665
f 2276/220/665 1684/219/665 1683/221/665
f 2276/220/665 1683/221/665 2275/222/665
f 2275/222/665 1683/221/665 1682/223/665
f 2275/222/665 1682/223/665 2274/224/665
f 2274/224/665 1682/223/665 1681/225/665
f 2274/224/665 1681/225/665 2273/226/665
f 2273/226/665 1681/225/665 1680/227/665
f 2273/226/665 1680/227/665 2272/228/665
f 2272/228/665 1680/227/665 1679/229/665
f 2272/228/665 1679/229/665 2271/230/665
f 2271/230/665 1679/229/665 1678/231/665
f 2271/230/665 1678/231/665 346/232/665
f 2283/712/70 2329/713/70 2282/714/35
f 2282/714/35 2329/713/70 2306/715/35
f 2282/716/35 2306/717/35 2305/718/69
f 2305/718/69 2306/717/35 2307/719/69
f 2305/718/69 2307/719/69 2304/720/88
f 2304/720/88 2307/719/69 2308/721/88
f 2304/720/88 2308/721/88 2303/722/87
f 2303/722/87 2308/721/88 2309/723/87
f 2303/722/87 2309/723/87 2302/724/86
f 2302/724/86 2309/723/87 2310/725/86
f 2302/724/86 2310/725/86 2301/726/85
f 2301/726/85 2310/725/86 2311/727/85
f 2301/726/85 2311/727/85 2300/728/84
f 2300/728/84 2311/727/85 2312/729/84
f 2300/728/84 2312/729/84 2299/730/83
f 2299/730/83 2312/729/84 2313/731/83
f 2299/730/83 2313/731/83 2298/732/46
f 2298/732/46 2313/731/83 2314/733/46
f 2298/732/46 2314/733/46 2297/734/82
f 2297/734/82 2314/733/46 2315/735/82
f 2297/734/82 2315/735/82 2296/736/81
f 2296/736/81 2315/735/82 2316/737/81
f 2296/736/81 2316/737/81 2295/738/80
f 2295/738/80 2316/737/81 2317/739/80
f 2295/738/80 2317/739/80 2294/740/3
f 2294/740/3 2317/739/80 2318/741/3
f 2294/740/3 2318/741/3 2293/742/79
f 2293/742/79 2318/741/3 2319/743/79
f 2293/742/79 2319/743/79 2292/744/78
f 2292/744/78 2319/743/79 2320/745/78
f 2292/744/78 2320/745/78 2291/746/77
f 2291/746/77 2320/745/78 2321/747/77
f 2291/746/77 2321/747/77 2290/748/59
f 2290/748/59 2321/747/77 2322/749/59
f 2290/748/59 2322/749/59 2289/750/76
f 2289/750/76 2322/749/59 2323/751/76
f 2289/750/76 2323/751/76 2288/752/75
f 2288/752/75 2323/751/76 2324/753/75
f 2288/752/75 2324/753/75 2287/754/74
f 2287/754/74 2324/753/75 2325/755/74
f 2287/754/74 2325/755/74 2286/756/73
f 2286/756/73 2325/755/74 2326/757/73
f 2286/756/73 2326/757/73 2285/758/72
f 2285/758/72 2326/757/73 2327/759/72
f 2285/758/72 2327/759/72 2284/760/71
f 2284/760/71 2327/759/72 2328/761/71
f 2284/760/71 2328/761/71 2283/712/70
f 2283/712/70 2328/761/71 2329/713/70
f 2331/712/70 2377/713/70 2330/714/35
f 2330/714/35 2377/713/70 2354/715/35
f 2330/716/35 2354/717/35 2353/718/69
f 2353/718/69 2354/717/35 2355/719/69
f 2353/718/69 2355/719/69 2352/720/88
f 2352/720/88 2355/719/69 2356/721/88
f 2352/720/88 2356/721/88 2351/722/87
f 2351/722/87 2356/721/88 2357/723/87
f 2351/722/87 2357/723/87 2350/724/86
f 2350/724/86 2357/723/87 2358/725/86
f 2350/724/86 2358/725/86 2349/726/85
f 2349/726/85 2358/725/86 2359/727/85
f 2349/726/85 2359/727/85 2348/728/84
f 2348/728/84 2359/727/85 2360/729/84
f 2348/728/84 2360/729/84 2347/730/83
f 2347/730/83 2360/729/84 2361/731/83
f 2347/730/83 2361/731/83 2346/732/46
f 2346/732/46 2361/731/83 2362/733/46
f 2346/732/46 2362/733/46 2345/734/82
f 2345/734/82 2362/733/46 2363/735/82
f 2345/734/82 2363/735/82 2344/736/81
f 2344/736/81 2363/735/82 2364/737/81
f 2344/736/81 2364/737/81 2343/738/80
f 2343/738/80 2364/737/81 2365/739/80
f 2343/738/80 2365/739/80 2342/740/3
f 2342/740/3 2365/739/80 2366/741/3
f 2342/740/3 2366/741/3 2341/742/79
f 2341/742/79 2366/741/3 2367/743/79
f 2341/742/79 2367/743/79 2340/744/78
f 2340/744/78 2367/743/79 2368/745/78
f 2340/744/78 2368/745/78 2339/746/77
f 2339/746/77 2368/745/78 2369/747/77
f 2339/746/77 2369/747/77 2338/748/59
f 2338/748/59 2369/747/77 2370/749/59
f 2338/748/59 2370/749/59 2337/750/76
f 2337/750/76 2370/749/59 2371/751/76
f 2337/750/76 2371/751/76 2336/752/75
f 2336/752/75 2371/751/76 2372/753/75
f 2336/752/75 2372/753/75 2335/754/74
f 2335/754/74 2372/753/75 2373/755/74
f 2335/754/74 2373/755/74 2334/756/73
f 2334/756/73 2373/755/74 2374/757/73
f 2334/756/73 2374/757/73 2333/758/72
f 2333/758/72 2374/757/73 2375/759/72
f 2333/758/72 2375/759/72 2332/760/71
f 2332/760/71 2375/759/72 2376/761/71
f 2332/760/71 2376/761/71 2331/712/70
f 2331/712/70 2376/761/71 2377/713/70
f 2378/762/666 2379/763/667 50/764/666
f 50/764/666 2379/763/667 51/765/668
f 51/765/668 2379/763/667 2380/766/669
f 51/765/668 2380/766/669 52/767/670
f 52/767/670 2380/766/669 2381/768/671
f 52/767/670 2381/768/671 2146/769/672
f 2146/769/672 2381/768/671 2382/770/673
f 2146/769/672 2382/770/673 2147/771/674
f 2147/771/674 2382/770/673 2383/772/675
f 2147/771/674 2383/772/675 2384/773/676
f 2147/771/674 2384/773/676 2148/774/677
f 2148/774/677 2384/773/676 2385/775/678
f 2148/774/677 2385/775/678 2149/776/679
f 2149/776/679 2385/775/678 2386/777/680
f 2149/776/679 2386/777/680 2150/778/681
f 2150/778/681 2386/777/680 2387/779/682
f 2150/778/681 2387/779/682 2470/780/683
f 2470/780/683 2387/779/682 2388/781/684
f 2470/780/683 2388/781/684 2469/782/684
f 2469/782/684 2388/781/684 2389/783/685
f 2469/782/684 2389/783/685 2468/784/685
f 2468/784/685 2389/783/685 2390/785/686
f 2468/784/685 2390/785/686 2467/786/686
f 2467/786/686 2390/785/686 2391/787/687
f 2467/786/686 2391/787/687 2466/788/687
f 2466/788/687 2391/787/687 2392/789/688
f 2466/788/687 2392/789/688 2465/790/689
f 2465/790/689 2392/789/688 2393/791/690
f 2465/790/689 2393/791/690 2464/792/690
f 2464/792/690 2393/791/690 2394/793/691
f 2464/792/690 2394/793/691 2463/794/691
f 2463/794/691 2394/793/691 2395/795/692
f 2463/794/691 2395/795/692 2462/796/693
f 2462/796/693 2395/795/692 2396/797/694
f 2462/796/693 2396/797/694 2461/798/694
f 2461/798/694 2396/797/694 2397/799/695
f 2461/798/694 2397/799/695 2460/800/696
f 2460/800/696 2397/799/695 2398/801/697
f 2460/800/696 2398/801/697 2459/802/697
f 2459/802/697 2398/801/697 2399/803/698
f 2459/802/697 2399/803/698 2458/804/698
f 2458/804/698 2399/803/698 2400/805/699
f 2458/804/698 2400/805/699 2457/806/700
f 2457/806/700 2400/805/699 2401/807/701
f 2457/806/700 2401/807/701 2456/808/702
f 2456/808/702 2401/807/701 2402/809/703
f 2456/808/702 2402/809/703 2455/810/703
f 2455/810/703 2402/809/703 2403/811/704
f 2455/810/703 2403/811/704 2454/812/704
f 2454/812/704 2403/811/704 2404/813/705
f 2454/812/704 2404/813/705 2453/814/705
f 2453/814/705 2404/813/705 2405/815/706
f 2453/814/705 2405/815/706 2452/816/706
f 2452/816/706 2405/815/706 2406/817/707
f 2452/816/706 2406/817/707 2451/818/707
f 2451/818/707 2406/817/707 2407/819/708
f 2451/818/707 2407/819/708 2450/820/708
f 2450/820/708 2407/819/708 2408/821/709
f 2450/820/708 2408/821/709 2449/822/709
f 2449/822/709 2408/821/709 2409/823/710
f 2449/822/709 2409/823/710 2448/824/711
f 2448/824/711 2409/823/710 2410/825/712
f 2448/824/711 2410/825/712 2447/826/713
f 2447/826/713 2410/825/712 2411/827/714
f 2447/826/713 2411/827/714 2446/828/714
f 2446/828/714 2411/827/714 2412/829/715
f 2446/828/714 2412/829/715 2445/830/716
f 2445/830/716 2412/829/715 2413/831/717
f 2445/830/716 2413/831/717 2444/832/718
f 2444/832/718 2413/831/717 2414/833/719
f 2444/832/718 2414/833/719 2443/834/719
f 2443/834/719 2414/833/719 2415/835/720
f 2443/834/719 2415/835/720 2442/836/720
f 2442/836/720 2415/835/720 2416/837/721
f 2442/836/720 2416/837/721 2441/838/721
f 2441/838/721 2416/837/721 2417/839/722
f 2441/838/721 2417/839/722 2440/840/722
f 2440/840/722 2417/839/722 2418/841/723
f 2440/840/722 2418/841/723 2439/842/724
f 2439/842/724 2418/841/723 2419/843/725
f 2439/842/724 2419/843/725 2438/844/725
f 2438/844/725 2419/843/725 2420/845/726
f 2438/844/725 2420/845/726 2437/846/726
f 2437/846/726 2420/845/726 2421/847/727
f 2437/846/726 2421/847/727 2436/848/728
f 2436/848/728 2421/847/727 2422/849/729
f 2436/848/728 2422/849/729 2435/850/729
f 2435/850/729 2422/849/729 2423/851/730
f 2435/850/729 2423/851/730 2434/852/731
f 2434/852/731 2423/851/730 2424/853/732
f 2434/852/731 2424/853/732 2433/854/733
f 2433/854/733 2424/853/732 2425/855/734
f 2433/854/733 2425/855/734 2432/856/734
f 2432/856/734 2425/855/734 2426/857/735
f 2432/856/734 2426/857/735 2431/858/735
f 2431/858/735 2426/857/735 2427/859/736
f 2431/858/735 2427/859/736 2430/860/737
f 2430/860/737 2427/859/736 2428/861/738
f 2430/860/737 2428/861/738 2429/862/738
f 2470/780/683 2471/863/681 2150/778/681
f 2472/864/739 2473/865/740 2537/866/739
f 2537/866/739 2473/865/740 2601/867/740
f 2601/867/740 2473/865/740 2474/868/741
f 2601/867/740 2474/868/741 2600/869/741
f 2600/869/741 2474/868/741 2475/870/742
f 2600/869/741 2475/870/742 2599/871/742
f 2599/871/742 2475/870/742 2476/872/743
f 2599/871/742 2476/872/743 2598/873/743
f 2598/873/743 2476/872/743 2477/874/744
f 2598/873/743 2477/874/744 2597/875/745
f 2597/875/745 2477/874/744 2478/876/746
f 2597/875/745 2478/876/746 2596/877/747
f 2596/877/747 2478/876/746 2479/878/748
f 2596/877/747 2479/878/748 2595/879/748
f 2595/879/748 2479/878/748 2480/880/749
f 2595/879/748 2480/880/749 2594/881/749
f 2594/881/749 2480/880/749 2481/882/750
f 2594/881/749 2481/882/750 2593/883/750
f 2593/883/750 2481/882/750 2482/884/751
f 2593/883/750 2482/884/751 2592/885/751
f 2592/885/751 2482/884/751 2483/886/752
f 2592/885/751 2483/886/752 2591/887/752
f 2591/887/752 2483/886/752 2484/888/753
f 2591/887/752 2484/888/753 2590/889/753
f 2590/889/753 2484/888/753 2485/890/754
f 2590/889/753 2485/890/754 2589/891/754
f 2589/891/754 2485/890/754 2486/892/755
f 2589/891/754 2486/892/755 2588/893/756
f 2588/893/756 2486/892/755 2487/894/757
f 2588/893/756 2487/894/757 2587/895/757
f 2587/895/757 2487/894/757 2488/896/758
f 2587/895/757 2488/896/758 2586/897/758
f 2586/897/758 2488/896/758 2489/898/759
f 2586/897/758 2489/898/759 2585/899/759
f 2585/899/759 2489/898/759 2490/900/760
f 2585/899/759 2490/900/760 2584/901/761
f 2584/901/761 2490/900/760 2491/902/762
f 2584/901/761 2491/902/762 2583/903/762
f 2583/903/762 2491/902/762 2492/904/763
f 2583/903/762 2492/904/763 2582/905/763
f 2582/905/763 2492/904/763 2493/906/764
f 2582/905/763 2493/906/764 2581/907/765
f 2581/907/765 2493/906/764 2494/908/766
f 2581/907/765 2494/908/766 2580/909/766
f 2580/909/766 2494/908/766 2495/910/767
f 2580/909/766 2495/910/767 2579/911/767
f 2579/911/767 2495/910/767 2496/912/768
f 2579/911/767 2496/912/768 2578/913/768
f 2578/913/768 2496/912/768 2497/914/769
f 2578/913/768 2497/914/769 2577/915/770
f 2577/915/770 2497/914/769 2498/916/771
f 2577/915/770 2498/916/771 2576/917/772
f 2576/917/772 2498/916/771 2499/918/773
f 2576/917/772 2499/918/773 2575/919/773
f 2575/919/773 2499/918/773 2500/920/774
f 2575/919/773 2500/920/774 2574/921/775
f 2574/921/775 2500/920/774 2501/922/776
f 2574/921/775 2501/922/776 2573/923/776
f 2573/923/776 2501/922/776 2502/924/777
f 2573/923/776 2502/924/777 2572/925/777
f 2572/925/777 2502/924/777 2503/926/778
f 2572/925/777 2503/926/778 2571/927/779
f 2571/927/779 2503/926/778 2504/928/780
f 2571/927/779 2504/928/780 2570/929/781
f 2570/929/781 2504/928/780 2505/930/782
f 2570/929/781 2505/930/782 2569/931/782
f 2569/931/782 2505/930/782 2506/932/783
f 2569/931/782 2506/932/783 2568/933/783
f 2568/933/783 2506/932/783 2507/934/784
f 2568/933/783 2507/934/784 2567/935/784
f 2567/935/784 2507/934/784 2508/936/785
f 2567/935/784 2508/936/785 2566/937/785
f 2566/937/785 2508/936/785 2509/938/786
f 2566/937/785 2509/938/786 2565/939/786
f 2565/939/786 2509/938/786 2510/940/787
f 2565/939/786 2510/940/787 2564/941/787
f 2564/941/787 2510/940/787 2511/942/788
f 2564/941/787 2511/942/788 2563/943/788
f 2563/943/788 2511/942/788 2512/944/789
f 2563/943/788 2512/944/789 2562/945/789
f 2562/945/789 2512/944/789 2513/946/790
f 2562/945/789 2513/946/790 2561/947/790
f 2561/947/790 2513/946/790 2514/948/791
f 2561/947/790 2514/948/791 2560/949/791
f 2560/949/791 2514/948/791 2515/950/792
f 2560/949/791 2515/950/792 2559/951/792
f 2559/951/792 2515/950/792 2516/952/793
f 2559/951/792 2516/952/793 2558/953/793
f 2558/953/793 2516/952/793 2517/954/794
f 2558/953/793 2517/954/794 2557/955/795
f 2557/955/795 2517/954/794 2518/956/383
f 2557/955/795 2518/956/383 2556/957/796
f 2556/957/796 2518/956/383 2519/958/797
f 2556/957/796 2519/958/797 2555/959/798
f 2555/959/798 2519/958/797 2520/960/799
f 2555/959/798 2520/960/799 2554/961/799
f 2554/961/799 2520/960/799 2521/962/800
f 2554/961/799 2521/962/800 2553/963/801
f 2553/963/801 2521/962/800 2522/964/802
f 2553/963/801 2522/964/802 2552/965/802
f 2552/965/802 2522/964/802 2523/966/803
f 2552/965/802 2523/966/803 2551/967/803
f 2551/967/803 2523/966/803 2524/968/804
f 2551/967/803 2524/968/804 2550/969/804
f 2550/969/804 2524/968/804 2525/970/805
f 2550/969/804 2525/970/805 2549/971/806
f 2549/971/806 2525/970/805 2526/972/807
f 2549/971/806 2526/972/807 2548/973/807
f 2548/973/807 2526/972/807 2527/974/580
f 2548/973/807 2527/974/580 2547/975/580
f 2547/975/580 2527/974/580 2528/976/808
f 2547/975/580 2528/976/808 2546/977/809
f 2546/977/809 2528/976/808 2529/978/810
f 2546/977/809 2529/978/810 2545/979/810
f 2545/979/810 2529/978/810 2530/980/811
f 2545/979/810 2530/980/811 2544/981/811
f 2544/981/811 2530/980/811 2531/982/812
f 2544/981/811 2531/982/812 2543/983/812
f 2543/983/812 2531/982/812 2532/984/813
f 2543/983/812 2532/984/813 2542/985/813
f 2542/985/813 2532/984/813 2533/986/814
f 2542/985/813 2533/986/814 2541/987/815
f 2541/987/815 2533/986/814 2534/988/816
f 2541/987/815 2534/988/816 2540/989/817
f 2540/989/817 2534/988/816 2535/990/818
f 2540/989/817 2535/990/818 2539/991/819
f 2539/991/819 2535/990/818 2536/992/820
f 2539/991/819 2536/992/820 2538/993/820
f 2538/993/820 2536/992/820 2472/994/739
f 2538/993/820 2472/994/739 2537/995/739
f 2603/996/79 2649/997/79 2602/998/3
f 2602/998/3 2649/997/79 2626/999/3
f 2602/1000/3 2626/1001/3 2625/1002/80
f 2625/1002/80 2626/1001/3 2627/3291/80
f 2625/1002/80 2627/3291/80 2624/1004/81
f 2624/1004/81 2627/3291/80 2628/1005/81
f 2624/1004/81 2628/1005/81 2623/1006/82
f 2623/1006/82 2628/1005/81 2629/1007/82
f 2623/1006/82 2629/1007/82 2622/1008/46
f 2622/1008/46 2629/1007/82 2630/1009/46
f 2622/1008/46 2630/1009/46 2621/1010/83
f 2621/1010/83 2630/1009/46 2631/1011/83
f 2621/1010/83 2631/1011/83 2620/1012/84
f 2620/1012/84 2631/1011/83 2632/1013/84
f 2620/1012/84 2632/1013/84 2619/1014/85
f 2619/1014/85 2632/1013/84 2633/1015/85
f 2619/1014/85 2633/1015/85 2618/1016/86
f 2618/1016/86 2633/1015/85 2634/3292/86
f 2618/1016/86 2634/3292/86 2617/1018/87
f 2617/1018/87 2634/3292/86 2635/1019/87
f 2617/1018/87 2635/1019/87 2616/1020/88
f 2616/1020/88 2635/1019/87 2636/1021/88
f 2616/1020/88 2636/1021/88 2615/1022/69
f 2615/1022/69 2636/1021/88 2637/1023/69
f 2615/1022/69 2637/1023/69 2614/1024/35
f 2614/1024/35 2637/1023/69 2638/1025/35
f 2614/1024/35 2638/1025/35 2613/1026/70
f 2613/1026/70 2638/1025/35 2639/1027/70
f 2613/1026/70 2639/1027/70 2612/1028/71
f 2612/1028/71 2639/1027/70 2640/3293/71
f 2612/1028/71 2640/3293/71 2611/1030/72
f 2611/1030/72 2640/3293/71 2641/3294/72
f 2611/1030/72 2641/3294/72 2610/1032/73
f 2610/1032/73 2641/3294/72 2642/3295/73
f 2610/1032/73 2642/3295/73 2609/1034/74
f 2609/1034/74 2642/3295/73 2643/1035/74
f 2609/1034/74 2643/1035/74 2608/1036/75
f 2608/1036/75 2643/1035/74 2644/1037/75
f 2608/1036/75 2644/1037/75 2607/1038/76
f 2607/1038/76 2644/1037/75 2645/1039/76
f 2607/1038/76 2645/1039/76 2606/1040/59
f 2606/1040/59 2645/1039/76 2646/1041/59
f 2606/1040/59 2646/1041/59 2605/1042/77
f 2605/1042/77 2646/1041/59 2647/1043/77
f 2605/1042/77 2647/1043/77 2604/1044/78
f 2604/1044/78 2647/1043/77 2648/3296/78
f 2604/1044/78 2648/3296/78 2603/996/79
f 2603/996/79 2648/3296/78 2649/997/79
f 2651/1046/259 2721/1047/821 2650/1048/3
f 2650/1048/3 2721/1047/821 2686/1049/3
f 2650/1050/3 2686/1051/3 2685/1052/822
f 2685/1052/822 2686/1051/3 2687/1053/258
f 2685/1052/822 2687/1053/258 2684/1054/257
f 2684/1054/257 2687/1053/258 2688/1055/257
f 2684/1054/257 2688/1055/257 2683/1056/81
f 2683/1056/81 2688/1055/257 2689/1057/81
f 2683/1056/81 2689/1057/81 2682/1058/256
f 2682/1058/256 2689/1057/81 2690/1059/256
f 2682/1058/256 2690/1059/256 2681/1060/255
f 2681/1060/255 2690/1059/256 2691/1061/255
f 2681/1060/255 2691/1061/255 2680/1062/46
f 2680/1062/46 2691/1061/255 2692/1063/46
f 2680/1062/46 2692/1063/46 2679/1064/254
f 2679/1064/254 2692/1063/46 2693/1065/254
f 2679/1064/254 2693/1065/254 2678/1066/253
f 2678/1066/253 2693/1065/254 2694/1067/253
f 2678/1066/253 2694/1067/253 2677/1068/84
f 2677/1068/84 2694/1067/253 2695/1069/84
f 2677/1068/84 2695/1069/84 2676/1070/252
f 2676/1070/252 2695/1069/84 2696/1071/252
f 2676/1070/252 2696/1071/252 2675/1072/251
f 2675/1072/251 2696/1071/252 2697/1073/251
f 2675/1072/251 2697/1073/251 2674/1074/86
f 2674/1074/86 2697/1073/251 2698/1075/86
f 2674/1074/86 2698/1075/86 2673/1076/250
f 2673/1076/250 2698/1075/86 2699/1077/250
f 2673/1076/250 2699/1077/250 2672/1078/249
f 2672/1078/249 2699/1077/250 2700/1079/249
f 2672/1078/249 2700/1079/249 2671/1080/88
f 2671/1080/88 2700/1079/249 2701/1081/88
f 2671/1080/88 2701/1081/88 2670/1082/248
f 2670/1082/248 2701/1081/88 2702/1083/248
f 2670/1082/248 2702/1083/248 2669/1084/247
f 2669/1084/247 2702/1083/248 2703/3297/247
f 2669/1084/247 2703/3297/247 2668/1024/35
f 2668/1024/35 2703/3297/247 2704/994/35
f 2668/1024/35 2704/994/35 2667/1086/246
f 2667/1086/246 2704/994/35 2705/3298/246
f 2667/1086/246 2705/3298/246 2666/1088/269
f 2666/1088/269 2705/3298/246 2706/1089/269
f 2666/1088/269 2706/1089/269 2665/1090/71
f 2665/1090/71 2706/1089/269 2707/1091/71
f 2665/1090/71 2707/1091/71 2664/1092/268
f 2664/1092/268 2707/1091/71 2708/1093/268
f 2664/1092/268 2708/1093/268 2663/1094/267
f 2663/1094/267 2708/1093/268 2709/1095/267
f 2663/1094/267 2709/1095/267 2662/1096/73
f 2662/1096/73 2709/1095/267 2710/1097/73
f 2662/1096/73 2710/1097/73 2661/1098/266
f 2661/1098/266 2710/1097/73 2711/1099/266
f 2661/1098/266 2711/1099/266 2660/1100/265
f 2660/1100/265 2711/1099/266 2712/3299/265
f 2660/1100/265 2712/3299/265 2659/1102/75
f 2659/1102/75 2712/3299/265 2713/3300/75
f 2659/1102/75 2713/3300/75 2658/1104/264
f 2658/1104/264 2713/3300/75 2714/1105/264
f 2658/1104/264 2714/1105/264 2657/1106/263
f 2657/1106/263 2714/1105/264 2715/1107/263
f 2657/1106/263 2715/1107/263 2656/1108/59
f 2656/1108/59 2715/1107/263 2716/1109/59
f 2656/1108/59 2716/1109/59 2655/1110/262
f 2655/1110/262 2716/1109/59 2717/1111/262
f 2655/1110/262 2717/1111/262 2654/1112/261
f 2654/1112/261 2717/1111/262 2718/1113/261
f 2654/1112/261 2718/1113/261 2653/1114/78
f 2653/1114/78 2718/1113/261 2719/3301/78
f 2653/1114/78 2719/3301/78 2652/1116/260
f 2652/1116/260 2719/3301/78 2720/1117/260
f 2652/1116/260 2720/1117/260 2651/1046/259
f 2651/1046/259 2720/1117/260 2721/1047/821
f 2723/996/79 2769/997/79 2722/998/3
f 2722/998/3 2769/997/79 2746/999/3
f 2722/1000/3 2746/1001/3 2745/1002/80
f 2745/1002/80 2746/1001/3 2747/1003/80
f 2745/1002/80 2747/1003/80 2744/1004/81
f 2744/1004/81 2747/1003/80 2748/1005/81
f 2744/1004/81 2748/1005/81 2743/1006/82
f 2743/1006/82 2748/1005/81 2749/1007/82
f 2743/1006/82 2749/1007/82 2742/1008/46
f 2742/1008/46 2749/1007/82 2750/1009/46
f 2742/1008/46 2750/1009/46 2741/1010/83
f 2741/1010/83 2750/1009/46 2751/1011/83
f 2741/1010/83 2751/1011/83 2740/1012/84
f 2740/1012/84 2751/1011/83 2752/1013/84
f 2740/1012/84 2752/1013/84 2739/1014/85
f 2739/1014/85 2752/1013/84 2753/1015/85
f 2739/1014/85 2753/1015/85 2738/1016/86
f 2738/1016/86 2753/1015/85 2754/1017/86
f 2738/1016/86 2754/1017/86 2737/1018/87
f 2737/1018/87 2754/1017/86 2755/1019/87
f 2737/1018/87 2755/1019/87 2736/1020/88
f 2736/1020/88 2755/1019/87 2756/1021/88
f 2736/1020/88 2756/1021/88 2735/1022/69
f 2735/1022/69 2756/1021/88 2757/1023/69
f 2735/1022/69 2757/1023/69 2734/1024/35
f 2734/1024/35 2757/1023/69 2758/1025/35
f 2734/1024/35 2758/1025/35 2733/1026/70
f 2733/1026/70 2758/1025/35 2759/1027/70
f 2733/1026/70 2759/1027/70 2732/1028/71
f 2732/1028/71 2759/1027/70 2760/1029/71
f 2732/1028/71 2760/1029/71 2731/1030/72
f 2731/1030/72 2760/1029/71 2761/3294/72
f 2731/1030/72 2761/3294/72 2730/1032/73
f 2730/1032/73 2761/3294/72 2762/3295/73
f 2730/1032/73 2762/3295/73 2729/1034/74
f 2729/1034/74 2762/3295/73 2763/1035/74
f 2729/1034/74 2763/1035/74 2728/1036/75
f 2728/1036/75 2763/1035/74 2764/1037/75
f 2728/1036/75 2764/1037/75 2727/1038/76
f 2727/1038/76 2764/1037/75 2765/1039/76
f 2727/1038/76 2765/1039/76 2726/1040/59
f 2726/1040/59 2765/1039/76 2766/1041/59
f 2726/1040/59 2766/1041/59 2725/1042/77
f 2725/1042/77 2766/1041/59 2767/1043/77
f 2725/1042/77 2767/1043/77 2724/1044/78
f 2724/1044/78 2767/1043/77 2768/1045/78
f 2724/1044/78 2768/1045/78 2723/996/79
f 2723/996/79 2768/1045/78 2769/997/79
f 2770/1025/823 2771/1118/824 2847/995/823
f 2847/995/823 2771/1118/824 2923/1119/824
f 2923/1119/824 2771/1118/824 2772/1120/825
f 2923/1119/824 2772/1120/825 2922/1121/825
f 2922/1121/825 2772/1120/825 2773/1122/826
f 2922/1121/825 2773/1122/826 2921/1123/827
f 2921/1123/827 2773/1122/826 2774/1124/828
f 2921/1123/827 2774/1124/828 2920/1125/828
f 2920/1125/828 2774/1124/828 2775/1126/829
f 2920/1125/828 2775/1126/829 2919/1127/829
f 2919/1127/829 2775/1126/829 2776/1128/830
f 2919/1127/829 2776/1128/830 2918/1129/830
f 2918/1129/830 2776/1128/830 2777/1130/831
f 2918/1129/830 2777/1130/831 2917/1131/832
f 2917/1131/832 2777/1130/831 2778/1132/833
f 2917/1131/832 2778/1132/833 2916/1133/833
f 2916/1133/833 2778/1132/833 2779/1134/834
f 2916/1133/833 2779/1134/834 2915/1135/834
f 2915/1135/834 2779/1134/834 2780/1136/835
f 2915/1135/834 2780/1136/835 2914/1137/835
f 2914/1137/835 2780/1136/835 2781/1138/836
f 2914/1137/835 2781/1138/836 2913/1139/837
f 2913/1139/837 2781/1138/836 2782/1140/838
f 2913/1139/837 2782/1140/838 2912/1141/838
f 2912/1141/838 2782/1140/838 2783/1142/839
f 2912/1141/838 2783/1142/839 2911/1143/839
f 2911/1143/839 2783/1142/839 2784/1144/840
f 2911/1143/839 2784/1144/840 2910/1145/841
f 2910/1145/841 2784/1144/840 2785/1146/842
f 2910/1145/841 2785/1146/842 2909/1147/842
f 2909/1147/842 2785/1146/842 2786/1148/843
f 2909/1147/842 2786/1148/843 2908/1149/843
f 2908/1149/843 2786/1148/843 2787/1150/844
f 2908/1149/843 2787/1150/844 2907/1151/844
f 2907/1151/844 2787/1150/844 2788/1152/845
f 2907/1151/844 2788/1152/845 2906/1153/845
f 2906/1153/845 2788/1152/845 2789/1154/846
f 2906/1153/845 2789/1154/846 2905/1155/846
f 2905/1155/846 2789/1154/846 2790/1156/847
f 2905/1155/846 2790/1156/847 2904/1157/847
f 2904/1157/847 2790/1156/847 2791/1158/848
f 2904/1157/847 2791/1158/848 2903/1159/848
f 2903/1159/848 2791/1158/848 2792/1160/849
f 2903/1159/848 2792/1160/849 2902/1161/849
f 2902/1161/849 2792/1160/849 2793/1162/850
f 2902/1161/849 2793/1162/850 2901/1163/850
f 2901/1163/850 2793/1162/850 2794/1164/851
f 2901/1163/850 2794/1164/851 2900/1165/851
f 2900/1165/851 2794/1164/851 2795/1166/852
f 2900/1165/851 2795/1166/852 2899/1167/853
f 2899/1167/853 2795/1166/852 2796/1168/854
f 2899/1167/853 2796/1168/854 2898/1169/854
f 2898/1169/854 2796/1168/854 2797/1170/855
f 2898/1169/854 2797/1170/855 2897/1171/856
f 2897/1171/856 2797/1170/855 2798/1172/857
f 2897/1171/856 2798/1172/857 2896/1173/858
f 2896/1173/858 2798/1172/857 2799/1174/859
f 2896/1173/858 2799/1174/859 2895/1175/859
f 2895/1175/859 2799/1174/859 2800/1176/860
f 2895/1175/859 2800/1176/860 2894/1177/860
f 2894/1177/860 2800/1176/860 2801/1178/861
f 2894/1177/860 2801/1178/861 2893/1179/862
f 2893/1179/862 2801/1178/861 2802/1180/863
f 2893/1179/862 2802/1180/863 2892/1181/863
f 2892/1181/863 2802/1180/863 2803/1182/864
f 2892/1181/863 2803/1182/864 2891/1183/864
f 2891/1183/864 2803/1182/864 2804/1184/865
f 2891/1183/864 2804/1184/865 2890/1185/865
f 2890/1185/865 2804/1184/865 2805/1186/866
f 2890/1185/865 2805/1186/866 2889/1187/867
f 2889/1187/867 2805/1186/866 2806/1188/868
f 2889/1187/867 2806/1188/868 2888/1189/868
f 2888/1189/868 2806/1188/868 2807/1190/869
f 2888/1189/868 2807/1190/869 2887/1191/869
f 2887/1191/869 2807/1190/869 2808/1192/870
f 2887/1191/869 2808/1192/870 2886/1193/870
f 2886/1193/870 2808/1192/870 2809/1194/871
f 2886/1193/870 2809/1194/871 2885/1195/872
f 2885/1195/872 2809/1194/871 2810/1196/873
f 2885/1195/872 2810/1196/873 2884/1197/873
f 2884/1197/873 2810/1196/873 2811/1198/874
f 2884/1197/873 2811/1198/874 2883/1199/875
f 2883/1199/875 2811/1198/874 2812/1200/876
f 2883/1199/875 2812/1200/876 2882/1201/877
f 2882/1201/877 2812/1200/876 2813/1202/878
f 2882/1201/877 2813/1202/878 2881/1203/878
f 2881/1203/878 2813/1202/878 2814/1204/879
f 2881/1203/878 2814/1204/879 2880/1205/879
f 2880/1205/879 2814/1204/879 2815/1206/880
f 2880/1205/879 2815/1206/880 2879/1207/880
f 2879/1207/880 2815/1206/880 2816/1208/881
f 2879/1207/880 2816/1208/881 2878/1209/881
f 2878/1209/881 2816/1208/881 2817/1210/882
f 2878/1209/881 2817/1210/882 2877/1211/882
f 2877/1211/882 2817/1210/882 2818/1212/883
f 2877/1211/882 2818/1212/883 2876/1213/883
f 2876/1213/883 2818/1212/883 2819/1214/884
f 2876/1213/883 2819/1214/884 2875/1215/884
f 2875/1215/884 2819/1214/884 2820/1216/885
f 2875/1215/884 2820/1216/885 2874/1217/885
f 2874/1217/885 2820/1216/885 2821/1218/886
f 2874/1217/885 2821/1218/886 2873/1219/887
f 2873/1219/887 2821/1218/886 2822/1220/888
f 2873/1219/887 2822/1220/888 2872/1221/888
f 2872/1221/888 2822/1220/888 2823/1222/889
f 2872/1221/888 2823/1222/889 2871/1223/890
f 2871/1223/890 2823/1222/889 2824/1224/891
f 2871/1223/890 2824/1224/891 2870/1225/891
f 2870/1225/891 2824/1224/891 2825/1226/892
f 2870/1225/891 2825/1226/892 2869/1227/892
f 2869/1227/892 2825/1226/892 2826/1228/893
f 2869/1227/892 2826/1228/893 2868/1229/893
f 2868/1229/893 2826/1228/893 2827/1230/894
f 2868/1229/893 2827/1230/894 2867/1231/894
f 2867/1231/894 2827/1230/894 2828/1232/895
f 2867/1231/894 2828/1232/895 2866/1233/895
f 2866/1233/895 2828/1232/895 2829/1234/896
f 2866/1233/895 2829/1234/896 2865/1235/896
f 2865/1235/896 2829/1234/896 2830/1236/897
f 2865/1235/896 2830/1236/897 2864/1237/897
f 2864/1237/897 2830/1236/897 2831/1238/898
f 2864/1237/897 2831/1238/898 2863/1239/898
f 2863/1239/898 2831/1238/898 2832/1240/899
f 2863/1239/898 2832/1240/899 2862/1241/899
f 2862/1241/899 2832/1240/899 2833/1242/900
f 2862/1241/899 2833/1242/900 2861/1243/900
f 2861/1243/900 2833/1242/900 2834/1244/901
f 2861/1243/900 2834/1244/901 2860/1245/901
f 2860/1245/901 2834/1244/901 2835/1246/260
f 2860/1245/901 2835/1246/260 2859/1247/260
f 2859/1247/260 2835/1246/260 2836/1248/902
f 2859/1247/260 2836/1248/902 2858/1249/902
f 2858/1249/902 2836/1248/902 2837/1250/903
f 2858/1249/902 2837/1250/903 2857/1251/903
f 2857/1251/903 2837/1250/903 2838/1252/904
f 2857/1251/903 2838/1252/904 2856/1253/904
f 2856/1253/904 2838/1252/904 2839/1254/905
f 2856/1253/904 2839/1254/905 2855/1255/905
f 2855/1255/905 2839/1254/905 2840/1256/906
f 2855/1255/905 2840/1256/906 2854/1257/906
f 2854/1257/906 2840/1256/906 2841/1258/907
f 2854/1257/906 2841/1258/907 2853/1259/907
f 2853/1259/907 2841/1258/907 2842/1260/908
f 2853/1259/907 2842/1260/908 2852/1261/909
f 2852/1261/909 2842/1260/908 2843/1262/910
f 2852/1261/909 2843/1262/910 2851/1263/911
f 2851/1263/911 2843/1262/910 2844/1264/912
f 2851/1263/911 2844/1264/912 2850/1265/913
f 2850/1265/913 2844/1264/912 2845/1266/914
f 2850/1265/913 2845/1266/914 2849/1267/914
f 2849/1267/914 2845/1266/914 2846/1268/915
f 2849/1267/914 2846/1268/915 2848/1269/915
f 2848/1269/915 2846/1268/915 2770/1270/823
f 2848/1269/915 2770/1270/823 2847/1271/823
f 2925/996/79 2971/997/79 2924/998/3
f 2924/998/3 2971/997/79 2948/999/3
f 2924/1000/3 2948/1001/3 2947/1002/80
f 2947/1002/80 2948/1001/3 2949/3291/80
f 2947/1002/80 2949/3291/80 2946/1004/81
f 2946/1004/81 2949/3291/80 2950/1005/81
f 2946/1004/81 2950/1005/81 2945/1006/82
f 2945/1006/82 2950/1005/81 2951/1007/82
f 2945/1006/82 2951/1007/82 2944/1008/46
f 2944/1008/46 2951/1007/82 2952/1009/46
f 2944/1008/46 2952/1009/46 2943/1010/83
f 2943/1010/83 2952/1009/46 2953/1011/83
f 2943/1010/83 2953/1011/83 2942/1012/84
f 2942/1012/84 2953/1011/83 2954/1013/84
f 2942/1012/84 2954/1013/84 2941/1014/85
f 2941/1014/85 2954/1013/84 2955/1015/85
f 2941/1014/85 2955/1015/85 2940/1016/86
f 2940/1016/86 2955/1015/85 2956/3292/86
f 2940/1016/86 2956/3292/86 2939/1018/87
f 2939/1018/87 2956/3292/86 2957/1019/87
f 2939/1018/87 2957/1019/87 2938/1020/88
f 2938/1020/88 2957/1019/87 2958/1021/88
f 2938/1020/88 2958/1021/88 2937/1022/69
f 2937/1022/69 2958/1021/88 2959/1023/69
f 2937/1022/69 2959/1023/69 2936/1024/35
f 2936/1024/35 2959/1023/69 2960/1025/35
f 2936/1024/35 2960/1025/35 2935/1026/70
f 2935/1026/70 2960/1025/35 2961/1027/70
f 2935/1026/70 2961/1027/70 2934/1028/71
f 2934/1028/71 2961/1027/70 2962/3293/71
f 2934/1028/71 2962/3293/71 2933/1030/72
f 2933/1030/72 2962/3293/71 2963/3294/72
f 2933/1030/72 2963/3294/72 2932/1032/73
f 2932/1032/73 2963/3294/72 2964/3295/73
f 2932/1032/73 2964/3295/73 2931/1034/74
f 2931/1034/74 2964/3295/73 2965/1035/74
f 2931/1034/74 2965/1035/74 2930/1036/75
f 2930/1036/75 2965/1035/74 2966/1037/75
f 2930/1036/75 2966/1037/75 2929/1038/76
f 2929/1038/76 2966/1037/75 2967/1039/76
f 2929/1038/76 2967/1039/76 2928/1040/59
f 2928/1040/59 2967/1039/76 2968/1041/59
f 2928/1040/59 2968/1041/59 2927/1042/77
f 2927/1042/77 2968/1041/59 2969/1043/77
f 2927/1042/77 2969/1043/77 2926/1044/78
f 2926/1044/78 2969/1043/77 2970/3296/78
f 2926/1044/78 2970/3296/78 2925/996/79
f 2925/996/79 2970/3296/78 2971/997/79
f 2973/1272/916 3037/1273/916 2972/1274/3
f 2972/1274/3 3037/1273/916 3005/1275/3
f 2972/1276/3 3005/1277/3 3004/1278/917
f 3004/1278/917 3005/1277/3 3006/1279/917
f 3004/1278/917 3006/1279/917 3003/1280/918
f 3003/1280/918 3006/1279/917 3007/1281/918
f 3003/1280/918 3007/1281/918 3002/1282/919
f 3002/1282/919 3007/1281/918 3008/1283/919
f 3002/1282/919 3008/1283/919 3001/1284/920
f 3001/1284/920 3008/1283/919 3009/1285/920
f 3001/1284/920 3009/1285/920 3000/1286/921
f 3000/1286/921 3009/1285/920 3010/1287/921
f 3000/1286/921 3010/1287/921 2999/1288/922
f 2999/1288/922 3010/1287/921 3011/1289/922
f 2999/1288/922 3011/1289/922 2998/1290/923
f 2998/1290/923 3011/1289/922 3012/1291/923
f 2998/1290/923 3012/1291/923 2997/1292/924
f 2997/1292/924 3012/1291/923 3013/1293/924
f 2997/1292/924 3013/1293/924 2996/1294/925
f 2996/1294/925 3013/1293/924 3014/1295/925
f 2996/1294/925 3014/1295/925 2995/1296/926
f 2995/1296/926 3014/1295/925 3015/1297/926
f 2995/1296/926 3015/1297/926 2994/1298/86
f 2994/1298/86 3015/1297/926 3016/1299/86
f 2994/1298/86 3016/1299/86 2993/1300/927
f 2993/1300/927 3016/1299/86 3017/1301/928
f 2993/1300/927 3017/1301/928 2992/1302/929
f 2992/1302/929 3017/1301/928 3018/1303/929
f 2992/1302/929 3018/1303/929 2991/1304/930
f 2991/1304/930 3018/1303/929 3019/1305/930
f 2991/1304/930 3019/1305/930 2990/1306/931
f 2990/1306/931 3019/1305/930 3020/1307/931
f 2990/1306/931 3020/1307/931 2989/1308/932
f 2989/1308/932 3020/1307/931 3021/1309/932
f 2989/1308/932 3021/1309/932 2988/1310/933
f 2988/1310/933 3021/1309/932 3022/1311/933
f 2988/1310/933 3022/1311/933 2987/1312/934
f 2987/1312/934 3022/1311/933 3023/3302/934
f 2987/1312/934 3023/3302/934 2986/1314/935
f 2986/1314/935 3023/3302/934 3024/1315/935
f 2986/1314/935 3024/1315/935 2985/1316/936
f 2985/1316/936 3024/1315/935 3025/1317/936
f 2985/1316/936 3025/1317/936 2984/1318/937
f 2984/1318/937 3025/1317/936 3026/1319/938
f 2984/1318/937 3026/1319/938 2983/1320/73
f 2983/1320/73 3026/1319/938 3027/1321/73
f 2983/1320/73 3027/1321/73 2982/1322/939
f 2982/1322/939 3027/1321/73 3028/1323/939
f 2982/1322/939 3028/1323/939 2981/1324/940
f 2981/1324/940 3028/1323/939 3029/1325/940
f 2981/1324/940 3029/1325/940 2980/1326/941
f 2980/1326/941 3029/1325/940 3030/1327/941
f 2980/1326/941 3030/1327/941 2979/1328/942
f 2979/1328/942 3030/1327/941 3031/1329/942
f 2979/1328/942 3031/1329/942 2978/1330/943
f 2978/1330/943 3031/1329/942 3032/1331/943
f 2978/1330/943 3032/1331/943 2977/1332/944
f 2977/1332/944 3032/1331/943 3033/1333/944
f 2977/1332/944 3033/1333/944 2976/1334/945
f 2976/1334/945 3033/1333/944 3034/1335/945
f 2976/1334/945 3034/1335/945 2975/1336/819
f 2975/1336/819 3034/1335/945 3035/1337/819
f 2975/1336/819 3035/1337/819 2974/1338/946
f 2974/1338/946 3035/1337/819 3036/1339/946
f 2974/1338/946 3036/1339/946 2973/1272/916
f 2973/1272/916 3036/1339/946 3037/1273/916
f 3039/1340/947 3091/1341/947 3038/1342/3
f 3038/1342/3 3091/1341/947 3065/1343/3
f 3038/1344/3 3065/1345/3 3064/1346/948
f 3064/1346/948 3065/1345/3 3066/1347/948
f 3064/1346/948 3066/1347/948 3063/1348/949
f 3063/1348/949 3066/1347/948 3067/1349/949
f 3063/1348/949 3067/1349/949 3062/1070/256
f 3062/1070/256 3067/1349/949 3068/1071/256
f 3062/1070/256 3068/1071/256 3061/1350/950
f 3061/1350/950 3068/1071/256 3069/1351/950
f 3061/1350/950 3069/1351/950 3060/1352/951
f 3060/1352/951 3069/1351/950 3070/1353/951
f 3060/1352/951 3070/1353/951 3059/1354/253
f 3059/1354/253 3070/1353/951 3071/1355/952
f 3059/1354/253 3071/1355/952 3058/1356/953
f 3058/1356/953 3071/1355/952 3072/1357/953
f 3058/1356/953 3072/1357/953 3057/1358/954
f 3057/1358/954 3072/1357/953 3073/1359/954
f 3057/1358/954 3073/1359/954 3056/1360/86
f 3056/1360/86 3073/1359/954 3074/1361/86
f 3056/1360/86 3074/1361/86 3055/1362/955
f 3055/1362/955 3074/1361/86 3075/1363/955
f 3055/1362/955 3075/1363/955 3054/1364/956
f 3054/1364/956 3075/1363/955 3076/1365/956
f 3054/1364/956 3076/1365/956 3053/1366/248
f 3053/1366/248 3076/1365/956 3077/1367/248
f 3053/1366/248 3077/1367/248 3052/1368/957
f 3052/1368/957 3077/1367/248 3078/1369/957
f 3052/1368/957 3078/1369/957 3051/1370/958
f 3051/1370/958 3078/1369/957 3079/1371/958
f 3051/1370/958 3079/1371/958 3050/1372/269
f 3050/1372/269 3079/1371/958 3080/1373/269
f 3050/1372/269 3080/1373/269 3049/1374/959
f 3049/1374/959 3080/1373/269 3081/1375/959
f 3049/1374/959 3081/1375/959 3048/1376/960
f 3048/1376/960 3081/1375/959 3082/1377/960
f 3048/1376/960 3082/1377/960 3047/1378/73
f 3047/1378/73 3082/1377/960 3083/1379/73
f 3047/1378/73 3083/1379/73 3046/1380/961
f 3046/1380/961 3083/1379/73 3084/1381/961
f 3046/1380/961 3084/1381/961 3045/1382/962
f 3045/1382/962 3084/1381/961 3085/1383/962
f 3045/1382/962 3085/1383/962 3044/1384/264
f 3044/1384/264 3085/1383/962 3086/1385/264
f 3044/1384/264 3086/1385/264 3043/1386/963
f 3043/1386/963 3086/1385/264 3087/1387/963
f 3043/1386/963 3087/1387/963 3042/1388/964
f 3042/1388/964 3087/1387/963 3088/1389/964
f 3042/1388/964 3088/1389/964 3041/1100/261
f 3041/1100/261 3088/1389/964 3089/1101/261
f 3041/1100/261 3089/1101/261 3040/1390/965
f 3040/1390/965 3089/1101/261 3090/1391/965
f 3040/1390/965 3090/1391/965 3039/1340/947
f 3039/1340/947 3090/1391/965 3091/1341/947
f 3092/1025/966 3093/1392/967 3151/995/968
f 3151/995/968 3093/1392/967 3150/1393/969
f 3150/1393/969 3093/1392/967 3094/1394/970
f 3150/1393/969 3094/1394/970 3149/1395/971
f 3149/1395/971 3094/1394/970 3095/1396/972
f 3149/1395/971 3095/1396/972 3148/1397/973
f 3148/1397/973 3095/1396/972 3096/1398/974
f 3148/1397/973 3096/1398/974 3147/1399/975
f 3147/1399/975 3096/1398/974 3097/1400/976
f 3147/1399/975 3097/1400/976 3146/1401/977
f 3146/1401/977 3097/1400/976 3098/1402/978
f 3146/1401/977 3098/1402/978 3099/1403/979
f 3146/1401/977 3099/1403/979 3145/1404/980
f 3145/1404/980 3099/1403/979 3100/1405/981
f 3145/1404/980 3100/1405/981 3144/1406/982
f 3144/1406/982 3100/1405/981 3101/1407/983
f 3144/1406/982 3101/1407/983 3143/1408/984
f 3143/1408/984 3101/1407/983 3102/1409/985
f 3143/1408/984 3102/1409/985 3142/1410/986
f 3142/1410/986 3102/1409/985 3103/1411/987
f 3142/1410/986 3103/1411/987 3141/1412/988
f 3141/1412/988 3103/1411/987 3104/1413/989
f 3141/1412/988 3104/1413/989 3105/1414/990
f 3141/1412/988 3105/1414/990 3140/1415/991
f 3140/1415/991 3105/1414/990 3106/1416/992
f 3140/1415/991 3106/1416/992 3139/1417/993
f 3139/1417/993 3106/1416/992 3107/1418/994
f 3139/1417/993 3107/1418/994 3138/1419/995
f 3138/1419/995 3107/1418/994 3108/1420/996
f 3138/1419/995 3108/1420/996 3137/1421/997
f 3137/1421/997 3108/1420/996 3109/1422/998
f 3137/1421/997 3109/1422/998 3136/1423/999
f 3136/1423/999 3109/1422/998 3110/1424/1000
f 3136/1423/999 3110/1424/1000 3135/1425/1001
f 3135/1425/1001 3110/1424/1000 3111/1426/1002
f 3135/1425/1001 3111/1426/1002 3134/1427/1003
f 3134/1427/1003 3111/1426/1002 3112/1428/1004
f 3134/1427/1003 3112/1428/1004 3133/1429/1005
f 3133/1429/1005 3112/1428/1004 3113/1430/1006
f 3133/1429/1005 3113/1430/1006 3132/1431/1007
f 3132/1431/1007 3113/1430/1006 3114/1432/1008
f 3132/1431/1007 3114/1432/1008 3115/1433/1009
f 3132/1431/1007 3115/1433/1009 3131/1434/1010
f 3131/1434/1010 3115/1433/1009 3116/1435/1011
f 3131/1434/1010 3116/1435/1011 3130/1436/1012
f 3130/1436/1012 3116/1435/1011 3117/1437/1013
f 3130/1436/1012 3117/1437/1013 3129/1438/1014
f 3129/1438/1014 3117/1437/1013 3118/1439/1015
f 3129/1438/1014 3118/1439/1015 3128/1440/1016
f 3128/1440/1016 3118/1439/1015 3119/1441/1017
f 3128/1440/1016 3119/1441/1017 3127/1442/1018
f 3127/1442/1018 3119/1441/1017 3120/1443/1019
f 3127/1442/1018 3120/1443/1019 3126/1444/1020
f 3126/1444/1020 3120/1443/1019 3121/1445/1021
f 3126/1444/1020 3121/1445/1021 3125/1446/1022
f 3125/1446/1022 3121/1445/1021 3122/1447/1023
f 3125/1446/1022 3122/1447/1023 3124/1448/607
f 3124/1448/607 3122/1447/1023 3123/1449/1024
f 3124/1448/607 3123/1449/1024 2428/1450/1025
f 2428/1450/1025 3123/1449/1024 2429/1451/1025
f 2171/1452/3 2170/1453/3 3153/995/3
f 3153/995/3 2170/1453/3 3152/1454/3
f 2155/1455/1026 3154/1456/1026 2156/1457/1027
f 2156/1457/1027 3154/1456/1026 3155/1458/1027
f 2156/1457/1027 3155/1458/1027 2157/1459/1028
f 2157/1459/1028 3155/1458/1027 3156/1460/1028
f 2157/1459/1028 3156/1460/1028 2158/1461/1029
f 2158/1461/1029 3156/1460/1028 3157/1462/1029
f 2158/1461/1029 3157/1462/1029 2159/1463/1030
f 2159/1463/1030 3157/1462/1029 3158/1464/1030
f 2159/1463/1030 3158/1464/1030 2160/1465/1031
f 2160/1465/1031 3158/1464/1030 3159/1466/1031
f 2160/1465/1031 3159/1466/1031 2161/1467/3
f 2161/1467/3 3159/1466/1031 3160/1000/3
f 2161/1467/3 3160/1000/3 2162/1468/1032
f 2162/1468/1032 3160/1000/3 3161/1469/1032
f 2162/1468/1032 3161/1469/1032 2163/1470/1033
f 2163/1470/1033 3161/1469/1032 3162/1471/1033
f 2163/1470/1033 3162/1471/1033 2164/1472/1034
f 2164/1472/1034 3162/1471/1033 3163/1473/1034
f 2164/1472/1034 3163/1473/1034 2165/1474/1035
f 2165/1474/1035 3163/1473/1034 3164/1475/1035
f 2165/1474/1035 3164/1475/1035 2166/1476/1036
f 2166/1476/1036 3164/1475/1035 3165/1477/1036
f 2166/1476/1036 3165/1477/1036 2167/1478/1037
f 2167/1478/1037 3165/1477/1036 3166/1479/1037
f 3091/611/665 2785/2064/665 3065/556/665
f 3065/556/665 2785/2064/665 2523/1914/665
f 3065/556/665 2523/1914/665 2522/1916/665
f 3091/611/665 3090/609/665 2785/2064/665
f 2785/2064/665 3090/609/665 2786/2061/665
f 2786/2061/665 3090/609/665 3089/607/665
f 2786/2061/665 3089/607/665 2787/2059/665
f 2787/2059/665 3089/607/665 3088/605/665
f 2787/2059/665 3088/605/665 3087/603/665
f 2787/2059/665 3087/603/665 2788/2056/665
f 2788/2056/665 3087/603/665 3086/601/665
f 2788/2056/665 3086/601/665 2789/2054/665
f 2789/2054/665 3086/601/665 3085/598/665
f 2789/2054/665 3085/598/665 2790/2052/665
f 2790/2052/665 3085/598/665 3084/596/665
f 2790/2052/665 3084/596/665 3083/594/665
f 2790/2052/665 3083/594/665 2791/2050/665
f 2791/2050/665 3083/594/665 3082/592/665
f 2791/2050/665 3082/592/665 2792/2048/665
f 2792/2048/665 3082/592/665 3081/590/665
f 2792/2048/665 3081/590/665 2793/2046/665
f 2793/2046/665 3081/590/665 3080/588/665
f 2793/2046/665 3080/588/665 2794/2044/665
f 2794/2044/665 3080/588/665 3032/1991/665
f 2794/2044/665 3032/1991/665 3031/1990/665
f 3080/588/665 3079/586/665 3032/1991/665
f 3032/1991/665 3079/586/665 3033/1993/665
f 3033/1993/665 3079/586/665 3078/583/665
f 3033/1993/665 3078/583/665 3034/1995/665
f 3034/1995/665 3078/583/665 3077/581/665
f 3034/1995/665 3077/581/665 3035/1997/665
f 3035/1997/665 3077/581/665 3076/579/665
f 3035/1997/665 3076/579/665 3036/1999/665
f 3036/1999/665 3076/579/665 3075/577/665
f 3036/1999/665 3075/577/665 3037/2001/665
f 3037/2001/665 3075/577/665 3074/575/665
f 3037/2001/665 3074/575/665 2514/1933/665
f 2514/1933/665 3074/575/665 2515/1931/665
f 2515/1931/665 3074/575/665 3073/573/665
f 2515/1931/665 3073/573/665 3072/570/665
f 2515/1931/665 3072/570/665 2516/1928/665
f 2516/1928/665 3072/570/665 3071/568/665
f 2516/1928/665 3071/568/665 2517/1926/665
f 2517/1926/665 3071/568/665 3070/566/665
f 2517/1926/665 3070/566/665 2518/1924/665
f 2518/1924/665 3070/566/665 3069/564/665
f 2518/1924/665 3069/564/665 2519/1922/665
f 2519/1922/665 3069/564/665 3068/562/665
f 2519/1922/665 3068/562/665 2520/1920/665
f 2520/1920/665 3068/562/665 3067/560/665
f 2520/1920/665 3067/560/665 2521/1918/665
f 2521/1918/665 3067/560/665 3066/558/665
f 2521/1918/665 3066/558/665 2522/1916/665
f 2522/1916/665 3066/558/665 3065/556/665
f 3037/2001/665 2514/1933/665 3005/1936/665
f 3005/1936/665 2514/1933/665 2513/1935/665
f 3005/1936/665 2513/1935/665 3006/1937/665
f 3006/1937/665 2513/1935/665 2512/1938/665
f 3006/1937/665 2512/1938/665 3007/1939/665
f 3007/1939/665 2512/1938/665 2511/1940/665
f 3007/1939/665 2511/1940/665 3008/1941/665
f 3008/1941/665 2511/1940/665 2510/1942/665
f 3008/1941/665 2510/1942/665 3009/1943/665
f 3009/1943/665 2510/1942/665 2509/1944/665
f 3009/1943/665 2509/1944/665 3010/1945/665
f 3010/1945/665 2509/1944/665 2508/1946/665
f 3010/1945/665 2508/1946/665 3011/1947/665
f 3011/1947/665 2508/1946/665 2507/1948/665
f 3011/1947/665 2507/1948/665 3012/1949/665
f 3012/1949/665 2507/1948/665 2506/1950/665
f 3012/1949/665 2506/1950/665 3013/1534/665
f 3013/1534/665 2506/1950/665 2505/1532/665
f 3013/1534/665 2505/1532/665 3014/1535/665
f 3014/1535/665 2505/1532/665 2504/1526/665
f 3014/1535/665 2504/1526/665 3015/1538/665
f 3015/1538/665 2504/1526/665 2503/1528/665
f 3015/1538/665 2503/1528/665 3016/1541/665
f 3016/1541/665 2503/1528/665 3194/1567/665
f 3016/1541/665 3194/1567/665 3195/1564/665
f 3030/2027/665 2687/1988/665 3031/1990/665
f 3031/1990/665 2687/1988/665 2686/1986/665
f 3031/1990/665 2686/1986/665 2794/2044/665
f 2794/2044/665 2686/1986/665 2795/1985/665
f 2795/1985/665 2686/1986/665 2721/1984/665
f 2795/1985/665 2721/1984/665 2796/2004/665
f 2796/2004/665 2721/1984/665 2797/2003/665
f 2797/2003/665 2721/1984/665 2720/2002/665
f 2797/2003/665 2720/2002/665 2798/2005/665
f 2798/2005/665 2720/2002/665 2719/2006/665
f 2798/2005/665 2719/2006/665 2799/2007/665
f 2799/2007/665 2719/2006/665 2718/2008/665
f 2799/2007/665 2718/2008/665 2800/2009/665
f 2800/2009/665 2718/2008/665 2717/2010/665
f 2800/2009/665 2717/2010/665 2801/2011/665
f 2801/2011/665 2717/2010/665 2716/2012/665
f 2801/2011/665 2716/2012/665 2802/1726/665
f 2802/1726/665 2716/2012/665 2715/1724/665
f 2802/1726/665 2715/1724/665 2803/1725/665
f 2803/1725/665 2715/1724/665 3174/1723/665
f 2803/1725/665 3174/1723/665 2466/1729/665
f 2466/1729/665 3174/1723/665 2467/1728/665
f 2467/1728/665 3174/1723/665 3175/1727/665
f 2467/1728/665 3175/1727/665 2468/1784/665
f 2468/1784/665 3175/1727/665 3176/1785/665
f 2468/1784/665 3176/1785/665 2469/1786/665
f 2469/1786/665 3176/1785/665 3177/1787/665
f 2469/1786/665 3177/1787/665 3178/1788/665
f 2687/1988/665 3030/2027/665 2688/2026/665
f 2688/2026/665 3030/2027/665 3029/2025/665
f 2688/2026/665 3029/2025/665 2689/2024/665
f 2689/2024/665 3029/2025/665 3028/2023/665
f 2689/2024/665 3028/2023/665 2690/2022/665
f 2690/2022/665 3028/2023/665 3027/2021/665
f 2690/2022/665 3027/2021/665 2691/2020/665
f 2691/2020/665 3027/2021/665 3026/2019/665
f 2691/2020/665 3026/2019/665 2692/2018/665
f 2692/2018/665 3026/2019/665 3025/2017/665
f 2692/2018/665 3025/2017/665 2693/2016/665
f 2693/2016/665 3025/2017/665 3024/2015/665
f 2693/2016/665 3024/2015/665 2694/1582/665
f 2694/1582/665 3024/2015/665 3023/1580/665
f 2694/1582/665 3023/1580/665 2695/1584/665
f 2695/1584/665 3023/1580/665 3022/1570/665
f 2695/1584/665 3022/1570/665 2696/1587/665
f 2696/1587/665 3022/1570/665 3021/1572/665
f 2696/1587/665 3021/1572/665 2697/1590/665
f 2697/1590/665 3021/1572/665 3020/1575/665
f 2697/1590/665 3020/1575/665 2698/1593/665
f 2698/1593/665 3020/1575/665 3167/1553/665
f 2698/1593/665 3167/1553/665 2699/1560/665
f 2699/1560/665 3167/1553/665 2700/1559/665
f 2700/1559/665 3167/1553/665 2701/1557/665
f 2701/1557/665 3167/1553/665 2702/1709/665
f 2702/1709/665 3167/1553/665 2703/1708/665
f 2703/1708/665 3167/1553/665 2704/1707/665
f 2704/1707/665 3167/1553/665 3168/1706/665
f 2704/1707/665 3168/1706/665 2705/2014/665
f 2705/2014/665 3168/1706/665 2706/2013/665
f 2706/2013/665 3168/1706/665 2707/1713/665
f 2707/1713/665 3168/1706/665 2708/1712/665
f 2708/1712/665 3168/1706/665 2709/1711/665
f 2709/1711/665 3168/1706/665 3169/1710/665
f 2709/1711/665 3169/1710/665 2710/1714/665
f 2710/1714/665 3169/1710/665 3170/1715/665
f 2710/1714/665 3170/1715/665 2711/1716/665
f 2711/1716/665 3170/1715/665 3171/1717/665
f 2711/1716/665 3171/1717/665 2712/1718/665
f 2712/1718/665 3171/1717/665 3172/1719/665
f 2712/1718/665 3172/1719/665 2713/1720/665
f 2713/1720/665 3172/1719/665 3173/1721/665
f 2713/1720/665 3173/1721/665 2714/1722/665
f 2714/1722/665 3173/1721/665 3174/1723/665
f 2714/1722/665 3174/1723/665 2715/1724/665
f 3020/1575/665 3019/1577/665 3167/1553/665
f 3167/1553/665 3019/1577/665 3196/1562/665
f 3196/1562/665 3019/1577/665 3018/1546/665
f 3196/1562/665 3018/1546/665 3017/1544/665
f 3196/1562/665 3017/1544/665 3195/1564/665
f 3195/1564/665 3017/1544/665 3016/1541/665
f 2971/1891/665 2638/1890/665 2948/1889/665
f 2948/1889/665 2638/1890/665 2637/1888/665
f 2948/1889/665 2637/1888/665 2949/1887/665
f 2949/1887/665 2637/1888/665 2636/1886/665
f 2949/1887/665 2636/1886/665 3188/1885/665
f 3188/1885/665 2636/1886/665 2635/1884/665
f 3188/1885/665 2635/1884/665 3187/1881/665
f 3187/1881/665 2635/1884/665 2634/1883/665
f 3187/1881/665 2634/1883/665 2633/1882/665
f 2970/1894/665 2492/1893/665 2971/1891/665
f 2971/1891/665 2492/1893/665 2491/1892/665
f 2971/1891/665 2491/1892/665 2638/1890/665
f 2638/1890/665 2491/1892/665 2639/1965/665
f 2639/1965/665 2491/1892/665 2640/1964/665
f 2640/1964/665 2491/1892/665 2490/1963/665
f 2640/1964/665 2490/1963/665 2641/1966/665
f 2641/1966/665 2490/1963/665 2489/1967/665
f 2641/1966/665 2489/1967/665 2642/1968/665
f 2642/1968/665 2489/1967/665 2643/1969/665
f 2643/1969/665 2489/1967/665 2488/1970/665
f 2643/1969/665 2488/1970/665 2644/1971/665
f 2644/1971/665 2488/1970/665 2645/1972/665
f 2645/1972/665 2488/1970/665 2487/1973/665
f 2645/1972/665 2487/1973/665 2646/1974/665
f 2646/1974/665 2487/1973/665 2486/1975/665
f 2646/1974/665 2486/1975/665 2647/1976/665
f 2647/1976/665 2486/1975/665 2485/1977/665
f 2647/1976/665 2485/1977/665 2648/1978/665
f 2648/1978/665 2485/1977/665 2759/1979/665
f 2648/1978/665 2759/1979/665 2758/1980/665
f 2970/1894/665 2969/1895/665 2492/1893/665
f 2492/1893/665 2969/1895/665 2493/1962/665
f 2493/1962/665 2969/1895/665 2968/1961/665
f 2493/1962/665 2968/1961/665 2494/1959/665
f 2494/1959/665 2968/1961/665 2967/1960/665
f 2494/1959/665 2967/1960/665 2966/1958/665
f 2494/1959/665 2966/1958/665 2495/1957/665
f 2495/1957/665 2966/1958/665 2965/1956/665
f 2495/1957/665 2965/1956/665 2496/1954/665
f 2496/1954/665 2965/1956/665 2964/1955/665
f 2496/1954/665 2964/1955/665 2963/1953/665
f 2496/1954/665 2963/1953/665 2497/1952/665
f 2497/1952/665 2963/1953/665 2962/1951/665
f 2497/1952/665 2962/1951/665 2498/1496/665
f 2498/1496/665 2962/1951/665 2961/1494/665
f 2498/1496/665 2961/1494/665 2499/1497/665
f 2499/1497/665 2961/1494/665 2960/1492/665
f 2499/1497/665 2960/1492/665 2500/1500/665
f 2500/1500/665 2960/1492/665 3192/1515/665
f 2500/1500/665 3192/1515/665 3193/1511/665
f 2960/1492/665 2959/1489/665 3192/1515/665
f 3192/1515/665 2959/1489/665 3191/1484/665
f 3191/1484/665 2959/1489/665 2958/1481/665
f 3191/1484/665 2958/1481/665 2957/1483/665
f 2957/1483/665 2956/1485/665 3191/1484/665
f 3191/1484/665 2956/1485/665 3190/1486/665
f 3190/1486/665 2956/1485/665 2955/1487/665
f 3190/1486/665 2955/1487/665 2954/1488/665
f 2954/1488/665 2953/1900/665 3190/1486/665
f 3190/1486/665 2953/1900/665 3189/1897/665
f 3189/1897/665 2953/1900/665 2952/1899/665
f 3189/1897/665 2952/1899/665 2951/1898/665
f 2951/1898/665 2950/1896/665 3189/1897/665
f 3189/1897/665 2950/1896/665 3188/1885/665
f 3188/1885/665 2950/1896/665 2949/1887/665
f 2846/1700/665 2333/1699/665 2770/1701/665
f 2770/1701/665 2333/1699/665 2332/1702/665
f 2770/1701/665 2332/1702/665 2771/1703/665
f 2771/1703/665 2332/1702/665 2331/1704/665
f 2771/1703/665 2331/1704/665 2772/1705/665
f 2772/1705/665 2331/1704/665 2773/1658/665
f 2773/1658/665 2331/1704/665 2330/1656/665
f 2773/1658/665 2330/1656/665 2774/1657/665
f 2774/1657/665 2330/1656/665 2775/1655/665
f 2775/1655/665 2330/1656/665 2353/1654/665
f 2775/1655/665 2353/1654/665 2776/1662/665
f 2776/1662/665 2353/1654/665 2533/1661/665
f 2776/1662/665 2533/1661/665 2532/1663/665
f 2846/1700/665 2845/1698/665 2333/1699/665
f 2333/1699/665 2845/1698/665 2334/1696/665
f 2334/1696/665 2845/1698/665 2844/1697/665
f 2334/1696/665 2844/1697/665 2843/1695/665
f 2334/1696/665 2843/1695/665 2335/1692/665
f 2335/1692/665 2843/1695/665 2842/1693/665
f 2335/1692/665 2842/1693/665 2841/1694/665
f 2840/2029/665 3117/1848/665 2841/1694/665
f 2841/1694/665 3117/1848/665 3116/1689/665
f 2841/1694/665 3116/1689/665 2335/1692/665
f 2335/1692/665 3116/1689/665 2336/1688/665
f 2336/1688/665 3116/1689/665 3115/1687/665
f 2336/1688/665 3115/1687/665 2337/1686/665
f 2337/1686/665 3115/1687/665 3114/1685/665
f 2337/1686/665 3114/1685/665 2338/1684/665
f 2338/1684/665 3114/1685/665 3113/1682/665
f 2338/1684/665 3113/1682/665 2339/1683/665
f 2339/1683/665 3113/1682/665 2340/1681/665
f 2340/1681/665 3113/1682/665 3112/1680/665
f 2340/1681/665 3112/1680/665 2341/1679/665
f 2341/1679/665 3112/1680/665 3111/1678/665
f 2341/1679/665 3111/1678/665 2342/1677/665
f 2342/1677/665 3111/1678/665 3110/1675/665
f 2342/1677/665 3110/1675/665 2343/1676/665
f 2343/1676/665 3110/1675/665 2344/1674/665
f 2344/1674/665 3110/1675/665 3109/1673/665
f 2344/1674/665 3109/1673/665 2345/1672/665
f 2345/1672/665 3109/1673/665 3108/1671/665
f 2345/1672/665 3108/1671/665 2346/1670/665
f 2346/1670/665 3108/1671/665 3107/1638/665
f 2346/1670/665 3107/1638/665 2347/1637/665
f 2347/1637/665 3107/1638/665 2291/1635/665
f 2347/1637/665 2291/1635/665 2290/1636/665
f 3117/1848/665 2840/2029/665 3118/1845/665
f 3118/1845/665 2840/2029/665 2839/2031/665
f 3118/1845/665 2839/2031/665 3119/1843/665
f 3119/1843/665 2839/2031/665 2838/2034/665
f 3119/1843/665 2838/2034/665 3120/1840/665
f 3120/1840/665 2838/2034/665 2837/2036/665
f 3120/1840/665 2837/2036/665 3121/1836/665
f 3121/1836/665 2837/2036/665 2836/2038/665
f 3121/1836/665 2836/2038/665 3122/1833/665
f 3122/1833/665 2836/2038/665 2835/2041/665
f 3122/1833/665 2835/2041/665 3123/1830/665
f 3123/1830/665 2835/2041/665 2834/1781/665
f 3123/1830/665 2834/1781/665 2429/1829/665
f 2429/1829/665 2834/1781/665 2430/1828/665
f 2430/1828/665 2834/1781/665 2833/1779/665
f 2430/1828/665 2833/1779/665 2431/1826/665
f 2431/1826/665 2833/1779/665 2432/1824/665
f 2432/1824/665 2833/1779/665 2832/1777/665
f 2432/1824/665 2832/1777/665 2433/1822/665
f 2433/1822/665 2832/1777/665 2831/1775/665
f 2433/1822/665 2831/1775/665 2434/1820/665
f 2434/1820/665 2831/1775/665 2830/1773/665
f 2434/1820/665 2830/1773/665 2435/1818/665
f 2435/1818/665 2830/1773/665 2436/1816/665
f 2436/1816/665 2830/1773/665 2829/1772/665
f 2436/1816/665 2829/1772/665 2437/1815/665
f 2437/1815/665 2829/1772/665 2828/1770/665
f 2437/1815/665 2828/1770/665 2438/1813/665
f 2438/1813/665 2828/1770/665 2439/1811/665
f 2439/1811/665 2828/1770/665 2440/1810/665
f 2440/1810/665 2828/1770/665 2827/1768/665
f 2440/1810/665 2827/1768/665 2441/1808/665
f 2441/1808/665 2827/1768/665 2442/1807/665
f 2442/1807/665 2827/1768/665 2443/1806/665
f 2443/1806/665 2827/1768/665 2444/1804/665
f 2444/1804/665 2827/1768/665 2445/1803/665
f 2445/1803/665 2827/1768/665 2446/1802/665
f 2446/1802/665 2827/1768/665 2447/1801/665
f 2447/1801/665 2827/1768/665 2448/1800/665
f 2448/1800/665 2827/1768/665 2449/1799/665
f 2449/1799/665 2827/1768/665 2826/1767/665
f 2449/1799/665 2826/1767/665 2450/1797/665
f 2450/1797/665 2826/1767/665 2451/1796/665
f 2451/1796/665 2826/1767/665 2825/1765/665
f 2451/1796/665 2825/1765/665 2452/1794/665
f 2452/1794/665 2825/1765/665 2824/1763/665
f 2452/1794/665 2824/1763/665 2453/1762/665
f 2453/1762/665 2824/1763/665 2823/1761/665
f 2453/1762/665 2823/1761/665 2454/1759/665
f 2454/1759/665 2823/1761/665 2822/1760/665
f 2454/1759/665 2822/1760/665 2821/1758/665
f 2454/1759/665 2821/1758/665 2455/1756/665
f 2455/1756/665 2821/1758/665 2820/1757/665
f 2455/1756/665 2820/1757/665 2819/1755/665
f 2455/1756/665 2819/1755/665 2456/1753/665
f 2456/1753/665 2819/1755/665 2818/1754/665
f 2456/1753/665 2818/1754/665 2817/1752/665
f 2456/1753/665 2817/1752/665 2457/1751/665
f 2457/1751/665 2817/1752/665 2816/1750/665
f 2457/1751/665 2816/1750/665 2458/1749/665
f 2458/1749/665 2816/1750/665 2459/1746/665
f 2459/1746/665 2816/1750/665 2460/1744/665
f 2460/1744/665 2816/1750/665 2461/1741/665
f 2461/1741/665 2816/1750/665 2462/1739/665
f 2462/1739/665 2816/1750/665 2463/1736/665
f 2463/1736/665 2816/1750/665 2464/1733/665
f 2464/1733/665 2816/1750/665 2465/1731/665
f 2465/1731/665 2816/1750/665 2815/1748/665
f 2465/1731/665 2815/1748/665 2814/1747/665
f 2814/1747/665 2813/1745/665 2465/1731/665
f 2465/1731/665 2813/1745/665 2812/1743/665
f 2465/1731/665 2812/1743/665 2811/1742/665
f 2811/1742/665 2810/1740/665 2465/1731/665
f 2465/1731/665 2810/1740/665 2809/1738/665
f 2465/1731/665 2809/1738/665 2808/1737/665
f 2808/1737/665 2807/1735/665 2465/1731/665
f 2465/1731/665 2807/1735/665 2806/1734/665
f 2465/1731/665 2806/1734/665 2805/1732/665
f 2805/1732/665 2804/1730/665 2465/1731/665
f 2465/1731/665 2804/1730/665 2466/1729/665
f 2466/1729/665 2804/1730/665 2803/1725/665
f 2785/2064/665 2784/1911/665 2523/1914/665
f 2523/1914/665 2784/1911/665 2524/1910/665
f 2524/1910/665 2784/1911/665 2783/1909/665
f 2524/1910/665 2783/1909/665 2525/1908/665
f 2525/1908/665 2783/1909/665 2782/1907/665
f 2525/1908/665 2782/1907/665 2526/1906/665
f 2526/1906/665 2782/1907/665 2781/1905/665
f 2526/1906/665 2781/1905/665 2527/1904/665
f 2527/1904/665 2781/1905/665 2780/1903/665
f 2527/1904/665 2780/1903/665 2528/1902/665
f 2528/1902/665 2780/1903/665 2779/1901/665
f 2528/1902/665 2779/1901/665 2529/1668/665
f 2529/1668/665 2779/1901/665 2778/1666/665
f 2529/1668/665 2778/1666/665 2530/1667/665
f 2530/1667/665 2778/1666/665 2531/1665/665
f 2531/1665/665 2778/1666/665 2777/1664/665
f 2531/1665/665 2777/1664/665 2532/1663/665
f 2532/1663/665 2777/1664/665 2776/1662/665
f 2769/1851/665 3097/1852/665 2746/1853/665
f 2746/1853/665 3097/1852/665 3096/1854/665
f 2746/1853/665 3096/1854/665 3095/1855/665
f 3097/1852/665 2769/1851/665 3098/1850/665
f 3098/1850/665 2769/1851/665 2768/1849/665
f 3098/1850/665 2768/1849/665 3099/1619/665
f 3099/1619/665 2768/1849/665 2767/1617/665
f 3099/1619/665 2767/1617/665 2300/1618/665
f 2300/1618/665 2767/1617/665 2301/1616/665
f 2301/1616/665 2767/1617/665 2766/1615/665
f 2301/1616/665 2766/1615/665 2302/1614/665
f 2302/1614/665 2766/1615/665 2765/1613/665
f 2302/1614/665 2765/1613/665 2303/1603/665
f 2303/1603/665 2765/1613/665 2764/1605/665
f 2303/1603/665 2764/1605/665 2480/1604/665
f 2480/1604/665 2764/1605/665 2481/1606/665
f 2481/1606/665 2764/1605/665 2763/1607/665
f 2481/1606/665 2763/1607/665 2482/1608/665
f 2482/1608/665 2763/1607/665 2762/1609/665
f 2482/1608/665 2762/1609/665 2483/1610/665
f 2483/1610/665 2762/1609/665 2761/1611/665
f 2483/1610/665 2761/1611/665 2760/1612/665
f 2483/1610/665 2760/1612/665 2484/1981/665
f 2484/1981/665 2760/1612/665 2759/1979/665
f 2484/1981/665 2759/1979/665 2485/1977/665
f 2757/1983/665 2626/1873/665 2758/1980/665
f 2758/1980/665 2626/1873/665 2649/1982/665
f 2758/1980/665 2649/1982/665 2648/1978/665
f 2757/1983/665 2756/1871/665 2626/1873/665
f 2626/1873/665 2756/1871/665 2627/1872/665
f 2627/1872/665 2756/1871/665 3184/1869/665
f 2627/1872/665 3184/1869/665 3185/1874/665
f 2756/1871/665 2755/1870/665 3184/1869/665
f 3184/1869/665 2755/1870/665 2754/1868/665
f 3184/1869/665 2754/1868/665 3183/1866/665
f 3183/1866/665 2754/1868/665 2753/1867/665
f 3183/1866/665 2753/1867/665 2752/1865/665
f 3183/1866/665 2752/1865/665 3182/1863/665
f 3182/1863/665 2752/1865/665 2751/1864/665
f 3182/1863/665 2751/1864/665 2750/1862/665
f 3182/1863/665 2750/1862/665 3092/1861/665
f 3092/1861/665 2750/1862/665 2749/1860/665
f 3092/1861/665 2749/1860/665 3093/1859/665
f 3093/1859/665 2749/1860/665 2748/1858/665
f 3093/1859/665 2748/1858/665 3094/1857/665
f 3094/1857/665 2748/1858/665 2747/1856/665
f 3094/1857/665 2747/1856/665 3095/1855/665
f 3095/1855/665 2747/1856/665 2746/1853/665
f 2633/1882/665 2632/1880/665 3187/1881/665
f 3187/1881/665 2632/1880/665 3186/1878/665
f 3186/1878/665 2632/1880/665 2631/1879/665
f 3186/1878/665 2631/1879/665 2630/1877/665
f 3186/1878/665 2630/1877/665 3185/1874/665
f 3185/1874/665 2630/1877/665 2629/1876/665
f 3185/1874/665 2629/1876/665 2628/1875/665
f 2628/1875/665 2627/1872/665 3185/1874/665
f 2536/1647/665 2286/1646/665 2472/1648/665
f 2472/1648/665 2286/1646/665 2285/1649/665
f 2472/1648/665 2285/1649/665 2473/1650/665
f 2473/1650/665 2285/1649/665 2284/1651/665
f 2473/1650/665 2284/1651/665 2474/1652/665
f 2474/1652/665 2284/1651/665 2283/1653/665
f 2474/1652/665 2283/1653/665 2475/1599/665
f 2475/1599/665 2283/1653/665 2282/1597/665
f 2475/1599/665 2282/1597/665 2476/1598/665
f 2476/1598/665 2282/1597/665 2477/1596/665
f 2477/1596/665 2282/1597/665 2305/1595/665
f 2477/1596/665 2305/1595/665 2478/1600/665
f 2478/1600/665 2305/1595/665 2304/1601/665
f 2478/1600/665 2304/1601/665 2479/1602/665
f 2479/1602/665 2304/1601/665 2303/1603/665
f 2479/1602/665 2303/1603/665 2480/1604/665
f 2535/1669/665 2352/1659/665 2536/1647/665
f 2536/1647/665 2352/1659/665 2351/1645/665
f 2536/1647/665 2351/1645/665 2286/1646/665
f 2286/1646/665 2351/1645/665 2287/1644/665
f 2287/1644/665 2351/1645/665 2350/1643/665
f 2287/1644/665 2350/1643/665 2288/1642/665
f 2288/1642/665 2350/1643/665 2349/1641/665
f 2288/1642/665 2349/1641/665 2289/1640/665
f 2289/1640/665 2349/1641/665 2348/1639/665
f 2289/1640/665 2348/1639/665 2290/1636/665
f 2290/1636/665 2348/1639/665 2347/1637/665
f 2535/1669/665 2534/1660/665 2352/1659/665
f 2352/1659/665 2534/1660/665 2353/1654/665
f 2353/1654/665 2534/1660/665 2533/1661/665
f 2503/1528/665 2502/1530/665 3194/1567/665
f 3194/1567/665 2502/1530/665 3193/1511/665
f 3193/1511/665 2502/1530/665 2501/1502/665
f 3193/1511/665 2501/1502/665 2500/1500/665
f 2469/1786/665 3178/1788/665 2470/1789/665
f 2470/1789/665 3178/1788/665 3179/1790/665
f 2470/1789/665 3179/1790/665 3180/1791/665
f 3181/1792/665 2471/1793/665 3180/1791/665
f 3180/1791/665 2471/1793/665 2470/1789/665
f 3107/1638/665 3106/1633/665 2291/1635/665
f 2291/1635/665 3106/1633/665 2292/1634/665
f 2292/1634/665 3106/1633/665 2293/1632/665
f 2293/1632/665 3106/1633/665 3105/1631/665
f 2293/1632/665 3105/1631/665 2294/1630/665
f 2294/1630/665 3105/1631/665 3104/1629/665
f 2294/1630/665 3104/1629/665 2295/1628/665
f 2295/1628/665 3104/1629/665 3103/1627/665
f 2295/1628/665 3103/1627/665 2296/1626/665
f 2296/1626/665 3103/1627/665 3102/1625/665
f 2296/1626/665 3102/1625/665 2297/1624/665
f 2297/1624/665 3102/1625/665 3101/1622/665
f 2297/1624/665 3101/1622/665 2298/1623/665
f 2298/1623/665 3101/1622/665 2299/1621/665
f 2299/1621/665 3101/1622/665 3100/1620/665
f 2299/1621/665 3100/1620/665 2300/1618/665
f 2300/1618/665 3100/1620/665 3099/1619/665
f 3168/2069/1038 2143/2070/1038 3169/2071/1039
f 3169/2071/1039 2143/2070/1038 3198/2072/1040
f 3169/2071/1039 3198/2072/1040 3170/3303/1041
f 3170/3303/1041 3198/2072/1040 3199/2074/1042
f 3170/3303/1041 3199/2074/1042 3171/2075/1043
f 3171/2075/1043 3199/2074/1042 3200/2076/1044
f 3171/2075/1043 3200/2076/1044 3172/2077/1045
f 3172/2077/1045 3200/2076/1044 3201/2078/1046
f 3172/2077/1045 3201/2078/1046 3173/2079/1047
f 3173/2079/1047 3201/2078/1046 3202/2080/1048
f 3173/2079/1047 3202/2080/1048 3174/2081/1049
f 3174/2081/1049 3202/2080/1048 3203/2082/1050
f 3174/2083/1049 3203/2084/1050 3175/2085/1051
f 3175/2085/1051 3203/2084/1050 3204/2086/1052
f 3175/2085/1051 3204/2086/1052 3176/2087/1053
f 3176/2087/1053 3204/2086/1052 3205/2088/1054
f 3176/2087/1053 3205/2088/1054 3177/2089/1055
f 3177/2089/1055 3205/2088/1054 3206/2090/1056
f 3177/2089/1055 3206/2090/1056 3178/2091/1057
f 3178/2091/1057 3206/2090/1056 3207/2092/1058
f 3178/2091/1057 3207/2092/1058 3179/3304/1059
f 3179/3304/1059 3207/2092/1058 3208/2094/1060
f 3179/3304/1059 3208/2094/1060 3180/2095/1061
f 3180/2095/1061 3208/2094/1060 3209/2096/483
f 3180/2095/1061 3209/2096/483 2151/2097/482
f 2151/2097/482 3209/2096/483 2152/2098/1062
f 2152/2098/1062 3209/2096/483 2153/2099/1063
f 2153/2099/1063 3209/2096/483 3210/2100/1064
f 2153/2099/1063 3210/2100/1064 17/2101/1065
f 17/2101/1065 3210/2100/1064 18/2102/1066
f 18/2102/1066 3210/2100/1064 3211/2103/1067
f 18/2102/1066 3211/2103/1067 19/2104/1068
f 19/2104/1068 3211/2103/1067 3212/2105/1069
f 19/2104/1068 3212/2105/1069 20/2106/1070
f 20/2106/1070 3212/2105/1069 3213/2107/1071
f 20/2106/1070 3213/2107/1071 21/2108/1072
f 21/2108/1072 3213/2107/1071 3214/2109/1073
f 21/2108/1072 3214/2109/1073 22/2110/1074
f 22/2110/1074 3214/2109/1073 3215/2111/1075
f 22/2110/1074 3215/2111/1075 23/2112/35
f 23/2112/35 3215/2111/1075 3216/2113/1076
f 23/2112/35 3216/2113/1076 24/2114/1077
f 24/2114/1077 3216/2113/1076 3217/2115/1078
f 24/2114/1077 3217/2115/1078 25/2116/1079
f 25/2116/1079 3217/2115/1078 3218/2117/1080
f 25/2116/1079 3218/2117/1080 26/2118/1081
f 26/2118/1081 3218/2117/1080 27/2119/1082
f 27/2119/1082 3218/2117/1080 3219/2120/1083
f 27/2119/1082 3219/2120/1083 28/2121/1084
f 28/2121/1084 3219/2120/1083 3220/2122/1085
f 28/2121/1084 3220/2122/1085 29/2123/1086
f 29/2123/1086 3220/2122/1085 3197/2124/1038
f 29/2123/1086 3197/2124/1038 2141/2125/1087
f 2141/2125/1087 3197/2124/1038 2142/2126/1088
f 2142/2126/1088 3197/2124/1038 2143/2070/1038
f 2143/2070/1038 3197/2124/1038 3198/2072/1040
f 2151/2097/482 3181/2127/482 3180/2095/1061
f 104/3305/84 3221/3306/84 105/3307/84
f 105/3307/84 3221/3306/84 3152/995/84
f 105/3307/84 3152/995/84 2170/1452/84
f 1910/3308/84 1913/3309/84 2170/1452/84
f 2170/1452/84 1913/3309/84 1598/3310/84
f 2170/1452/84 1598/3310/84 105/3307/84
f 3167/2128/3 2144/2129/3 3168/2130/3
f 3168/2130/3 2144/2129/3 2143/2131/3
f 2150/2132/3 2471/2133/3 2151/2134/3
f 2151/2134/3 2471/2133/3 3181/2135/3
f 2226/2136/1089 3227/2137/76 208/2138/1090
f 208/2138/1090 3227/2137/76 3228/2139/75
f 208/2138/1090 3228/2139/75 209/2140/1091
f 209/2140/1091 3228/2139/75 3229/2141/74
f 209/2140/1091 3229/2141/74 210/2142/1092
f 210/2142/1092 3229/2141/74 3230/2143/73
f 210/2142/1092 3230/2143/73 211/2144/1093
f 211/2144/1093 3230/2143/73 3231/2145/72
f 211/2144/1093 3231/2145/72 212/2146/971
f 212/2146/971 3231/2145/72 3232/2147/71
f 212/2146/971 3232/2147/71 213/2148/1094
f 213/2148/1094 3232/2147/71 3233/2149/70
f 213/2148/1094 3233/2149/70 214/2150/1095
f 214/2150/1095 3233/2149/70 3234/2112/35
f 214/2150/1095 3234/2112/35 215/2151/1096
f 215/2151/1096 3234/2112/35 3235/2152/69
f 215/2151/1096 3235/2152/69 216/2153/1097
f 216/2153/1097 3235/2152/69 3236/2154/88
f 216/2153/1097 3236/2154/88 217/2155/1098
f 217/2155/1098 3236/2154/88 3237/2156/87
f 217/2155/1098 3237/2156/87 218/2157/1099
f 218/2157/1099 3237/2156/87 3238/2158/86
f 218/2157/1099 3238/2158/86 219/2159/1100
f 219/2159/1100 3238/2158/86 3239/2160/85
f 219/2159/1100 3239/2160/85 220/2161/1101
f 220/2161/1101 3239/2160/85 3240/2162/84
f 220/2161/1101 3240/2162/84 221/2163/1102
f 221/2163/1102 3240/2162/84 3241/2164/83
f 221/2163/1102 3241/2164/83 2216/2165/136
f 2216/2165/136 3241/2164/83 3242/2166/46
f 2216/2165/136 3242/2166/46 2217/2167/1103
f 2217/2167/1103 3242/2166/46 3243/2168/82
f 2217/2167/1103 3243/2168/82 2218/2169/1104
f 2218/2169/1104 3243/2168/82 3244/2170/1105
f 2218/2169/1104 3244/2170/1105 2219/2171/1106
f 2219/2171/1106 3244/2170/1105 3245/2172/1107
f 2219/2171/1106 3245/2172/1107 2220/2173/1108
f 2220/2173/1108 3245/2172/1107 3222/2174/3
f 2220/2173/1108 3222/2174/3 2221/2175/3
f 2221/2176/3 3222/2177/3 2222/2178/1109
f 2222/2178/1109 3222/2177/3 3223/2179/79
f 2222/2178/1109 3223/2179/79 2223/2180/1110
f 2223/2180/1110 3223/2179/79 3224/2181/1111
f 2223/2180/1110 3224/2181/1111 2224/2182/1112
f 2224/2182/1112 3224/2181/1111 3225/2183/77
f 2224/2182/1112 3225/2183/77 2225/2184/1113
f 2225/2184/1113 3225/2183/77 3226/2185/59
f 2225/2184/1113 3226/2185/59 2226/2136/1089
f 2226/2136/1089 3226/2185/59 3227/2137/76
f 2215/2136/1089 3251/2137/76 183/2138/1090
f 183/2138/1090 3251/2137/76 3252/2139/75
f 183/2138/1090 3252/2139/75 184/2140/1114
f 184/2140/1114 3252/2139/75 3253/2141/74
f 184/2140/1114 3253/2141/74 185/2142/1115
f 185/2142/1115 3253/2141/74 3254/2143/73
f 185/2142/1115 3254/2143/73 186/2144/1093
f 186/2144/1093 3254/2143/73 3255/2145/72
f 186/2144/1093 3255/2145/72 187/2146/971
f 187/2146/971 3255/2145/72 3256/2147/71
f 187/2146/971 3256/2147/71 188/2148/1094
f 188/2148/1094 3256/2147/71 3257/2149/70
f 188/2148/1094 3257/2149/70 189/2150/1095
f 189/2150/1095 3257/2149/70 3258/2112/35
f 189/2150/1095 3258/2112/35 190/2151/1096
f 190/2151/1096 3258/2112/35 3259/2152/69
f 190/2151/1096 3259/2152/69 191/2153/1097
f 191/2153/1097 3259/2152/69 3260/2154/88
f 191/2153/1097 3260/2154/88 192/2155/1098
f 192/2155/1098 3260/2154/88 3261/2156/87
f 192/2155/1098 3261/2156/87 193/2157/1116
f 193/2157/1116 3261/2156/87 3262/2158/86
f 193/2157/1116 3262/2158/86 194/2159/1117
f 194/2159/1117 3262/2158/86 3263/2160/85
f 194/2159/1117 3263/2160/85 195/2161/1101
f 195/2161/1101 3263/2160/85 3264/2162/84
f 195/2161/1101 3264/2162/84 196/2163/1102
f 196/2163/1102 3264/2162/84 3265/2164/83
f 196/2163/1102 3265/2164/83 2205/2165/136
f 2205/2165/136 3265/2164/83 3266/2166/46
f 2205/2165/136 3266/2166/46 2206/2167/1118
f 2206/2167/1118 3266/2166/46 3267/2168/1119
f 2206/2167/1118 3267/2168/1119 2207/2169/1104
f 2207/2169/1104 3267/2168/1119 3268/2170/81
f 2207/2169/1104 3268/2170/81 2208/2171/1120
f 2208/2171/1120 3268/2170/81 3269/2172/1107
f 2208/2171/1120 3269/2172/1107 2209/2173/1108
f 2209/2173/1108 3269/2172/1107 3246/2174/3
f 2209/2173/1108 3246/2174/3 2210/2175/3
f 2210/2176/3 3246/2177/3 2211/2178/1109
f 2211/2178/1109 3246/2177/3 3247/2179/79
f 2211/2178/1109 3247/2179/79 2212/2180/1110
f 2212/2180/1110 3247/2179/79 3248/2181/1111
f 2212/2180/1110 3248/2181/1111 2213/2182/1112
f 2213/2182/1112 3248/2181/1111 3249/2183/77
f 2213/2182/1112 3249/2183/77 2214/2184/1113
f 2214/2184/1113 3249/2183/77 3250/2185/59
f 2214/2184/1113 3250/2185/59 2215/2136/1089
f 2215/2136/1089 3250/2185/59 3251/2137/76
f 2204/2136/1089 3275/2137/76 158/2138/1090
f 158/2138/1090 3275/2137/76 3276/2139/75
f 158/2138/1090 3276/2139/75 159/2140/1114
f 159/2140/1114 3276/2139/75 3277/2141/74
f 159/2140/1114 3277/2141/74 160/2142/1092
f 160/2142/1092 3277/2141/74 3278/2143/73
f 160/2142/1092 3278/2143/73 161/2144/1093
f 161/2144/1093 3278/2143/73 3279/2145/72
f 161/2144/1093 3279/2145/72 162/2146/971
f 162/2146/971 3279/2145/72 3280/2147/71
f 162/2146/971 3280/2147/71 163/2148/1094
f 163/2148/1094 3280/2147/71 3281/2149/70
f 163/2148/1094 3281/2149/70 164/2150/1095
f 164/2150/1095 3281/2149/70 3282/2112/35
f 164/2150/1095 3282/2112/35 165/2151/1096
f 165/2151/1096 3282/2112/35 3283/2152/69
f 165/2151/1096 3283/2152/69 166/2153/1097
f 166/2153/1097 3283/2152/69 3284/2154/88
f 166/2153/1097 3284/2154/88 167/2155/1098
f 167/2155/1098 3284/2154/88 3285/2156/87
f 167/2155/1098 3285/2156/87 168/2157/1116
f 168/2157/1116 3285/2156/87 3286/2158/86
f 168/2157/1116 3286/2158/86 169/2159/1121
f 169/2159/1121 3286/2158/86 3287/2160/85
f 169/2159/1121 3287/2160/85 170/2161/1101
f 170/2161/1101 3287/2160/85 3288/2162/84
f 170/2161/1101 3288/2162/84 171/2163/1102
f 171/2163/1102 3288/2162/84 3289/2164/83
f 171/2163/1102 3289/2164/83 2194/2165/136
f 2194/2165/136 3289/2164/83 3290/2166/46
f 2194/2165/136 3290/2166/46 2195/2167/1118
f 2195/2167/1118 3290/2166/46 3291/2168/82
f 2195/2167/1118 3291/2168/82 2196/2169/1104
f 2196/2169/1104 3291/2168/82 3292/2170/1105
f 2196/2169/1104 3292/2170/1105 2197/2171/1120
f 2197/2171/1120 3292/2170/1105 3293/2172/1107
f 2197/2171/1120 3293/2172/1107 2198/2173/1108
f 2198/2173/1108 3293/2172/1107 3270/2174/3
f 2198/2173/1108 3270/2174/3 2199/2175/3
f 2199/2176/3 3270/2177/3 2200/2178/1109
f 2200/2178/1109 3270/2177/3 3271/2179/1122
f 2200/2178/1109 3271/2179/1122 2201/2180/1110
f 2201/2180/1110 3271/2179/1122 3272/2181/1111
f 2201/2180/1110 3272/2181/1111 2202/2182/1112
f 2202/2182/1112 3272/2181/1111 3273/2183/77
f 2202/2182/1112 3273/2183/77 2203/2184/1113
f 2203/2184/1113 3273/2183/77 3274/2185/59
f 2203/2184/1113 3274/2185/59 2204/2136/1089
f 2204/2136/1089 3274/2185/59 3275/2137/76
f 2193/2136/1089 3299/2137/76 133/2138/1123
f 133/2138/1123 3299/2137/76 3300/2139/75
f 133/2138/1123 3300/2139/75 134/2140/1114
f 134/2140/1114 3300/2139/75 3301/2141/74
f 134/2140/1114 3301/2141/74 135/2142/1115
f 135/2142/1115 3301/2141/74 3302/2143/73
f 135/2142/1115 3302/2143/73 136/2144/1093
f 136/2144/1093 3302/2143/73 3303/2145/72
f 136/2144/1093 3303/2145/72 137/2146/971
f 137/2146/971 3303/2145/72 3304/2147/71
f 137/2146/971 3304/2147/71 138/2148/1094
f 138/2148/1094 3304/2147/71 3305/2149/70
f 138/2148/1094 3305/2149/70 139/2150/1095
f 139/2150/1095 3305/2149/70 3306/2112/35
f 139/2150/1095 3306/2112/35 140/2151/1096
f 140/2151/1096 3306/2112/35 3307/2152/69
f 140/2151/1096 3307/2152/69 141/2153/1097
f 141/2153/1097 3307/2152/69 3308/2154/88
f 141/2153/1097 3308/2154/88 142/2155/1098
f 142/2155/1098 3308/2154/88 3309/2156/87
f 142/2155/1098 3309/2156/87 143/2157/1116
f 143/2157/1116 3309/2156/87 3310/2158/86
f 143/2157/1116 3310/2158/86 144/2159/1117
f 144/2159/1117 3310/2158/86 3311/2160/85
f 144/2159/1117 3311/2160/85 145/2161/1101
f 145/2161/1101 3311/2160/85 3312/2162/84
f 145/2161/1101 3312/2162/84 146/2163/1124
f 146/2163/1124 3312/2162/84 3313/2164/83
f 146/2163/1124 3313/2164/83 2183/2165/136
f 2183/2165/136 3313/2164/83 3314/2166/46
f 2183/2165/136 3314/2166/46 2184/2167/1118
f 2184/2167/1118 3314/2166/46 3315/2168/82
f 2184/2167/1118 3315/2168/82 2185/2169/1104
f 2185/2169/1104 3315/2168/82 3316/2170/1105
f 2185/2169/1104 3316/2170/1105 2186/2171/1120
f 2186/2171/1120 3316/2170/1105 3317/2172/80
f 2186/2171/1120 3317/2172/80 2187/2173/1108
f 2187/2173/1108 3317/2172/80 3294/2174/3
f 2187/2173/1108 3294/2174/3 2188/2175/3
f 2188/2176/3 3294/2177/3 2189/2178/1109
f 2189/2178/1109 3294/2177/3 3295/2179/1122
f 2189/2178/1109 3295/2179/1122 2190/2180/1110
f 2190/2180/1110 3295/2179/1122 3296/2181/78
f 2190/2180/1110 3296/2181/78 2191/2182/1112
f 2191/2182/1112 3296/2181/78 3297/2183/1125
f 2191/2182/1112 3297/2183/1125 2192/2184/1126
f 2192/2184/1126 3297/2183/1125 3298/2185/59
f 2192/2184/1126 3298/2185/59 2193/2136/1089
f 2193/2136/1089 3298/2185/59 3299/2137/76
f 2182/2136/1089 3323/2137/1127 108/2138/1090
f 108/2138/1090 3323/2137/1127 3324/2139/75
f 108/2138/1090 3324/2139/75 109/2140/1114
f 109/2140/1114 3324/2139/75 3325/2141/74
f 109/2140/1114 3325/2141/74 110/2142/1092
f 110/2142/1092 3325/2141/74 3326/2143/73
f 110/2142/1092 3326/2143/73 111/2144/1093
f 111/2144/1093 3326/2143/73 3327/2145/72
f 111/2144/1093 3327/2145/72 112/2146/971
f 112/2146/971 3327/2145/72 3328/2147/71
f 112/2146/971 3328/2147/71 113/2148/1094
f 113/2148/1094 3328/2147/71 3329/2149/70
f 113/2148/1094 3329/2149/70 114/2150/1095
f 114/2150/1095 3329/2149/70 3330/2112/35
f 114/2150/1095 3330/2112/35 115/2151/1096
f 115/2151/1096 3330/2112/35 3331/2152/69
f 115/2151/1096 3331/2152/69 116/2153/1097
f 116/2153/1097 3331/2152/69 3332/2154/88
f 116/2153/1097 3332/2154/88 117/2155/1098
f 117/2155/1098 3332/2154/88 3333/2156/87
f 117/2155/1098 3333/2156/87 118/2157/1116
f 118/2157/1116 3333/2156/87 3334/2158/86
f 118/2157/1116 3334/2158/86 119/2159/1121
f 119/2159/1121 3334/2158/86 3335/2160/85
f 119/2159/1121 3335/2160/85 120/2161/1101
f 120/2161/1101 3335/2160/85 3336/2162/84
f 120/2161/1101 3336/2162/84 121/2163/1102
f 121/2163/1102 3336/2162/84 3337/2164/83
f 121/2163/1102 3337/2164/83 2172/2165/136
f 2172/2165/136 3337/2164/83 3338/2166/46
f 2172/2165/136 3338/2166/46 2173/2167/1118
f 2173/2167/1118 3338/2166/46 3339/2168/82
f 2173/2167/1118 3339/2168/82 2174/2169/1104
f 2174/2169/1104 3339/2168/82 3340/2170/1105
f 2174/2169/1104 3340/2170/1105 2175/2171/1106
f 2175/2171/1106 3340/2170/1105 3341/2172/1128
f 2175/2171/1106 3341/2172/1128 2176/2173/1108
f 2176/2173/1108 3341/2172/1128 3318/2174/3
f 2176/2173/1108 3318/2174/3 2177/2175/3
f 2177/2176/3 3318/2177/3 2178/2178/1109
f 2178/2178/1109 3318/2177/3 3319/2179/1122
f 2178/2178/1109 3319/2179/1122 2179/2180/1110
f 2179/2180/1110 3319/2179/1122 3320/2181/1111
f 2179/2180/1110 3320/2181/1111 2180/2182/1112
f 2180/2182/1112 3320/2181/1111 3321/2183/77
f 2180/2182/1112 3321/2183/77 2181/2184/1126
f 2181/2184/1126 3321/2183/77 3322/2185/59
f 2181/2184/1126 3322/2185/59 2182/2136/1089
f 2182/2136/1089 3322/2185/59 3323/2137/1127
f 4/2186/3 3342/2187/3 5/2188/3
f 5/2188/3 3342/2187/3 3154/2189/3
f 5/2188/3 3154/2189/3 2155/2190/3
f 13/2191/1129 12/3311/1130 3343/2193/1129
f 3343/2193/1129 12/3311/1130 3360/2194/1131
f 3360/2194/1131 12/3311/1130 11/2195/660
f 3360/2194/1131 11/2195/660 3359/2196/1132
f 3359/2196/1132 11/2195/660 2144/2197/1133
f 3359/2196/1132 2144/2197/1133 3358/2198/1134
f 3358/2198/1134 2144/2197/1133 3196/2199/1134
f 3358/2198/1134 3196/2199/1134 3195/2200/1135
f 2144/2197/1133 3167/2201/1136 3196/2199/1134
f 3358/2198/1134 3195/2200/1135 3357/2202/1135
f 3357/2202/1135 3195/2200/1135 3194/2203/227
f 3357/2202/1135 3194/2203/227 3356/2204/227
f 3356/2204/227 3194/2203/227 3193/2205/1137
f 3356/2204/227 3193/2205/1137 3355/2206/1137
f 3355/2206/1137 3193/2205/1137 3192/2207/1138
f 3355/2206/1137 3192/2207/1138 3354/2208/1139
f 3354/2208/1139 3192/2207/1138 3191/2209/1140
f 3354/2208/1139 3191/2209/1140 3353/2210/1140
f 3353/2210/1140 3191/2209/1140 3190/2211/1141
f 3353/2210/1140 3190/2211/1141 3352/2212/1141
f 3352/2212/1141 3190/2211/1141 3189/2213/1142
f 3352/2212/1141 3189/2213/1142 3351/2214/1142
f 3351/2214/1142 3189/2213/1142 3188/2215/1143
f 3351/2214/1142 3188/2215/1143 3350/2216/1143
f 3350/2216/1143 3188/2215/1143 3187/2217/1144
f 3350/2216/1143 3187/2217/1144 3349/2218/1144
f 3349/2218/1144 3187/2217/1144 3186/2219/1145
f 3349/2218/1144 3186/2219/1145 3348/2220/1145
f 3348/2220/1145 3186/2219/1145 3185/2221/230
f 3348/2220/1145 3185/2221/230 3347/2222/230
f 3347/2222/230 3185/2221/230 3184/2223/1146
f 3347/2222/230 3184/2223/1146 3346/2224/1146
f 3346/2224/1146 3184/2223/1146 3183/2225/1147
f 3346/2224/1146 3183/2225/1147 3345/2226/1147
f 3345/2226/1147 3183/2225/1147 3182/2227/1148
f 3345/2226/1147 3182/2227/1148 3344/2228/1149
f 3344/2228/1149 3182/2227/1148 3092/1025/1150
f 3344/2228/1149 3092/1025/1150 3151/995/1150
f 107/3312/75 106/3313/75 3361/3314/75
f 3361/3314/75 106/3313/75 3153/3315/75
f 3153/3315/75 106/3313/75 2171/3316/75
f 2171/3316/75 106/3313/75 1599/3317/75
f 2171/3316/75 1599/3317/75 1912/3318/75
f 1912/3318/75 1911/3319/75 2171/3316/75
f 71/2229/3 77/2230/3 3362/2231/3
f 3362/2231/3 77/2230/3 3166/2232/3
f 3166/2232/3 77/2230/3 2167/2233/3
f 3363/2234/1151 3364/2235/1152 54/2236/1151
f 54/2236/1151 3364/2235/1152 55/3320/1153
f 55/3320/1153 3364/2235/1152 3365/2238/1154
f 55/3320/1153 3365/2238/1154 56/3321/1155
f 56/3321/1155 3365/2238/1154 3366/2240/1156
f 56/3321/1155 3366/2240/1156 57/3322/1157
f 57/3322/1157 3366/2240/1156 3367/2243/1158
f 57/3322/1157 3367/2243/1158 3368/2245/1159
f 57/3322/1157 3368/2245/1159 58/2246/670
f 58/2246/670 3368/2245/1159 3369/2247/1160
f 58/2246/670 3369/2247/1160 2145/2248/1161
f 2145/2248/1161 3369/2247/1160 3370/2249/1162
f 2145/2248/1161 3370/2249/1162 68/2250/592
f 68/2250/592 3370/2249/1162 3371/1025/1163
f 68/2250/592 3371/1025/1163 69/2251/1164
f 69/2251/1164 3371/1025/1163 2154/1452/1163
f 2128/2252/1165 3372/2253/1165 2129/2254/1166
f 2129/2254/1166 3372/2253/1165 3373/2255/1166
f 2129/2254/1166 3373/2255/1166 3374/2256/1167
f 2129/2254/1166 3374/2256/1167 2130/2257/1167
f 2130/2257/1167 3374/2256/1167 3375/2258/1168
f 2130/2257/1167 3375/2258/1168 2131/2259/1168
f 2131/2259/1168 3375/2258/1168 3376/2260/1169
f 2131/2259/1168 3376/2260/1169 2132/2261/1169
f 2132/2261/1169 3376/2260/1169 3377/2262/1170
f 2132/2261/1169 3377/2262/1170 2133/2263/1170
f 2133/2263/1170 3377/2262/1170 3378/1025/3
f 2133/2263/1170 3378/1025/3 2134/2112/3
f 2134/2112/3 3378/1025/3 3379/2264/407
f 2134/2112/3 3379/2264/407 2135/2265/407
f 2135/2265/407 3379/2264/407 3380/2266/1171
f 2135/2265/407 3380/2266/1171 2136/2267/1171
f 2136/2267/1171 3380/2266/1171 3381/2268/1172
f 2136/2267/1171 3381/2268/1172 2137/2269/1172
f 2137/2269/1172 3381/2268/1172 3382/2270/1173
f 2137/2269/1172 3382/2270/1173 2138/2271/1173
f 2138/2271/1173 3382/2270/1173 3383/2272/1174
f 2138/2271/1173 3383/2272/1174 2139/2273/1174
f 2139/2273/1174 3383/2272/1174 2140/2274/1175
f 2140/2274/1175 3383/2272/1174 3384/2275/1175
f 104/1453/35 107/1452/35 3221/2276/35
f 3221/2276/35 107/1452/35 3361/1025/35
f 345/2277/1101 3391/2278/84 346/2279/1102
f 346/2279/1102 3391/2278/84 3392/2280/83
f 346/2279/1102 3392/2280/83 2271/2281/136
f 2271/2281/136 3392/2280/83 3393/2282/46
f 2271/2281/136 3393/2282/46 2272/2283/1103
f 2272/2283/1103 3393/2282/46 3394/2284/82
f 2272/2283/1103 3394/2284/82 2273/2285/1104
f 2273/2285/1104 3394/2284/82 3395/2286/1105
f 2273/2285/1104 3395/2286/1105 2274/2287/1106
f 2274/2287/1106 3395/2286/1105 3396/2288/1107
f 2274/2287/1106 3396/2288/1107 2275/2289/1108
f 2275/2289/1108 3396/2288/1107 3397/2290/3
f 2275/2289/1108 3397/2290/3 2276/994/3
f 2276/994/3 3397/2290/3 2277/2291/1109
f 2277/2291/1109 3397/2290/3 3398/2292/79
f 2277/2291/1109 3398/2292/79 2278/2293/1110
f 2278/2293/1110 3398/2292/79 3399/2294/1111
f 2278/2293/1110 3399/2294/1111 2279/2295/1112
f 2279/2295/1112 3399/2294/1111 3400/2296/77
f 2279/2295/1112 3400/2296/77 2280/2297/1113
f 2280/2297/1113 3400/2296/77 3401/2298/59
f 2280/2297/1113 3401/2298/59 2281/2299/1089
f 2281/2299/1089 3401/2298/59 3402/2300/76
f 2281/2299/1089 3402/2300/76 333/2301/1090
f 333/2301/1090 3402/2300/76 3403/2302/75
f 333/2301/1090 3403/2302/75 334/2303/1091
f 334/2303/1091 3403/2302/75 3404/2304/74
f 334/2303/1091 3404/2304/74 335/2305/1092
f 335/2305/1092 3404/2304/74 3405/2306/73
f 335/2305/1092 3405/2306/73 336/2307/1176
f 336/2307/1176 3405/2306/73 3406/2308/72
f 336/2307/1176 3406/2308/72 337/2309/971
f 337/2309/971 3406/2308/72 3407/2310/71
f 337/2309/971 3407/2310/71 338/2311/1094
f 338/2311/1094 3407/2310/71 3408/2312/70
f 338/2311/1094 3408/2312/70 339/2313/1095
f 339/2313/1095 3408/2312/70 3385/2314/35
f 339/2313/1095 3385/2314/35 340/2315/1096
f 340/2316/1096 3385/2317/35 3386/2318/69
f 340/2316/1096 3386/2318/69 341/2319/1097
f 341/2319/1097 3386/2318/69 3387/2320/88
f 341/2319/1097 3387/2320/88 342/2321/1098
f 342/2321/1098 3387/2320/88 3388/2322/87
f 342/2321/1098 3388/2322/87 343/2323/1177
f 343/2323/1177 3388/2322/87 3389/2324/86
f 343/2323/1177 3389/2324/86 344/2325/1100
f 344/2325/1100 3389/2324/86 3390/2326/85
f 344/2325/1100 3390/2326/85 345/2277/1101
f 345/2277/1101 3390/2326/85 3391/2278/84
f 320/2277/1101 3415/2278/84 321/2279/1124
f 321/2279/1124 3415/2278/84 3416/2280/83
f 321/2279/1124 3416/2280/83 2260/2281/136
f 2260/2281/136 3416/2280/83 3417/2282/1178
f 2260/2281/136 3417/2282/1178 2261/2283/1118
f 2261/2283/1118 3417/2282/1178 3418/2284/82
f 2261/2283/1118 3418/2284/82 2262/2285/1104
f 2262/2285/1104 3418/2284/82 3419/2286/1105
f 2262/2285/1104 3419/2286/1105 2263/2287/1106
f 2263/2287/1106 3419/2286/1105 3420/2288/1107
f 2263/2287/1106 3420/2288/1107 2264/2289/1108
f 2264/2289/1108 3420/2288/1107 3421/2290/3
f 2264/2289/1108 3421/2290/3 2265/994/3
f 2265/994/3 3421/2290/3 2266/2291/1109
f 2266/2291/1109 3421/2290/3 3422/2292/1179
f 2266/2291/1109 3422/2292/1179 2267/2293/1110
f 2267/2293/1110 3422/2292/1179 3423/2294/78
f 2267/2293/1110 3423/2294/78 2268/2295/1180
f 2268/2295/1180 3423/2294/78 3424/2296/77
f 2268/2295/1180 3424/2296/77 2269/2297/1113
f 2269/2297/1113 3424/2296/77 3425/2298/59
f 2269/2297/1113 3425/2298/59 2270/2299/1089
f 2270/2299/1089 3425/2298/59 3426/2300/1181
f 2270/2299/1089 3426/2300/1181 308/2301/1123
f 308/2301/1123 3426/2300/1181 3427/2302/75
f 308/2301/1123 3427/2302/75 309/2303/1114
f 309/2303/1114 3427/2302/75 3428/2304/74
f 309/2303/1114 3428/2304/74 310/2305/1092
f 310/2305/1092 3428/2304/74 3429/2306/73
f 310/2305/1092 3429/2306/73 311/2307/1093
f 311/2307/1093 3429/2306/73 3430/2308/72
f 311/2307/1093 3430/2308/72 312/2309/1182
f 312/2309/1182 3430/2308/72 3431/2310/71
f 312/2309/1182 3431/2310/71 313/2311/1183
f 313/2311/1183 3431/2310/71 3432/2312/70
f 313/2311/1183 3432/2312/70 314/2313/1095
f 314/2313/1095 3432/2312/70 3409/2314/35
f 314/2313/1095 3409/2314/35 315/2315/1096
f 315/2316/1096 3409/2317/35 3410/2318/69
f 315/2316/1096 3410/2318/69 316/2319/1184
f 316/2319/1184 3410/2318/69 3411/2320/88
f 316/2319/1184 3411/2320/88 317/2321/1185
f 317/2321/1185 3411/2320/88 3412/2322/87
f 317/2321/1185 3412/2322/87 318/2323/1116
f 318/2323/1116 3412/2322/87 3413/2324/86
f 318/2323/1116 3413/2324/86 319/2325/1121
f 319/2325/1121 3413/2324/86 3414/2326/85
f 319/2325/1121 3414/2326/85 320/2277/1101
f 320/2277/1101 3414/2326/85 3415/2278/84
f 295/2277/1101 3439/2278/84 296/2279/1102
f 296/2279/1102 3439/2278/84 3440/2280/83
f 296/2279/1102 3440/2280/83 2249/2281/136
f 2249/2281/136 3440/2280/83 3441/2282/46
f 2249/2281/136 3441/2282/46 2250/2283/1118
f 2250/2283/1118 3441/2282/46 3442/2284/82
f 2250/2283/1118 3442/2284/82 2251/2285/1104
f 2251/2285/1104 3442/2284/82 3443/2286/1105
f 2251/2285/1104 3443/2286/1105 2252/2287/1120
f 2252/2287/1120 3443/2286/1105 3444/2288/1107
f 2252/2287/1120 3444/2288/1107 2253/2289/1108
f 2253/2289/1108 3444/2288/1107 3445/2290/3
f 2253/2289/1108 3445/2290/3 2254/994/3
f 2254/994/3 3445/2290/3 2255/2291/1109
f 2255/2291/1109 3445/2290/3 3446/2292/1122
f 2255/2291/1109 3446/2292/1122 2256/2293/1110
f 2256/2293/1110 3446/2292/1122 3447/2294/1111
f 2256/2293/1110 3447/2294/1111 2257/2295/1112
f 2257/2295/1112 3447/2294/1111 3448/2296/77
f 2257/2295/1112 3448/2296/77 2258/2297/1113
f 2258/2297/1113 3448/2296/77 3449/2298/59
f 2258/2297/1113 3449/2298/59 2259/2299/1089
f 2259/2299/1089 3449/2298/59 3450/2300/76
f 2259/2299/1089 3450/2300/76 283/2301/1090
f 283/2301/1090 3450/2300/76 3451/2302/75
f 283/2301/1090 3451/2302/75 284/2303/1114
f 284/2303/1114 3451/2302/75 3452/2304/74
f 284/2303/1114 3452/2304/74 285/2305/1092
f 285/2305/1092 3452/2304/74 3453/2306/73
f 285/2305/1092 3453/2306/73 286/2307/1176
f 286/2307/1176 3453/2306/73 3454/2308/72
f 286/2307/1176 3454/2308/72 287/2309/971
f 287/2309/971 3454/2308/72 3455/2310/71
f 287/2309/971 3455/2310/71 288/2311/1094
f 288/2311/1094 3455/2310/71 3456/2312/70
f 288/2311/1094 3456/2312/70 289/2313/1095
f 289/2313/1095 3456/2312/70 3433/2314/35
f 289/2313/1095 3433/2314/35 290/2315/1096
f 290/2316/1096 3433/2317/35 3434/2318/69
f 290/2316/1096 3434/2318/69 291/2319/1097
f 291/2319/1097 3434/2318/69 3435/2320/88
f 291/2319/1097 3435/2320/88 292/2321/1098
f 292/2321/1098 3435/2320/88 3436/2322/87
f 292/2321/1098 3436/2322/87 293/2323/1177
f 293/2323/1177 3436/2322/87 3437/2324/86
f 293/2323/1177 3437/2324/86 294/2325/1121
f 294/2325/1121 3437/2324/86 3438/2326/85
f 294/2325/1121 3438/2326/85 295/2277/1101
f 295/2277/1101 3438/2326/85 3439/2278/84
f 270/2277/1101 3463/2278/84 271/2279/1102
f 271/2279/1102 3463/2278/84 3464/2280/83
f 271/2279/1102 3464/2280/83 2238/2281/136
f 2238/2281/136 3464/2280/83 3465/2282/46
f 2238/2281/136 3465/2282/46 2239/2283/1118
f 2239/2283/1118 3465/2282/46 3466/2284/82
f 2239/2283/1118 3466/2284/82 2240/2285/1104
f 2240/2285/1104 3466/2284/82 3467/2286/1105
f 2240/2285/1104 3467/2286/1105 2241/2287/1106
f 2241/2287/1106 3467/2286/1105 3468/2288/1186
f 2241/2287/1106 3468/2288/1186 2242/2289/1108
f 2242/2289/1108 3468/2288/1186 3469/2290/3
f 2242/2289/1108 3469/2290/3 2243/994/3
f 2243/994/3 3469/2290/3 2244/2291/1109
f 2244/2291/1109 3469/2290/3 3470/2292/1122
f 2244/2291/1109 3470/2292/1122 2245/2293/1187
f 2245/2293/1187 3470/2292/1122 3471/2294/78
f 2245/2293/1187 3471/2294/78 2246/2295/1112
f 2246/2295/1112 3471/2294/78 3472/2296/1125
f 2246/2295/1112 3472/2296/1125 2247/2297/1126
f 2247/2297/1126 3472/2296/1125 3473/2298/59
f 2247/2297/1126 3473/2298/59 2248/2299/1089
f 2248/2299/1089 3473/2298/59 3474/2300/76
f 2248/2299/1089 3474/2300/76 258/2301/1123
f 258/2301/1123 3474/2300/76 3475/2302/75
f 258/2301/1123 3475/2302/75 259/2303/1114
f 259/2303/1114 3475/2302/75 3476/2304/74
f 259/2303/1114 3476/2304/74 260/2305/1092
f 260/2305/1092 3476/2304/74 3477/2306/73
f 260/2305/1092 3477/2306/73 261/2307/1093
f 261/2307/1093 3477/2306/73 3478/2308/72
f 261/2307/1093 3478/2308/72 262/2309/1182
f 262/2309/1182 3478/2308/72 3479/2310/71
f 262/2309/1182 3479/2310/71 263/2311/1183
f 263/2311/1183 3479/2310/71 3480/2312/70
f 263/2311/1183 3480/2312/70 264/2313/1095
f 264/2313/1095 3480/2312/70 3457/2314/35
f 264/2313/1095 3457/2314/35 265/2315/1096
f 265/2316/1096 3457/2317/35 3458/2318/69
f 265/2316/1096 3458/2318/69 266/2319/1184
f 266/2319/1184 3458/2318/69 3459/2320/88
f 266/2319/1184 3459/2320/88 267/2321/1185
f 267/2321/1185 3459/2320/88 3460/2322/87
f 267/2321/1185 3460/2322/87 268/2323/1116
f 268/2323/1116 3460/2322/87 3461/2324/86
f 268/2323/1116 3461/2324/86 269/2325/1121
f 269/2325/1121 3461/2324/86 3462/2326/85
f 269/2325/1121 3462/2326/85 270/2277/1101
f 270/2277/1101 3462/2326/85 3463/2278/84
f 245/2277/1101 3487/2278/84 246/2279/1102
f 246/2279/1102 3487/2278/84 3488/2280/83
f 246/2279/1102 3488/2280/83 2227/2281/136
f 2227/2281/136 3488/2280/83 3489/2282/46
f 2227/2281/136 3489/2282/46 2228/2283/1118
f 2228/2283/1118 3489/2282/46 3490/2284/82
f 2228/2283/1118 3490/2284/82 2229/2285/1104
f 2229/2285/1104 3490/2284/82 3491/2286/1105
f 2229/2285/1104 3491/2286/1105 2230/2287/1106
f 2230/2287/1106 3491/2286/1105 3492/2288/1128
f 2230/2287/1106 3492/2288/1128 2231/2289/1108
f 2231/2289/1108 3492/2288/1128 3493/2290/3
f 2231/2289/1108 3493/2290/3 2232/994/3
f 2232/994/3 3493/2290/3 2233/2291/1109
f 2233/2291/1109 3493/2290/3 3494/2292/1122
f 2233/2291/1109 3494/2292/1122 2234/2293/1110
f 2234/2293/1110 3494/2292/1122 3495/2294/1111
f 2234/2293/1110 3495/2294/1111 2235/2295/1112
f 2235/2295/1112 3495/2294/1111 3496/2296/77
f 2235/2295/1112 3496/2296/77 2236/2297/1126
f 2236/2297/1126 3496/2296/77 3497/2298/59
f 2236/2297/1126 3497/2298/59 2237/2299/1089
f 2237/2299/1089 3497/2298/59 3498/2300/1127
f 2237/2299/1089 3498/2300/1127 233/2301/1090
f 233/2301/1090 3498/2300/1127 3499/2302/75
f 233/2301/1090 3499/2302/75 234/2303/1114
f 234/2303/1114 3499/2302/75 3500/2304/74
f 234/2303/1114 3500/2304/74 235/2305/1092
f 235/2305/1092 3500/2304/74 3501/2306/73
f 235/2305/1092 3501/2306/73 236/2307/1188
f 236/2307/1188 3501/2306/73 3502/2308/72
f 236/2307/1188 3502/2308/72 237/2309/971
f 237/2309/971 3502/2308/72 3503/2310/71
f 237/2309/971 3503/2310/71 238/2311/1094
f 238/2311/1094 3503/2310/71 3504/2312/70
f 238/2311/1094 3504/2312/70 239/2313/1095
f 239/2313/1095 3504/2312/70 3481/2314/35
f 239/2313/1095 3481/2314/35 240/2315/1096
f 240/2316/1096 3481/2317/35 3482/2318/69
f 240/2316/1096 3482/2318/69 241/2319/1097
f 241/2319/1097 3482/2318/69 3483/2320/88
f 241/2319/1097 3483/2320/88 242/2321/1098
f 242/2321/1098 3483/2320/88 3484/2322/87
f 242/2321/1098 3484/2322/87 243/2323/1177
f 243/2323/1177 3484/2322/87 3485/2324/86
f 243/2323/1177 3485/2324/86 244/2325/1121
f 244/2325/1121 3485/2324/86 3486/2326/85
f 244/2325/1121 3486/2326/85 245/2277/1101
f 245/2277/1101 3486/2326/85 3487/2278/84
f 54/2327/3 67/2328/3 3363/2329/3
f 3363/2329/3 67/2328/3 3384/2330/3
f 3384/2330/3 67/2328/3 2140/2331/3
f 71/2332/1189 3362/2333/1190 72/2334/1191
f 72/2334/1191 3362/2333/1190 73/2335/1192
f 73/2335/1192 3362/2333/1190 74/2336/1193
f 74/2336/1193 3362/2333/1190 2123/2337/1194
f 2123/2337/1194 3362/2333/1190 2124/2338/1195
f 2124/2338/1195 3362/2333/1190 78/2339/1196
f 78/2339/1196 3362/2333/1190 3505/2340/1197
f 78/2339/1196 3505/2340/1197 79/2341/1198
f 79/2341/1198 3505/2340/1197 3506/2342/1199
f 79/2341/1198 3506/2342/1199 80/2343/1200
f 80/2343/1200 3506/2342/1199 3507/2344/1201
f 80/2343/1200 3507/2344/1201 81/2345/1202
f 81/2345/1202 3507/2344/1201 3508/2346/1203
f 81/2345/1202 3508/2346/1203 82/2347/1204
f 82/2347/1204 3508/2346/1203 3509/2348/1205
f 82/2347/1204 3509/2348/1205 83/2349/1206
f 83/2349/1206 3509/2348/1205 3510/999/35
f 83/2349/1206 3510/999/35 84/2350/35
f 84/2350/35 3510/999/35 85/2351/1207
f 85/2351/1207 3510/999/35 3511/2352/1208
f 85/2351/1207 3511/2352/1208 86/2353/1209
f 86/2353/1209 3511/2352/1208 3512/2354/1210
f 86/2353/1209 3512/2354/1210 87/2355/1211
f 87/2355/1211 3512/2354/1210 3513/2356/1212
f 87/2355/1211 3513/2356/1212 88/2357/1213
f 88/2357/1213 3513/2356/1212 3514/2358/1214
f 88/2357/1213 3514/2358/1214 89/2359/1215
f 89/2359/1215 3514/2358/1214 3515/2360/1216
f 89/2359/1215 3515/2360/1216 90/2361/1217
f 90/2361/1217 3515/2360/1216 3342/2362/1218
f 90/2361/1217 3342/2362/1218 2168/2363/1219
f 2168/2363/1219 3342/2362/1218 2169/2364/1220
f 2169/2364/1220 3342/2362/1218 1/2365/1221
f 1/2365/1221 3342/2362/1218 2/2366/1222
f 2/2366/1222 3342/2362/1218 3/2367/1223
f 3/2367/1223 3342/2362/1218 4/2368/1218
f 13/2369/35 3343/2370/35 14/2371/35
f 14/2371/35 3343/2370/35 3516/2372/35
f 14/2371/35 3516/2372/35 2125/2373/35
f 50/2374/35 49/2375/35 2378/2376/35
f 2378/2376/35 49/2375/35 3371/995/35
f 3371/995/35 49/2375/35 2154/1452/35
f 2127/2377/627 2126/2378/565 3517/2379/566
f 3517/2379/566 2126/2378/565 3518/2380/1224
f 3518/2380/1224 2126/2378/565 9/2381/1225
f 3518/2380/1224 9/2381/1225 3516/2382/1226
f 3516/2382/1226 9/2381/1225 8/2383/1227
f 3516/2382/1226 8/2383/1227 2125/2384/1226
f 3142/2545/1 2314/2546/1 3143/2547/1
f 3143/2547/1 2314/2546/1 2313/2548/1
f 3143/2547/1 2313/2548/1 3144/2549/1
f 3144/2549/1 2313/2548/1 2312/2550/1
f 3144/2549/1 2312/2550/1 2726/2551/1
f 2726/2551/1 2312/2550/1 2311/2552/1
f 2726/2551/1 2311/2552/1 2727/2553/1
f 2727/2553/1 2311/2552/1 2310/2554/1
f 2727/2553/1 2310/2554/1 2594/2555/1
f 2594/2555/1 2310/2554/1 2309/2556/1
f 2594/2555/1 2309/2556/1 2595/2557/1
f 2595/2557/1 2309/2556/1 2308/2558/1
f 2595/2557/1 2308/2558/1 2596/2559/1
f 2596/2559/1 2308/2558/1 2307/2560/1
f 2596/2559/1 2307/2560/1 2597/2561/1
f 2597/2561/1 2307/2560/1 2306/2562/1
f 2597/2561/1 2306/2562/1 2598/2563/1
f 2598/2563/1 2306/2562/1 2329/2564/1
f 2598/2563/1 2329/2564/1 2599/2565/1
f 2599/2565/1 2329/2564/1 2328/2566/1
f 2599/2565/1 2328/2566/1 2600/2567/1
f 2600/2567/1 2328/2566/1 2327/2568/1
f 2600/2567/1 2327/2568/1 2601/2569/1
f 2601/2569/1 2327/2568/1 2537/2570/1
f 2537/2570/1 2327/2568/1 2326/2571/1
f 2537/2570/1 2326/2571/1 2325/2572/1
f 3141/2573/1 2316/2574/1 3142/2545/1
f 3142/2545/1 2316/2574/1 2315/2575/1
f 3142/2545/1 2315/2575/1 2314/2546/1
f 3140/2576/1 2318/2577/1 3141/2573/1
f 3141/2573/1 2318/2577/1 2317/2578/1
f 3141/2573/1 2317/2578/1 2316/2574/1
f 3139/2579/1 2320/2580/1 3140/2576/1
f 3140/2576/1 2320/2580/1 2319/2581/1
f 3140/2576/1 2319/2581/1 2318/2577/1
f 3138/2582/1 2322/2583/1 3139/2579/1
f 3139/2579/1 2322/2583/1 2321/2584/1
f 3139/2579/1 2321/2584/1 2320/2580/1
f 3137/2585/1 2361/2586/1 3138/2582/1
f 3138/2582/1 2361/2586/1 2360/2587/1
f 3138/2582/1 2360/2587/1 2323/2588/1
f 2323/2588/1 2360/2587/1 2359/2589/1
f 2323/2588/1 2359/2589/1 2324/2590/1
f 2324/2590/1 2359/2589/1 2358/2591/1
f 2324/2590/1 2358/2591/1 2325/2572/1
f 2325/2572/1 2358/2591/1 2538/2592/1
f 2325/2572/1 2538/2592/1 2537/2570/1
f 3136/2593/1 2363/2594/1 3137/2585/1
f 3137/2585/1 2363/2594/1 2362/2595/1
f 3137/2585/1 2362/2595/1 2361/2586/1
f 3135/2596/1 2365/2597/1 3136/2593/1
f 3136/2593/1 2365/2597/1 2364/2598/1
f 3136/2593/1 2364/2598/1 2363/2594/1
f 3134/2599/1 2367/2600/1 3135/2596/1
f 3135/2596/1 2367/2600/1 2366/2601/1
f 3135/2596/1 2366/2601/1 2365/2597/1
f 3133/2602/1 2369/2603/1 3134/2599/1
f 3134/2599/1 2369/2603/1 2368/2604/1
f 3134/2599/1 2368/2604/1 2367/2600/1
f 3132/2605/1 2371/2606/1 3133/2602/1
f 3133/2602/1 2371/2606/1 2370/2607/1
f 3133/2602/1 2370/2607/1 2369/2603/1
f 2371/2606/1 3132/2605/1 2372/2608/1
f 2372/2608/1 3132/2605/1 3131/2609/1
f 2372/2608/1 3131/2609/1 2851/2610/1
f 2851/2610/1 3131/2609/1 2852/2611/1
f 2852/2611/1 3131/2609/1 2853/2612/1
f 2853/2612/1 3131/2609/1 3130/2394/1
f 2853/2612/1 3130/2394/1 2854/2396/1
f 2854/2396/1 3130/2394/1 3129/2392/1
f 2854/2396/1 3129/2392/1 2855/2398/1
f 2855/2398/1 3129/2392/1 2856/2400/1
f 2856/2400/1 3129/2392/1 3128/2389/1
f 2856/2400/1 3128/2389/1 2857/2403/1
f 2857/2403/1 3128/2389/1 3127/2387/1
f 2857/2403/1 3127/2387/1 2858/2406/1
f 2858/2406/1 3127/2387/1 3126/2423/1
f 2858/2406/1 3126/2423/1 2859/2408/1
f 2859/2408/1 3126/2423/1 3125/2420/1
f 2859/2408/1 3125/2420/1 2860/2411/1
f 2860/2411/1 3125/2420/1 3124/2418/1
f 2860/2411/1 3124/2418/1 2861/2445/1
f 2861/2445/1 3124/2418/1 2428/2443/1
f 2861/2445/1 2428/2443/1 2862/2447/1
f 2862/2447/1 2428/2443/1 2427/2427/1
f 2862/2447/1 2427/2427/1 2863/2449/1
f 2863/2449/1 2427/2427/1 2426/2429/1
f 2863/2449/1 2426/2429/1 2864/2450/1
f 2864/2450/1 2426/2429/1 2425/2431/1
f 2864/2450/1 2425/2431/1 2865/2452/1
f 2865/2452/1 2425/2431/1 2424/2433/1
f 2865/2452/1 2424/2433/1 2866/2454/1
f 2866/2454/1 2424/2433/1 2423/2435/1
f 2866/2454/1 2423/2435/1 2867/2456/1
f 2867/2456/1 2423/2435/1 2422/2437/1
f 2867/2456/1 2422/2437/1 2421/2439/1
f 2867/2456/1 2421/2439/1 2868/2458/1
f 2868/2458/1 2421/2439/1 2420/2441/1
f 2868/2458/1 2420/2441/1 2419/2442/1
f 2868/2458/1 2419/2442/1 2869/2460/1
f 2869/2460/1 2419/2442/1 2418/2544/1
f 2869/2460/1 2418/2544/1 2405/2528/1
f 2405/2528/1 2418/2544/1 2417/2542/1
f 2405/2528/1 2417/2542/1 2406/2530/1
f 2406/2530/1 2417/2542/1 2416/2541/1
f 2406/2530/1 2416/2541/1 2415/2540/1
f 2406/2530/1 2415/2540/1 2407/2531/1
f 2407/2531/1 2415/2540/1 2414/2539/1
f 2407/2531/1 2414/2539/1 2413/2538/1
f 2413/2538/1 2412/2537/1 2407/2531/1
f 2407/2531/1 2412/2537/1 2411/2536/1
f 2407/2531/1 2411/2536/1 2410/2535/1
f 2410/2535/1 2409/2534/1 2407/2531/1
f 2407/2531/1 2409/2534/1 2408/2533/1
f 2405/2528/1 2404/2527/1 2869/2460/1
f 2869/2460/1 2404/2527/1 2870/2461/1
f 2870/2461/1 2404/2527/1 2403/2464/1
f 2870/2461/1 2403/2464/1 2871/2463/1
f 2871/2463/1 2403/2464/1 2872/2465/1
f 2872/2465/1 2403/2464/1 2402/2466/1
f 2872/2465/1 2402/2466/1 2873/2467/1
f 2873/2467/1 2402/2466/1 2401/2468/1
f 2873/2467/1 2401/2468/1 2874/2469/1
f 2874/2469/1 2401/2468/1 2875/2470/1
f 2875/2470/1 2401/2468/1 2400/2471/1
f 2875/2470/1 2400/2471/1 2876/2472/1
f 2876/2472/1 2400/2471/1 2877/2473/1
f 2877/2473/1 2400/2471/1 2399/2474/1
f 2877/2473/1 2399/2474/1 2878/2475/1
f 2878/2475/1 2399/2474/1 2398/2476/1
f 2878/2475/1 2398/2476/1 2879/2477/1
f 2879/2477/1 2398/2476/1 2880/2478/1
f 2880/2478/1 2398/2476/1 2397/2479/1
f 2880/2478/1 2397/2479/1 2881/2480/1
f 2881/2480/1 2397/2479/1 2396/2481/1
f 2881/2480/1 2396/2481/1 2882/2482/1
f 2882/2482/1 2396/2481/1 2395/2483/1
f 2882/2482/1 2395/2483/1 2883/2484/1
f 2883/2484/1 2395/2483/1 2884/2485/1
f 2884/2485/1 2395/2483/1 2394/2486/1
f 2884/2485/1 2394/2486/1 2885/2487/1
f 2885/2487/1 2394/2486/1 2393/2488/1
f 2885/2487/1 2393/2488/1 2886/2489/1
f 2886/2489/1 2393/2488/1 2887/2490/1
f 2887/2490/1 2393/2488/1 2392/2491/1
f 2887/2490/1 2392/2491/1 2888/2492/1
f 2888/2492/1 2392/2491/1 2391/2493/1
f 2888/2492/1 2391/2493/1 2889/2494/1
f 2889/2494/1 2391/2493/1 3203/2495/1
f 2889/2494/1 3203/2495/1 2890/2496/1
f 2890/2496/1 3203/2495/1 2891/2497/1
f 2891/2497/1 3203/2495/1 3202/2498/1
f 2891/2497/1 3202/2498/1 2892/2499/1
f 2892/2499/1 3202/2498/1 2657/2500/1
f 2892/2499/1 2657/2500/1 2893/2501/1
f 2893/2501/1 2657/2500/1 2656/2502/1
f 2893/2501/1 2656/2502/1 2894/2503/1
f 2894/2503/1 2656/2502/1 2655/2504/1
f 2894/2503/1 2655/2504/1 2895/2505/1
f 2895/2505/1 2655/2504/1 2654/2506/1
f 2895/2505/1 2654/2506/1 2896/2507/1
f 2896/2507/1 2654/2506/1 2653/2508/1
f 2896/2507/1 2653/2508/1 2897/2509/1
f 2897/2509/1 2653/2508/1 2652/2510/1
f 2897/2509/1 2652/2510/1 2898/2511/1
f 2898/2511/1 2652/2510/1 2651/2512/1
f 2898/2511/1 2651/2512/1 2899/2513/1
f 2899/2513/1 2651/2512/1 2650/2514/1
f 2899/2513/1 2650/2514/1 2900/2515/1
f 2900/2515/1 2650/2514/1 3050/2516/1
f 2900/2515/1 3050/2516/1 2901/2517/1
f 2901/2517/1 3050/2516/1 3049/2518/1
f 2901/2517/1 3049/2518/1 2902/2519/1
f 2902/2519/1 3049/2518/1 3048/2520/1
f 2902/2519/1 3048/2520/1 2903/2521/1
f 2903/2521/1 3048/2520/1 3047/2522/1
f 2903/2521/1 3047/2522/1 2904/2523/1
f 2904/2523/1 3047/2522/1 3046/2524/1
f 2904/2523/1 3046/2524/1 3045/2525/1
f 3203/2495/1 2391/2493/1 3204/2613/1
f 3204/2613/1 2391/2493/1 2390/2614/1
f 3204/2613/1 2390/2614/1 3205/2615/1
f 3205/2615/1 2390/2614/1 2389/2616/1
f 3205/2615/1 2389/2616/1 3206/2617/1
f 3206/2617/1 2389/2616/1 2388/2618/1
f 3206/2617/1 2388/2618/1 3207/2619/1
f 3207/2619/1 2388/2618/1 2387/2620/1
f 3207/2619/1 2387/2620/1 3208/2621/1
f 3208/2621/1 2387/2620/1 2386/2622/1
f 3208/2621/1 2386/2622/1 3209/2623/1
f 3209/2623/1 2386/2622/1 3210/2624/1
f 3210/2624/1 2386/2622/1 2385/2625/1
f 3210/2624/1 2385/2625/1 3211/2626/1
f 3211/2626/1 2385/2625/1 2384/2627/1
f 3211/2626/1 2384/2627/1 3247/2628/1
f 3247/2628/1 2384/2627/1 3248/2629/1
f 3248/2629/1 2384/2627/1 3249/2630/1
f 3249/2630/1 2384/2627/1 2383/2631/1
f 3249/2630/1 2383/2631/1 3250/2632/1
f 3250/2632/1 2383/2631/1 3251/2633/1
f 3251/2633/1 2383/2631/1 2382/2634/1
f 3251/2633/1 2382/2634/1 3252/2635/1
f 3252/2635/1 2382/2634/1 3253/2636/1
f 3253/2636/1 2382/2634/1 2381/2637/1
f 3253/2636/1 2381/2637/1 3254/2638/1
f 3254/2638/1 2381/2637/1 2380/2639/1
f 3254/2638/1 2380/2639/1 3255/2640/1
f 3255/2640/1 2380/2639/1 3256/2641/1
f 3256/2641/1 2380/2639/1 2379/2642/1
f 3256/2641/1 2379/2642/1 3257/2643/1
f 3257/2643/1 2379/2642/1 2378/2644/1
f 3257/2643/1 2378/2644/1 3258/2645/1
f 3258/2645/1 2378/2644/1 3421/2646/1
f 3258/2645/1 3421/2646/1 3259/2647/1
f 3259/2647/1 3421/2646/1 3420/2648/1
f 3259/2647/1 3420/2648/1 3260/2649/1
f 3260/2649/1 3420/2648/1 3419/2650/1
f 3260/2649/1 3419/2650/1 3362/2651/1
f 3362/2651/1 3419/2650/1 3418/2652/1
f 3362/2651/1 3418/2652/1 3505/2653/1
f 3505/2653/1 3418/2652/1 3417/2654/1
f 3505/2653/1 3417/2654/1 3506/2655/1
f 3506/2655/1 3417/2654/1 3416/2656/1
f 3506/2655/1 3416/2656/1 3378/2657/1
f 3378/2657/1 3416/2656/1 3415/2658/1
f 3378/2657/1 3415/2658/1 3379/2659/1
f 3379/2659/1 3415/2658/1 3414/2660/1
f 3379/2659/1 3414/2660/1 3413/2661/1
f 3371/2662/1 3370/2663/1 2378/2644/1
f 2378/2644/1 3370/2663/1 3422/2664/1
f 2378/2644/1 3422/2664/1 3421/2646/1
f 3422/2664/1 3370/2663/1 3423/2665/1
f 3423/2665/1 3370/2663/1 3369/2666/1
f 3423/2665/1 3369/2666/1 3424/2667/1
f 3424/2667/1 3369/2666/1 3368/2668/1
f 3424/2667/1 3368/2668/1 3425/2669/1
f 3425/2669/1 3368/2668/1 3426/2670/1
f 3426/2670/1 3368/2668/1 3367/2671/1
f 3426/2670/1 3367/2671/1 3427/2672/1
f 3427/2672/1 3367/2671/1 3428/2673/1
f 3428/2673/1 3367/2671/1 3366/2674/1
f 3428/2673/1 3366/2674/1 3429/2675/1
f 3429/2675/1 3366/2674/1 3430/2676/1
f 3430/2676/1 3366/2674/1 3365/2677/1
f 3430/2676/1 3365/2677/1 3431/2678/1
f 3431/2678/1 3365/2677/1 3364/2679/1
f 3431/2678/1 3364/2679/1 3432/2680/1
f 3432/2680/1 3364/2679/1 3383/2681/1
f 3432/2680/1 3383/2681/1 3382/2682/1
f 3363/2683/1 3384/2684/1 3364/2679/1
f 3364/2679/1 3384/2684/1 3383/2681/1
f 3381/2685/1 3410/2686/1 3382/2682/1
f 3382/2682/1 3410/2686/1 3409/2687/1
f 3382/2682/1 3409/2687/1 3432/2680/1
f 3410/2686/1 3381/2685/1 3411/2688/1
f 3411/2688/1 3381/2685/1 3380/2689/1
f 3411/2688/1 3380/2689/1 3412/2690/1
f 3412/2690/1 3380/2689/1 3413/2661/1
f 3413/2661/1 3380/2689/1 3379/2659/1
f 3378/2657/1 3377/2691/1 3506/2655/1
f 3506/2655/1 3377/2691/1 3507/2692/1
f 3507/2692/1 3377/2691/1 3376/2693/1
f 3507/2692/1 3376/2693/1 3508/2694/1
f 3508/2694/1 3376/2693/1 3375/2695/1
f 3508/2694/1 3375/2695/1 3509/2696/1
f 3509/2696/1 3375/2695/1 3374/2697/1
f 3509/2696/1 3374/2697/1 3510/2698/1
f 3510/2698/1 3374/2697/1 3373/2699/1
f 3510/2698/1 3373/2699/1 3478/2700/1
f 3478/2700/1 3373/2699/1 3372/2701/1
f 3478/2700/1 3372/2701/1 3479/2702/1
f 3479/2702/1 3372/2701/1 3480/2703/1
f 3480/2703/1 3372/2701/1 3457/2704/1
f 3457/2704/1 3372/2701/1 3458/2705/1
f 3458/2705/1 3372/2701/1 3361/2706/1
f 3458/2705/1 3361/2706/1 3459/2707/1
f 3459/2707/1 3361/2706/1 3460/2708/1
f 3460/2708/1 3361/2706/1 3461/2709/1
f 3461/2709/1 3361/2706/1 3462/2710/1
f 3462/2710/1 3361/2706/1 3463/2711/1
f 3463/2711/1 3361/2706/1 3464/2712/1
f 3464/2712/1 3361/2706/1 3465/2713/1
f 3465/2713/1 3361/2706/1 3466/2714/1
f 3466/2714/1 3361/2706/1 3467/2715/1
f 3467/2715/1 3361/2706/1 3153/2716/1
f 3467/2715/1 3153/2716/1 3308/2717/1
f 3308/2717/1 3153/2716/1 3309/2718/1
f 3309/2718/1 3153/2716/1 3310/2719/1
f 3310/2719/1 3153/2716/1 3311/2720/1
f 3311/2720/1 3153/2716/1 3312/2721/1
f 3312/2721/1 3153/2716/1 3313/2722/1
f 3313/2722/1 3153/2716/1 3314/2723/1
f 3314/2723/1 3153/2716/1 3315/2724/1
f 3315/2724/1 3153/2716/1 2666/2725/1
f 3315/2724/1 2666/2725/1 3316/2726/1
f 3316/2726/1 2666/2725/1 2665/2727/1
f 3316/2726/1 2665/2727/1 3317/2728/1
f 3317/2728/1 2665/2727/1 2664/2729/1
f 3317/2728/1 2664/2729/1 3294/2730/1
f 3294/2730/1 2664/2729/1 3295/2731/1
f 3295/2731/1 2664/2729/1 2663/2732/1
f 3295/2731/1 2663/2732/1 3296/2733/1
f 3296/2733/1 2663/2732/1 3197/2734/1
f 3296/2733/1 3197/2734/1 3297/2735/1
f 3297/2735/1 3197/2734/1 3220/2736/1
f 3297/2735/1 3220/2736/1 3160/2737/1
f 3160/2737/1 3220/2736/1 3219/2738/1
f 3160/2737/1 3219/2738/1 3161/2739/1
f 3161/2739/1 3219/2738/1 3218/2740/1
f 3161/2739/1 3218/2740/1 3162/2741/1
f 3162/2741/1 3218/2740/1 3217/2742/1
f 3162/2741/1 3217/2742/1 3163/2743/1
f 3163/2743/1 3217/2742/1 3216/2744/1
f 3163/2743/1 3216/2744/1 3164/2745/1
f 3164/2745/1 3216/2744/1 3263/2746/1
f 3164/2745/1 3263/2746/1 3165/2747/1
f 3165/2747/1 3263/2746/1 3262/2748/1
f 3165/2747/1 3262/2748/1 3261/2749/1
f 3517/2750/1 3481/2751/1 3372/2701/1
f 3372/2701/1 3481/2751/1 3504/2752/1
f 3372/2701/1 3504/2752/1 3221/2753/1
f 3221/2753/1 3504/2752/1 3503/2754/1
f 3221/2753/1 3503/2754/1 3502/2755/1
f 3518/2756/1 3388/2757/1 3517/2750/1
f 3517/2750/1 3388/2757/1 3387/2758/1
f 3517/2750/1 3387/2758/1 3386/2759/1
f 3516/2760/1 3343/2761/1 3518/2756/1
f 3518/2756/1 3343/2761/1 3393/2762/1
f 3518/2756/1 3393/2762/1 3392/2763/1
f 3360/2764/1 3238/2765/1 3343/2761/1
f 3343/2761/1 3238/2765/1 3237/2766/1
f 3343/2761/1 3237/2766/1 3236/2767/1
f 3359/2768/1 3243/2769/1 3360/2764/1
f 3360/2764/1 3243/2769/1 3242/2770/1
f 3360/2764/1 3242/2770/1 3241/2771/1
f 3358/2772/1 3223/2773/1 3359/2768/1
f 3359/2768/1 3223/2773/1 3222/2774/1
f 3359/2768/1 3222/2774/1 3245/2775/1
f 3357/2776/1 3293/2778/1 3358/2772/1
f 3358/2772/1 3293/2778/1 3292/2779/1
f 3358/2772/1 3292/2779/1 3224/3268/1
f 3224/3268/1 3292/2779/1 3291/3267/1
f 3224/3268/1 3291/3267/1 3225/3266/1
f 3225/3266/1 3291/3267/1 3290/3265/1
f 3225/3266/1 3290/3265/1 3226/3264/1
f 3226/3264/1 3290/3265/1 3289/3263/1
f 3226/3264/1 3289/3263/1 3227/3262/1
f 3227/3262/1 3289/3263/1 3288/3260/1
f 3227/3262/1 3288/3260/1 3228/3261/1
f 3228/3261/1 3288/3260/1 3229/3259/1
f 3229/3259/1 3288/3260/1 3287/3258/1
f 3229/3259/1 3287/3258/1 3230/3257/1
f 3230/3257/1 3287/3258/1 3286/3256/1
f 3230/3257/1 3286/3256/1 3231/3020/1
f 3231/3020/1 3286/3256/1 3285/3018/1
f 3231/3020/1 3285/3018/1 3442/3019/1
f 3442/3019/1 3285/3018/1 3443/3017/1
f 3443/3017/1 3285/3018/1 3284/3016/1
f 3443/3017/1 3284/3016/1 3444/3015/1
f 3444/3015/1 3284/3016/1 3283/3014/1
f 3444/3015/1 3283/3014/1 3445/3013/1
f 3445/3013/1 3283/3014/1 3282/3012/1
f 3445/3013/1 3282/3012/1 3446/3011/1
f 3446/3011/1 3282/3012/1 3281/3010/1
f 3446/3011/1 3281/3010/1 3447/3009/1
f 3447/3009/1 3281/3010/1 3280/3008/1
f 3447/3009/1 3280/3008/1 3448/3007/1
f 3448/3007/1 3280/3008/1 3279/3006/1
f 3448/3007/1 3279/3006/1 3490/3005/1
f 3490/3005/1 3279/3006/1 3333/3004/1
f 3490/3005/1 3333/3004/1 3491/3003/1
f 3491/3003/1 3333/3004/1 3332/3002/1
f 3491/3003/1 3332/3002/1 3492/3001/1
f 3492/3001/1 3332/3002/1 3331/3000/1
f 3492/3001/1 3331/3000/1 3493/2999/1
f 3493/2999/1 3331/3000/1 3330/2998/1
f 3493/2999/1 3330/2998/1 3494/2997/1
f 3494/2997/1 3330/2998/1 3329/2996/1
f 3494/2997/1 3329/2996/1 3495/2994/1
f 3495/2994/1 3329/2996/1 3328/2995/1
f 3495/2994/1 3328/2995/1 3496/2993/1
f 3496/2993/1 3328/2995/1 3327/2985/1
f 3496/2993/1 3327/2985/1 3221/2753/1
f 3221/2753/1 3327/2985/1 3152/2981/1
f 3152/2981/1 3327/2985/1 3326/2986/1
f 3152/2981/1 3326/2986/1 3325/2987/1
f 3356/2781/1 2572/2793/1 3357/2776/1
f 3357/2776/1 2572/2793/1 2571/2795/1
f 3357/2776/1 2571/2795/1 3270/3270/1
f 3270/3270/1 2571/2795/1 2994/2808/1
f 3270/3270/1 2994/2808/1 3271/3272/1
f 3271/3272/1 2994/2808/1 2993/2811/1
f 3271/3272/1 2993/2811/1 3272/3201/1
f 3272/3201/1 2993/2811/1 3340/3200/1
f 3272/3201/1 3340/3200/1 3273/3202/1
f 3273/3202/1 3340/3200/1 3339/3203/1
f 3273/3202/1 3339/3203/1 3274/3204/1
f 3274/3204/1 3339/3203/1 3338/3205/1
f 3274/3204/1 3338/3205/1 3275/3206/1
f 3275/3206/1 3338/3205/1 3337/3207/1
f 3275/3206/1 3337/3207/1 3276/3208/1
f 3276/3208/1 3337/3207/1 3336/3209/1
f 3276/3208/1 3336/3209/1 3335/3210/1
f 2572/2793/1 3356/2781/1 2573/2791/1
f 2573/2791/1 3356/2781/1 3355/2847/1
f 2573/2791/1 3355/2847/1 2574/2789/1
f 2574/2789/1 3355/2847/1 2936/2870/1
f 2574/2789/1 2936/2870/1 2935/2872/1
f 3355/2847/1 3354/2852/1 2936/2870/1
f 2936/2870/1 3354/2852/1 2937/2867/1
f 2937/2867/1 3354/2852/1 2938/2864/1
f 2938/2864/1 3354/2852/1 3353/2858/1
f 2938/2864/1 3353/2858/1 2939/2862/1
f 2939/2862/1 3353/2858/1 2940/2876/1
f 2940/2876/1 3353/2858/1 3352/2877/1
f 2940/2876/1 3352/2877/1 2941/2878/1
f 2941/2878/1 3352/2877/1 2942/2879/1
f 2942/2879/1 3352/2877/1 2943/2880/1
f 2943/2880/1 3352/2877/1 3351/2881/1
f 2943/2880/1 3351/2881/1 2944/2882/1
f 2944/2882/1 3351/2881/1 2945/2883/1
f 2945/2883/1 3351/2881/1 3350/2884/1
f 2945/2883/1 3350/2884/1 2946/2885/1
f 2946/2885/1 3350/2884/1 2947/2886/1
f 2947/2886/1 3350/2884/1 2616/2887/1
f 2947/2886/1 2616/2887/1 2615/2888/1
f 3349/2889/1 2618/2890/1 3350/2884/1
f 3350/2884/1 2618/2890/1 2617/2891/1
f 3350/2884/1 2617/2891/1 2616/2887/1
f 3348/2892/1 2620/2893/1 3349/2889/1
f 3349/2889/1 2620/2893/1 2619/2894/1
f 3349/2889/1 2619/2894/1 2618/2890/1
f 3347/2895/1 2622/2896/1 3348/2892/1
f 3348/2892/1 2622/2896/1 2621/2897/1
f 3348/2892/1 2621/2897/1 2620/2893/1
f 3346/2898/1 2624/2899/1 3347/2895/1
f 3347/2895/1 2624/2899/1 2623/2900/1
f 3347/2895/1 2623/2900/1 2622/2896/1
f 3345/2901/1 2738/2902/1 3346/2898/1
f 3346/2898/1 2738/2902/1 2737/2903/1
f 3346/2898/1 2737/2903/1 2625/2904/1
f 2625/2904/1 2737/2903/1 2736/2905/1
f 2625/2904/1 2736/2905/1 2602/2906/1
f 2602/2906/1 2736/2905/1 2735/2907/1
f 2602/2906/1 2735/2907/1 2603/2908/1
f 2603/2908/1 2735/2907/1 2734/2909/1
f 2603/2908/1 2734/2909/1 2604/2910/1
f 2604/2910/1 2734/2909/1 2733/2911/1
f 2604/2910/1 2733/2911/1 2605/2912/1
f 2605/2912/1 2733/2911/1 2588/2913/1
f 2605/2912/1 2588/2913/1 2606/2914/1
f 2606/2914/1 2588/2913/1 2587/2915/1
f 2606/2914/1 2587/2915/1 2607/2916/1
f 2607/2916/1 2587/2915/1 2586/2917/1
f 2607/2916/1 2586/2917/1 2608/2918/1
f 2608/2918/1 2586/2917/1 2609/2919/1
f 2609/2919/1 2586/2917/1 2585/2920/1
f 2609/2919/1 2585/2920/1 2610/2921/1
f 2610/2921/1 2585/2920/1 2584/2922/1
f 2610/2921/1 2584/2922/1 2611/2923/1
f 2611/2923/1 2584/2922/1 2612/2924/1
f 2612/2924/1 2584/2922/1 2583/2925/1
f 2612/2924/1 2583/2925/1 2613/2926/1
f 2613/2926/1 2583/2925/1 2926/2927/1
f 2613/2926/1 2926/2927/1 2925/2928/1
f 3344/2929/1 2740/2930/1 3345/2901/1
f 3345/2901/1 2740/2930/1 2739/2931/1
f 3345/2901/1 2739/2931/1 2738/2902/1
f 3151/2932/1 2742/2933/1 3344/2929/1
f 3344/2929/1 2742/2933/1 2741/2934/1
f 3344/2929/1 2741/2934/1 2740/2930/1
f 3151/2932/1 3150/2935/1 2742/2933/1
f 2742/2933/1 3150/2935/1 2743/2936/1
f 2743/2936/1 3150/2935/1 3149/2937/1
f 2743/2936/1 3149/2937/1 2744/2938/1
f 2744/2938/1 3149/2937/1 2745/2939/1
f 2745/2939/1 3149/2937/1 3148/2940/1
f 2745/2939/1 3148/2940/1 2722/2941/1
f 2722/2941/1 3148/2940/1 3147/2942/1
f 2722/2941/1 3147/2942/1 2723/2943/1
f 2723/2943/1 3147/2942/1 3146/2944/1
f 2723/2943/1 3146/2944/1 2724/2945/1
f 2724/2945/1 3146/2944/1 3145/2946/1
f 2724/2945/1 3145/2946/1 2725/2947/1
f 2725/2947/1 3145/2946/1 3144/2549/1
f 2725/2947/1 3144/2549/1 2726/2551/1
f 3166/2948/1 3165/2747/1 3362/2651/1
f 3362/2651/1 3165/2747/1 3261/2749/1
f 3362/2651/1 3261/2749/1 3260/2649/1
f 3297/2735/1 3160/2737/1 3298/2949/1
f 3298/2949/1 3160/2737/1 3159/2950/1
f 3298/2949/1 3159/2950/1 3299/2951/1
f 3299/2951/1 3159/2950/1 3158/2952/1
f 3299/2951/1 3158/2952/1 3300/2953/1
f 3300/2953/1 3158/2952/1 3301/2954/1
f 3301/2954/1 3158/2952/1 3157/2955/1
f 3301/2954/1 3157/2955/1 3302/2956/1
f 3302/2956/1 3157/2955/1 3303/2957/1
f 3303/2957/1 3157/2955/1 3156/2958/1
f 3303/2957/1 3156/2958/1 3304/2959/1
f 3304/2959/1 3156/2958/1 3155/2960/1
f 3304/2959/1 3155/2960/1 3305/2961/1
f 3305/2961/1 3155/2960/1 3306/2962/1
f 3306/2962/1 3155/2960/1 3342/2963/1
f 3306/2962/1 3342/2963/1 3307/2964/1
f 3307/2964/1 3342/2963/1 3468/2965/1
f 3307/2964/1 3468/2965/1 3308/2717/1
f 3308/2717/1 3468/2965/1 3467/2715/1
f 3155/2960/1 3154/2966/1 3342/2963/1
f 3468/2965/1 3342/2963/1 3469/2967/1
f 3469/2967/1 3342/2963/1 3515/2968/1
f 3469/2967/1 3515/2968/1 3470/2969/1
f 3470/2969/1 3515/2968/1 3514/2970/1
f 3470/2969/1 3514/2970/1 3471/2971/1
f 3471/2971/1 3514/2970/1 3472/2972/1
f 3472/2972/1 3514/2970/1 3513/2973/1
f 3472/2972/1 3513/2973/1 3473/2974/1
f 3473/2974/1 3513/2973/1 3474/2975/1
f 3474/2975/1 3513/2973/1 3512/2976/1
f 3474/2975/1 3512/2976/1 3475/2977/1
f 3475/2977/1 3512/2976/1 3476/2978/1
f 3476/2978/1 3512/2976/1 3511/2979/1
f 3476/2978/1 3511/2979/1 3477/2980/1
f 3477/2980/1 3511/2979/1 3510/2698/1
f 3477/2980/1 3510/2698/1 3478/2700/1
f 3152/2981/1 2670/2982/1 3153/2716/1
f 3153/2716/1 2670/2982/1 2669/2983/1
f 3153/2716/1 2669/2983/1 2668/2984/1
f 3221/2753/1 3361/2706/1 3372/2701/1
f 3502/2755/1 3501/2988/1 3221/2753/1
f 3221/2753/1 3501/2988/1 3500/2989/1
f 3221/2753/1 3500/2989/1 3499/2990/1
f 3499/2990/1 3498/2991/1 3221/2753/1
f 3221/2753/1 3498/2991/1 3497/2992/1
f 3221/2753/1 3497/2992/1 3496/2993/1
f 3448/3007/1 3490/3005/1 3449/3032/1
f 3449/3032/1 3490/3005/1 3489/3033/1
f 3449/3032/1 3489/3033/1 3450/3034/1
f 3450/3034/1 3489/3033/1 3488/3035/1
f 3450/3034/1 3488/3035/1 3451/3036/1
f 3451/3036/1 3488/3035/1 3487/3037/1
f 3451/3036/1 3487/3037/1 3486/3038/1
f 3451/3036/1 3486/3038/1 3452/3039/1
f 3452/3039/1 3486/3038/1 3485/3040/1
f 3452/3039/1 3485/3040/1 3453/3041/1
f 3453/3041/1 3485/3040/1 3484/3042/1
f 3453/3041/1 3484/3042/1 3454/3043/1
f 3454/3043/1 3484/3042/1 3483/3044/1
f 3454/3043/1 3483/3044/1 3455/3045/1
f 3455/3045/1 3483/3044/1 3482/3046/1
f 3455/3045/1 3482/3046/1 3456/3047/1
f 3456/3047/1 3482/3046/1 3481/2751/1
f 3456/3047/1 3481/2751/1 3433/3048/1
f 3433/3048/1 3481/2751/1 3517/2750/1
f 3433/3048/1 3517/2750/1 3434/3049/1
f 3434/3049/1 3517/2750/1 3435/3050/1
f 3435/3050/1 3517/2750/1 3407/3051/1
f 3435/3050/1 3407/3051/1 3436/3052/1
f 3436/3052/1 3407/3051/1 3406/3053/1
f 3436/3052/1 3406/3053/1 3437/3054/1
f 3437/3054/1 3406/3053/1 3405/3055/1
f 3437/3054/1 3405/3055/1 3438/3056/1
f 3438/3056/1 3405/3055/1 3404/3057/1
f 3438/3056/1 3404/3057/1 3439/3058/1
f 3439/3058/1 3404/3057/1 3403/3059/1
f 3439/3058/1 3403/3059/1 3402/3060/1
f 3231/3020/1 3442/3019/1 3400/3021/1
f 3400/3021/1 3442/3019/1 3441/3061/1
f 3400/3021/1 3441/3061/1 3401/3062/1
f 3401/3062/1 3441/3061/1 3440/3063/1
f 3401/3062/1 3440/3063/1 3402/3060/1
f 3402/3060/1 3440/3063/1 3439/3058/1
f 3386/2759/1 3385/3064/1 3517/2750/1
f 3517/2750/1 3385/3064/1 3408/3065/1
f 3517/2750/1 3408/3065/1 3407/3051/1
f 3231/3020/1 3400/3021/1 3232/3022/1
f 3232/3022/1 3400/3021/1 3399/3023/1
f 3232/3022/1 3399/3023/1 3233/3024/1
f 3233/3024/1 3399/3023/1 3398/3025/1
f 3233/3024/1 3398/3025/1 3234/3026/1
f 3234/3026/1 3398/3025/1 3397/3027/1
f 3234/3026/1 3397/3027/1 3235/3028/1
f 3235/3028/1 3397/3027/1 3396/3029/1
f 3235/3028/1 3396/3029/1 3343/2761/1
f 3343/2761/1 3396/3029/1 3395/3030/1
f 3343/2761/1 3395/3030/1 3394/3031/1
f 3394/3031/1 3393/2762/1 3343/2761/1
f 3392/2763/1 3391/3066/1 3518/2756/1
f 3518/2756/1 3391/3066/1 3390/3067/1
f 3518/2756/1 3390/3067/1 3389/3068/1
f 3389/3068/1 3388/2757/1 3518/2756/1
f 3216/2744/1 3215/3069/1 3263/2746/1
f 3263/2746/1 3215/3069/1 3264/3070/1
f 3264/3070/1 3215/3069/1 3265/3071/1
f 3265/3071/1 3215/3069/1 3214/3072/1
f 3265/3071/1 3214/3072/1 3266/3073/1
f 3266/3073/1 3214/3072/1 3267/3074/1
f 3267/3074/1 3214/3072/1 3213/3075/1
f 3267/3074/1 3213/3075/1 3268/3076/1
f 3268/3076/1 3213/3075/1 3212/3077/1
f 3268/3076/1 3212/3077/1 3269/3078/1
f 3269/3078/1 3212/3077/1 3246/3079/1
f 3246/3079/1 3212/3077/1 3211/2626/1
f 3246/3079/1 3211/2626/1 3247/2628/1
f 2657/2500/1 3202/2498/1 2658/3080/1
f 2658/3080/1 3202/2498/1 3201/3081/1
f 2658/3080/1 3201/3081/1 2659/3082/1
f 2659/3082/1 3201/3081/1 3200/3083/1
f 2659/3082/1 3200/3083/1 2660/3084/1
f 2660/3084/1 3200/3083/1 3199/3085/1
f 2660/3084/1 3199/3085/1 2661/3086/1
f 2661/3086/1 3199/3085/1 3198/3087/1
f 2661/3086/1 3198/3087/1 2662/3088/1
f 2662/3088/1 3198/3087/1 3197/2734/1
f 2662/3088/1 3197/2734/1 2663/2732/1
f 2727/2553/1 2594/2555/1 2728/3089/1
f 2728/3089/1 2594/2555/1 2593/3090/1
f 2728/3089/1 2593/3090/1 2592/3091/1
f 2728/3089/1 2592/3091/1 2729/3092/1
f 2729/3092/1 2592/3091/1 2591/3093/1
f 2729/3092/1 2591/3093/1 2730/3094/1
f 2730/3094/1 2591/3093/1 2731/3095/1
f 2731/3095/1 2591/3093/1 2590/3096/1
f 2731/3095/1 2590/3096/1 2732/3097/1
f 2732/3097/1 2590/3096/1 2589/3098/1
f 2732/3097/1 2589/3098/1 2733/2911/1
f 2733/2911/1 2589/3098/1 2588/2913/1
f 2583/2925/1 2582/3099/1 2926/2927/1
f 2926/2927/1 2582/3099/1 2927/3100/1
f 2927/3100/1 2582/3099/1 2581/3101/1
f 2927/3100/1 2581/3101/1 2928/3102/1
f 2928/3102/1 2581/3101/1 2929/3103/1
f 2929/3103/1 2581/3101/1 2580/3104/1
f 2929/3103/1 2580/3104/1 2930/3105/1
f 2930/3105/1 2580/3104/1 2579/3106/1
f 2930/3105/1 2579/3106/1 2931/3107/1
f 2931/3107/1 2579/3106/1 2578/3108/1
f 2931/3107/1 2578/3108/1 2932/3109/1
f 2932/3109/1 2578/3108/1 2933/3110/1
f 2933/3110/1 2578/3108/1 2577/3111/1
f 2933/3110/1 2577/3111/1 2934/3112/1
f 2934/3112/1 2577/3111/1 2576/2874/1
f 2934/3112/1 2576/2874/1 2935/2872/1
f 2935/2872/1 2576/2874/1 2575/2875/1
f 2935/2872/1 2575/2875/1 2574/2789/1
f 2571/2795/1 2570/2798/1 2994/2808/1
f 2994/2808/1 2570/2798/1 2995/2806/1
f 2995/2806/1 2570/2798/1 2569/2801/1
f 2995/2806/1 2569/2801/1 2996/2803/1
f 2996/2803/1 2569/2801/1 2568/3114/1
f 2996/2803/1 2568/3114/1 2997/3115/1
f 2997/3115/1 2568/3114/1 2567/3116/1
f 2997/3115/1 2567/3116/1 2998/3117/1
f 2998/3117/1 2567/3116/1 2566/3118/1
f 2998/3117/1 2566/3118/1 2999/3119/1
f 2999/3119/1 2566/3118/1 2565/3120/1
f 2999/3119/1 2565/3120/1 3000/3121/1
f 3000/3121/1 2565/3120/1 2564/3122/1
f 3000/3121/1 2564/3122/1 3001/3123/1
f 3001/3123/1 2564/3122/1 2563/3124/1
f 3001/3123/1 2563/3124/1 3002/3125/1
f 3002/3125/1 2563/3124/1 3003/3126/1
f 3003/3126/1 2563/3124/1 2562/3127/1
f 3003/3126/1 2562/3127/1 3004/3128/1
f 3004/3128/1 2562/3127/1 2561/3129/1
f 3004/3128/1 2561/3129/1 2972/3130/1
f 2972/3130/1 2561/3129/1 2560/3131/1
f 2972/3130/1 2560/3131/1 2973/3132/1
f 2973/3132/1 2560/3131/1 2559/3133/1
f 2973/3132/1 2559/3133/1 3057/3134/1
f 3057/3134/1 2559/3133/1 2558/3135/1
f 3057/3134/1 2558/3135/1 3058/3136/1
f 3058/3136/1 2558/3135/1 2557/3137/1
f 3058/3136/1 2557/3137/1 3059/3138/1
f 3059/3138/1 2557/3137/1 3060/3139/1
f 3060/3139/1 2557/3137/1 2556/3140/1
f 3060/3139/1 2556/3140/1 3061/3141/1
f 3061/3141/1 2556/3140/1 2555/3142/1
f 3061/3141/1 2555/3142/1 3062/3143/1
f 3062/3143/1 2555/3142/1 2554/3144/1
f 3062/3143/1 2554/3144/1 3063/3145/1
f 3063/3145/1 2554/3144/1 2553/3146/1
f 3063/3145/1 2553/3146/1 3064/3147/1
f 3064/3147/1 2553/3146/1 2552/3148/1
f 3064/3147/1 2552/3148/1 2551/3149/1
f 3064/3147/1 2551/3149/1 3038/3150/1
f 3038/3150/1 2551/3149/1 2550/3151/1
f 3038/3150/1 2550/3151/1 2910/3152/1
f 2910/3152/1 2550/3151/1 2911/3153/1
f 2911/3153/1 2550/3151/1 2549/3154/1
f 2911/3153/1 2549/3154/1 2912/3155/1
f 2912/3155/1 2549/3154/1 2548/3156/1
f 2912/3155/1 2548/3156/1 2913/3157/1
f 2913/3157/1 2548/3156/1 2547/3158/1
f 2913/3157/1 2547/3158/1 2914/3159/1
f 2914/3159/1 2547/3158/1 2546/3160/1
f 2914/3159/1 2546/3160/1 2915/3161/1
f 2915/3161/1 2546/3160/1 2545/3162/1
f 2915/3161/1 2545/3162/1 2916/3163/1
f 2916/3163/1 2545/3162/1 2544/3164/1
f 2916/3163/1 2544/3164/1 2917/3165/1
f 2917/3165/1 2544/3164/1 2543/3166/1
f 2917/3165/1 2543/3166/1 2355/3167/1
f 2355/3167/1 2543/3166/1 2542/3168/1
f 2355/3167/1 2542/3168/1 2356/3169/1
f 2356/3169/1 2542/3168/1 2541/3170/1
f 2356/3169/1 2541/3170/1 2357/3171/1
f 2357/3171/1 2541/3170/1 2540/3172/1
f 2357/3171/1 2540/3172/1 2539/3173/1
f 2357/3171/1 2539/3173/1 2358/2591/1
f 2358/2591/1 2539/3173/1 2538/2592/1
f 2625/2904/1 2624/2899/1 3346/2898/1
f 2947/2886/1 2615/2888/1 2924/3174/1
f 2924/3174/1 2615/2888/1 2614/3175/1
f 2924/3174/1 2614/3175/1 2925/2928/1
f 2925/2928/1 2614/3175/1 2613/2926/1
f 2650/2514/1 2685/2845/1 3050/2516/1
f 3050/2516/1 2685/2845/1 2979/2844/1
f 3050/2516/1 2979/2844/1 3051/3242/1
f 3051/3242/1 2979/2844/1 2978/3243/1
f 3051/3242/1 2978/3243/1 3052/3244/1
f 3052/3244/1 2978/3243/1 2977/3245/1
f 3052/3244/1 2977/3245/1 3053/3246/1
f 3053/3246/1 2977/3245/1 2976/3247/1
f 3053/3246/1 2976/3247/1 3054/3248/1
f 3054/3248/1 2976/3247/1 2975/3249/1
f 3054/3248/1 2975/3249/1 3055/3250/1
f 3055/3250/1 2975/3249/1 2974/3251/1
f 3055/3250/1 2974/3251/1 3056/3252/1
f 3056/3252/1 2974/3251/1 2973/3132/1
f 3056/3252/1 2973/3132/1 3057/3134/1
f 2685/2845/1 2684/2843/1 2979/2844/1
f 2979/2844/1 2684/2843/1 2980/2842/1
f 2980/2842/1 2684/2843/1 2683/2841/1
f 2980/2842/1 2683/2841/1 2981/2840/1
f 2981/2840/1 2683/2841/1 2682/2839/1
f 2981/2840/1 2682/2839/1 2982/2838/1
f 2982/2838/1 2682/2839/1 2681/2837/1
f 2982/2838/1 2681/2837/1 2983/2836/1
f 2983/2836/1 2681/2837/1 2680/2835/1
f 2983/2836/1 2680/2835/1 2984/2834/1
f 2984/2834/1 2680/2835/1 2679/2833/1
f 2984/2834/1 2679/2833/1 2985/2832/1
f 2985/2832/1 2679/2833/1 2678/2831/1
f 2985/2832/1 2678/2831/1 2986/2830/1
f 2986/2830/1 2678/2831/1 2987/2827/1
f 2987/2827/1 2678/2831/1 2677/3176/1
f 2987/2827/1 2677/3176/1 2988/2824/1
f 2988/2824/1 2677/3176/1 2676/3179/1
f 2988/2824/1 2676/3179/1 2675/3182/1
f 2674/3184/1 3152/2981/1 2675/3182/1
f 2675/3182/1 3152/2981/1 2989/2821/1
f 2675/3182/1 2989/2821/1 2988/2824/1
f 2674/3184/1 2673/3211/1 3152/2981/1
f 3152/2981/1 2673/3211/1 2672/3212/1
f 3152/2981/1 2672/3212/1 2671/3213/1
f 2671/3213/1 2670/2982/1 3152/2981/1
f 2668/2984/1 2667/3214/1 3153/2716/1
f 3153/2716/1 2667/3214/1 2666/2725/1
f 2923/3215/1 2375/3216/1 2847/3217/1
f 2847/3217/1 2375/3216/1 2374/3218/1
f 2847/3217/1 2374/3218/1 2848/3219/1
f 2848/3219/1 2374/3218/1 2849/3220/1
f 2849/3220/1 2374/3218/1 2373/3221/1
f 2849/3220/1 2373/3221/1 2850/3222/1
f 2850/3222/1 2373/3221/1 2851/2610/1
f 2851/2610/1 2373/3221/1 2372/2608/1
f 2923/3215/1 2922/3223/1 2375/3216/1
f 2375/3216/1 2922/3223/1 2376/3224/1
f 2376/3224/1 2922/3223/1 2921/3225/1
f 2376/3224/1 2921/3225/1 2377/3226/1
f 2377/3226/1 2921/3225/1 2920/3227/1
f 2377/3226/1 2920/3227/1 2919/3228/1
f 2377/3226/1 2919/3228/1 2354/3229/1
f 2354/3229/1 2919/3228/1 2918/3230/1
f 2354/3229/1 2918/3230/1 2355/3167/1
f 2355/3167/1 2918/3230/1 2917/3165/1
f 3038/3150/1 2910/3152/1 3039/3231/1
f 3039/3231/1 2910/3152/1 2909/3232/1
f 3039/3231/1 2909/3232/1 3040/3233/1
f 3040/3233/1 2909/3232/1 2908/3234/1
f 3040/3233/1 2908/3234/1 3041/3235/1
f 3041/3235/1 2908/3234/1 3042/3236/1
f 3042/3236/1 2908/3234/1 2907/3237/1
f 3042/3236/1 2907/3237/1 3043/3238/1
f 3043/3238/1 2907/3237/1 2906/3239/1
f 3043/3238/1 2906/3239/1 3044/3240/1
f 3044/3240/1 2906/3239/1 2905/3241/1
f 3044/3240/1 2905/3241/1 3045/2525/1
f 3045/2525/1 2905/3241/1 2904/2523/1
f 3340/3200/1 2993/2811/1 3341/3197/1
f 3341/3197/1 2993/2811/1 2992/2813/1
f 3341/3197/1 2992/2813/1 3318/3195/1
f 3318/3195/1 2992/2813/1 2991/2816/1
f 3318/3195/1 2991/2816/1 3319/3193/1
f 3319/3193/1 2991/2816/1 2990/2818/1
f 3319/3193/1 2990/2818/1 3320/3191/1
f 3320/3191/1 2990/2818/1 2989/2821/1
f 3320/3191/1 2989/2821/1 3152/2981/1
f 3245/2775/1 3244/3253/1 3359/2768/1
f 3359/2768/1 3244/3253/1 3243/2769/1
f 3241/2771/1 3240/3254/1 3360/2764/1
f 3360/2764/1 3240/3254/1 3239/3255/1
f 3360/2764/1 3239/3255/1 3238/2765/1
f 3236/2767/1 3235/3028/1 3343/2761/1
f 3224/3268/1 3223/2773/1 3358/2772/1
f 3270/3270/1 3293/2778/1 3357/2776/1
f 3279/3006/1 3278/3273/1 3333/3004/1
f 3333/3004/1 3278/3273/1 3334/3274/1
f 3334/3274/1 3278/3273/1 3277/3275/1
f 3334/3274/1 3277/3275/1 3335/3210/1
f 3335/3210/1 3277/3275/1 3276/3208/1
f 3325/2987/1 3324/3276/1 3152/2981/1
f 3152/2981/1 3324/3276/1 3323/3277/1
f 3152/2981/1 3323/3277/1 3322/3278/1
f 3322/3278/1 3321/3189/1 3152/2981/1
f 3152/2981/1 3321/3189/1 3320/3191/1
f 2323/2588/1 2322/2583/1 3138/2582/1
f 2127/3279/3 3517/3280/3 43/3281/3
f 43/3281/3 3517/3280/3 44/3282/3
f 44/3282/3 3517/3280/3 3372/3283/3
f 44/3282/3 3372/3283/3 2128/3284/3
